{"type":"FeatureCollection","features":[{"type":"Feature","geometry":{"type":"Polygon","coordinates":[[[121.11328,-9.01464],[121.0978,-9.01424],[121.09778,-9.02358],[121.08898,-9.02356],[121.08903,-9.05273],[121.11328,-9.05273],[121.11328,-9.01464]]]},"properties":{"date":"2021-08-31","year":2021,"res":0.5,"name":"Vivid"}},{"type":"Feature","geometry":{"type":"Polygon","coordinates":[[[120.51398,-8.16658],[120.49805,-8.16781],[120.49804,-8.17383],[120.51392,-8.17383],[120.51398,-8.16658]]]},"properties":{"date":"2021-06-02","year":2021,"res":0.5,"name":"Vivid"}},{"type":"Feature","geometry":{"type":"Polygon","coordinates":[[[120.37339,-8.26151],[120.37243,-8.26172],[120.37339,-8.26172],[120.37339,-8.26151]]]},"properties":{"date":"2021-05-04","year":2021,"res":0.31,"name":"Vivid"}},{"type":"Feature","geometry":{"type":"Polygon","coordinates":[[[120.35707,-8.26172],[120.35522,-8.26134],[120.35431,-8.26172],[120.35707,-8.26172]]]},"properties":{"date":"2021-05-04","year":2021,"res":0.31,"name":"Vivid"}},{"type":"Feature","geometry":{"type":"Polygon","coordinates":[[[120.37339,-8.26151],[120.37358,-8.19044],[120.35069,-8.1905],[120.35026,-8.26172],[120.37339,-8.26151]]]},"properties":{"date":"2021-06-02","year":2021,"res":0.5,"name":"Vivid"}},{"type":"Feature","geometry":{"type":"Polygon","coordinates":[[[121.71515,-8.40511],[121.69562,-8.40444],[121.69615,-8.40692],[121.69596,-8.41701],[121.69673,-8.42109],[121.69828,-8.42362],[121.69846,-8.42522],[121.70174,-8.42595],[121.70245,-8.43522],[121.70313,-8.43637],[121.7054,-8.43743],[121.71523,-8.4375],[121.71515,-8.40511]]]},"properties":{"date":"2017-10-02","year":2017,"res":0.5,"name":"Vivid"}},{"type":"Feature","geometry":{"type":"Polygon","coordinates":[[[121.64686,-8.36354],[121.64544,-8.35991],[121.6453,-8.35409],[121.64208,-8.35274],[121.64062,-8.34961],[121.64067,-8.40342],[121.64242,-8.41667],[121.64202,-8.41802],[121.64299,-8.41907],[121.64359,-8.42367],[121.65145,-8.42538],[121.65224,-8.42698],[121.65655,-8.42837],[121.65682,-8.42966],[121.65909,-8.43138],[121.66276,-8.43268],[121.66378,-8.43455],[121.66895,-8.43564],[121.67071,-8.43715],[121.70762,-8.4375],[121.7054,-8.43743],[121.70313,-8.43637],[121.70242,-8.43506],[121.70174,-8.42595],[121.69846,-8.42522],[121.69828,-8.42362],[121.69673,-8.42109],[121.69596,-8.41701],[121.69615,-8.40692],[121.69562,-8.40444],[121.64687,-8.40277],[121.64686,-8.36354]]]},"properties":{"date":"2017-11-03","year":2017,"res":0.31,"name":"Vivid"}},{"type":"Feature","geometry":{"type":"Polygon","coordinates":[[[121.69953,-8.4375],[121.69831,-8.43729],[121.69594,-8.4375],[121.69953,-8.4375]]]},"properties":{"date":"2019-12-13","year":2019,"res":0.5,"name":"Vivid"}},{"type":"Feature","geometry":{"type":"Polygon","coordinates":[[[121.64686,-8.36354],[121.64686,-8.34961],[121.64063,-8.34961],[121.64208,-8.35274],[121.6453,-8.35409],[121.64544,-8.35991],[121.64686,-8.36354]]]},"properties":{"date":"2017-08-24","year":2017,"res":0.46,"name":"Vivid"}},{"type":"Feature","geometry":{"type":"Polygon","coordinates":[[[121.68679,-8.4375],[121.67504,-8.43682],[121.67071,-8.43715],[121.66895,-8.43564],[121.66378,-8.43455],[121.66276,-8.43268],[121.65909,-8.43138],[121.65682,-8.42966],[121.65655,-8.42837],[121.65224,-8.42698],[121.65145,-8.42538],[121.64359,-8.42367],[121.64299,-8.41907],[121.64202,-8.41802],[121.64242,-8.41667],[121.64067,-8.40342],[121.64062,-8.39263],[121.64062,-8.4375],[121.68679,-8.4375]]]},"properties":{"date":"2019-08-24","year":2019,"res":0.31,"name":"Vivid"}},{"type":"Feature","geometry":{"type":"Polygon","coordinates":[[[122.35383,-8.31609],[122.35474,-8.31032],[122.35301,-8.30488],[122.353,-8.30071],[122.34932,-8.29442],[122.3484,-8.28865],[122.3472,-8.287],[122.34757,-8.28249],[122.34697,-8.2796],[122.34844,-8.27688],[122.34824,-8.26903],[122.34644,-8.26355],[122.34375,-8.26172],[122.34375,-8.31644],[122.35383,-8.31609]]]},"properties":{"date":"2017-08-25","year":2017,"res":0.5,"name":"Vivid"}},{"type":"Feature","geometry":{"type":"Polygon","coordinates":[[[122.42239,-8.31625],[122.42245,-8.34961],[122.43164,-8.34961],[122.43164,-8.26172],[122.34429,-8.26172],[122.3467,-8.264],[122.34824,-8.26903],[122.34844,-8.27688],[122.34697,-8.2796],[122.34757,-8.28249],[122.3472,-8.287],[122.3484,-8.28865],[122.34932,-8.29442],[122.353,-8.30071],[122.35301,-8.30488],[122.35474,-8.31032],[122.35383,-8.31609],[122.42239,-8.31376],[122.42239,-8.31625]]]},"properties":{"date":"2020-08-30","year":2020,"res":0.46,"name":"Vivid"}},{"type":"Feature","geometry":{"type":"Polygon","coordinates":[[[122.42239,-8.31625],[122.42239,-8.31376],[122.38049,-8.31518],[122.34375,-8.31644],[122.34375,-8.31894],[122.42239,-8.31625]]]},"properties":{"date":"2021-06-05","year":2021,"res":0.5,"name":"Vivid"}},{"type":"Feature","geometry":{"type":"Polygon","coordinates":[[[121.02539,-8.4375],[121.0254,-8.4375],[121.02539,-8.4375]]]},"properties":{"date":"2021-11-22","year":2021,"res":0.46,"name":"Vivid"}},{"type":"Feature","geometry":{"type":"Polygon","coordinates":[[[122.25729,-8.43815],[122.25705,-8.4381],[122.25724,-8.43815],[122.25729,-8.43815]]]},"properties":{"date":"2019-10-17","year":2019,"res":0.5,"name":"Vivid"}},{"type":"Feature","geometry":{"type":"Polygon","coordinates":[[[122.25693,-8.43806],[122.25682,-8.43802],[122.25687,-8.43805],[122.25693,-8.43806]]]},"properties":{"date":"2019-10-17","year":2019,"res":0.5,"name":"Vivid"}},{"type":"Feature","geometry":{"type":"Polygon","coordinates":[[[122.25673,-8.43798],[122.25673,-8.43797],[122.25665,-8.43793],[122.25673,-8.43798]]]},"properties":{"date":"2019-10-17","year":2019,"res":0.5,"name":"Vivid"}},{"type":"Feature","geometry":{"type":"Polygon","coordinates":[]},"properties":{"date":"2019-10-17","year":2019,"res":0.5,"name":"Vivid"}},{"type":"Feature","geometry":{"type":"Polygon","coordinates":[[[122.25586,-8.47311],[122.25586,-8.4375],[122.25308,-8.4375],[122.253,-8.47433],[122.25586,-8.47311]]]},"properties":{"date":"2019-10-17","year":2019,"res":0.5,"name":"Vivid"}},{"type":"Feature","geometry":{"type":"Polygon","coordinates":[[[122.21163,-8.4375],[122.20872,-8.43682],[122.19267,-8.4366],[122.18256,-8.43742],[122.16915,-8.4375],[122.21163,-8.4375]]]},"properties":{"date":"2019-10-17","year":2019,"res":0.5,"name":"Vivid"}},{"type":"Feature","geometry":{"type":"Polygon","coordinates":[[[122.22407,-8.4375],[122.22026,-8.43358],[122.2185,-8.43335],[122.21463,-8.43386],[122.21385,-8.43475],[122.21376,-8.43613],[122.21197,-8.4375],[122.22407,-8.4375]]]},"properties":{"date":"2019-10-17","year":2019,"res":0.5,"name":"Vivid"}},{"type":"Feature","geometry":{"type":"Polygon","coordinates":[[[122.25178,-8.4375],[122.25302,-8.42862],[122.219,-8.43124],[122.2197,-8.43233],[122.22123,-8.43291],[122.22179,-8.4345],[122.22467,-8.43737],[122.25178,-8.4375]]]},"properties":{"date":"2019-10-17","year":2019,"res":0.5,"name":"Vivid"}},{"type":"Feature","geometry":{"type":"Polygon","coordinates":[[[122.25729,-8.43815],[122.25754,-8.43812],[122.25662,-8.43791],[122.25729,-8.43815]]]},"properties":{"date":"2019-10-23","year":2019,"res":0.46,"name":"Vivid"}},{"type":"Feature","geometry":{"type":"Polygon","coordinates":[]},"properties":{"date":"2019-10-23","year":2019,"res":0.46,"name":"Vivid"}},{"type":"Feature","geometry":{"type":"Polygon","coordinates":[[[122.25586,-8.4375],[122.25586,-8.4284],[122.25302,-8.42862],[122.25178,-8.4375],[122.25586,-8.4375]]]},"properties":{"date":"2019-10-23","year":2019,"res":0.46,"name":"Vivid"}},{"type":"Feature","geometry":{"type":"Polygon","coordinates":[[[122.25586,-8.47311],[122.253,-8.47433],[122.253,-8.47626],[122.25586,-8.47636],[122.25586,-8.47311]]]},"properties":{"date":"2020-09-23","year":2020,"res":0.5,"name":"Vivid"}},{"type":"Feature","geometry":{"type":"Polygon","coordinates":[[[121.81531,-8.4375],[121.81388,-8.43726],[121.80958,-8.4375],[121.81531,-8.4375]]]},"properties":{"date":"2021-12-20","year":2021,"res":0.5,"name":"Vivid"}},{"type":"Feature","geometry":{"type":"Polygon","coordinates":[[[121.75079,-8.4375],[121.73953,-8.43625],[121.72853,-8.4375],[121.75079,-8.4375]]]},"properties":{"date":"2021-12-20","year":2021,"res":0.5,"name":"Vivid"}},{"type":"Feature","geometry":{"type":"Polygon","coordinates":[[[121.81531,-8.4375],[121.8164,-8.4375],[121.8164,-8.40717],[121.71515,-8.40717],[121.71523,-8.4375],[121.72853,-8.4375],[121.73953,-8.43625],[121.75079,-8.4375],[121.81531,-8.4375]]]},"properties":{"date":"2021-12-20","year":2021,"res":0.5,"name":"Vivid"}},{"type":"Feature","geometry":{"type":"Polygon","coordinates":[[[122.02813,-8.42314],[122.05831,-8.42409],[122.05834,-8.4375],[122.08008,-8.4375],[122.08008,-8.40717],[122.0164,-8.40717],[122.00458,-8.40835],[122.00457,-8.42238],[122.02813,-8.42314]]]},"properties":{"date":"2022-07-02","year":2022,"res":0.46,"name":"Vivid"}},{"type":"Feature","geometry":{"type":"Polygon","coordinates":[[[122.219,-8.43124],[122.18117,-8.43415],[122.18115,-8.40717],[122.16797,-8.40717],[122.16797,-8.4375],[122.18256,-8.43742],[122.19267,-8.4366],[122.20872,-8.43682],[122.21197,-8.4375],[122.21376,-8.43613],[122.21385,-8.43475],[122.21463,-8.43386],[122.2185,-8.43335],[122.22026,-8.43358],[122.22407,-8.4375],[122.22886,-8.4375],[122.22409,-8.43715],[122.22179,-8.4345],[122.22123,-8.43291],[122.2197,-8.43233],[122.219,-8.43124]]]},"properties":{"date":"2022-08-08","year":2022,"res":0.31,"name":"Vivid"}},{"type":"Feature","geometry":{"type":"Polygon","coordinates":[[[121.88702,-8.4375],[121.90429,-8.4375],[121.90429,-8.41499],[121.86475,-8.41831],[121.86469,-8.4375],[121.88702,-8.4375]]]},"properties":{"date":"2022-08-10","year":2022,"res":0.46,"name":"Vivid"}},{"type":"Feature","geometry":{"type":"Polygon","coordinates":[[[122.78321,-8.08593],[122.78321,-8.08122],[122.75304,-8.08535],[122.75302,-8.08593],[122.78321,-8.08593]]]},"properties":{"date":"2022-08-04","year":2022,"res":0.46,"name":"Vivid"}},{"type":"Feature","geometry":{"type":"Polygon","coordinates":[[[122.3808,-8.52647],[122.38073,-8.52645],[122.38078,-8.52647],[122.3808,-8.52647]]]},"properties":{"date":"2020-08-30","year":2020,"res":0.46,"name":"Vivid"}},{"type":"Feature","geometry":{"type":"Polygon","coordinates":[[[122.38113,-8.52643],[122.38111,-8.52643],[122.38114,-8.52644],[122.38113,-8.52643]]]},"properties":{"date":"2020-08-30","year":2020,"res":0.46,"name":"Vivid"}},{"type":"Feature","geometry":{"type":"Polygon","coordinates":[[[122.3807,-8.52644],[122.38068,-8.52642],[122.38065,-8.52642],[122.3807,-8.52644]]]},"properties":{"date":"2020-08-30","year":2020,"res":0.46,"name":"Vivid"}},{"type":"Feature","geometry":{"type":"Polygon","coordinates":[[[122.38062,-8.52642],[122.38062,-8.52641],[122.38062,-8.52642]]]},"properties":{"date":"2020-08-30","year":2020,"res":0.46,"name":"Vivid"}},{"type":"Feature","geometry":{"type":"Polygon","coordinates":[[[122.38113,-8.52643],[122.38083,-8.52615],[122.38062,-8.52641],[122.38113,-8.52643]]]},"properties":{"date":"2021-09-07","year":2021,"res":0.31,"name":"Vivid"}},{"type":"Feature","geometry":{"type":"Polygon","coordinates":[[[122.37955,-8.52618],[122.37946,-8.52602],[122.37925,-8.5261],[122.37955,-8.52618]]]},"properties":{"date":"2021-09-07","year":2021,"res":0.31,"name":"Vivid"}},{"type":"Feature","geometry":{"type":"Polygon","coordinates":[[[122.38766,-8.52539],[122.38765,-8.52539],[122.38766,-8.52539]]]},"properties":{"date":"2021-09-07","year":2021,"res":0.31,"name":"Vivid"}},{"type":"Feature","geometry":{"type":"Polygon","coordinates":[]},"properties":{"date":"2021-09-07","year":2021,"res":0.31,"name":"Vivid"}},{"type":"Feature","geometry":{"type":"Polygon","coordinates":[[[122.34374,-8.31895],[122.34375,-8.31895],[122.34375,-8.31894],[122.34374,-8.31895]]]},"properties":{"date":"2021-06-05","year":2021,"res":0.5,"name":"Vivid"}},{"type":"Feature","geometry":{"type":"Polygon","coordinates":[[[121.8164,-8.40717],[121.8164,-8.39225],[121.72851,-8.39235],[121.72851,-8.40557],[121.71515,-8.40511],[121.71515,-8.40717],[121.8164,-8.40717]]]},"properties":{"date":"2021-12-20","year":2021,"res":0.5,"name":"Vivid"}},{"type":"Feature","geometry":{"type":"Polygon","coordinates":[[[122.18115,-8.40717],[122.18108,-8.34961],[122.16797,-8.34961],[122.16797,-8.40717],[122.18115,-8.40717]]]},"properties":{"date":"2022-08-08","year":2022,"res":0.31,"name":"Vivid"}},{"type":"Feature","geometry":{"type":"Polygon","coordinates":[[[122.70998,-8.34961],[122.71005,-8.08593],[122.69532,-8.08593],[122.69532,-8.34961],[122.70998,-8.34961]]]},"properties":{"date":"2021-08-31","year":2021,"res":0.31,"name":"Vivid"}},{"type":"Feature","geometry":{"type":"Polygon","coordinates":[[[121.64686,-8.34961],[121.65073,-8.34961],[121.6509,-8.26327],[121.66646,-8.26396],[121.66646,-8.26172],[121.64062,-8.26172],[121.64062,-8.34961],[121.64686,-8.34961]]]},"properties":{"date":"2017-08-24","year":2017,"res":0.46,"name":"Vivid"}},{"type":"Feature","geometry":{"type":"Polygon","coordinates":[[[122.34375,-8.31894],[122.34374,-8.31894],[122.34374,-8.31895],[122.34375,-8.31894]]]},"properties":{"date":"2019-10-23","year":2019,"res":0.46,"name":"Vivid"}},{"type":"Feature","geometry":{"type":"Polygon","coordinates":[[[120.37339,-8.26172],[120.37352,-8.21833],[120.37363,-8.17383],[120.37339,-8.26172]]]},"properties":{"date":"2023-05-07","year":2023,"res":0.5,"name":"Vivid"}},{"type":"Feature","geometry":{"type":"Polygon","coordinates":[[[122.39394,-8.70231],[122.39394,-8.7023],[122.39393,-8.7023],[122.39394,-8.70231]]]},"properties":{"date":"2019-07-11","year":2019,"res":0.5,"name":"Vivid"}},{"type":"Feature","geometry":{"type":"Polygon","coordinates":[[[122.39318,-8.70207],[122.3935,-8.70241],[122.39392,-8.70231],[122.39318,-8.70207]]]},"properties":{"date":"2019-07-11","year":2019,"res":0.5,"name":"Vivid"}},{"type":"Feature","geometry":{"type":"Polygon","coordinates":[[[122.3878,-8.70118],[122.38778,-8.70118],[122.38779,-8.70119],[122.3878,-8.70118]]]},"properties":{"date":"2019-07-11","year":2019,"res":0.5,"name":"Vivid"}},{"type":"Feature","geometry":{"type":"Polygon","coordinates":[[[122.38777,-8.70118],[122.38772,-8.70117],[122.38775,-8.70119],[122.38777,-8.70118]]]},"properties":{"date":"2019-07-11","year":2019,"res":0.5,"name":"Vivid"}},{"type":"Feature","geometry":{"type":"Polygon","coordinates":[[[122.02813,-8.42314],[122.01201,-8.42264],[122.02783,-8.42314],[122.02813,-8.42314]]]},"properties":{"date":"2023-05-06","year":2023,"res":0.46,"name":"Vivid"}},{"type":"Feature","geometry":{"type":"Polygon","coordinates":[[[122.00975,-8.42255],[122.00975,-8.42254],[122.0096,-8.42254],[122.00975,-8.42255]]]},"properties":{"date":"2023-05-06","year":2023,"res":0.46,"name":"Vivid"}},{"type":"Feature","geometry":{"type":"Polygon","coordinates":[[[122.00806,-8.4225],[122.00806,-8.42249],[122.00667,-8.42245],[122.00806,-8.4225]]]},"properties":{"date":"2023-05-06","year":2023,"res":0.46,"name":"Vivid"}},{"type":"Feature","geometry":{"type":"Polygon","coordinates":[[[122.0164,-8.40717],[122.08008,-8.40086],[122.08008,-8.34961],[122.00463,-8.34961],[122.00458,-8.40835],[122.0164,-8.40717]]]},"properties":{"date":"2019-10-17","year":2019,"res":0.5,"name":"Vivid"}},{"type":"Feature","geometry":{"type":"Polygon","coordinates":[[[120.0586,-8.52538],[120.0586,-8.52539],[120.0586,-8.52538]]]},"properties":{"date":"2019-05-15","year":2019,"res":0.31,"name":"Vivid"}},{"type":"Feature","geometry":{"type":"Polygon","coordinates":[[[122.34375,-8.70117],[122.34373,-8.70117],[122.34375,-8.70117]]]},"properties":{"date":"2018-09-25","year":2018,"res":0.31,"name":"Vivid"}},{"type":"Feature","geometry":{"type":"Polygon","coordinates":[[[120.9375,-8.3496],[120.9375,-8.26172],[120.80154,-8.26172],[120.9375,-8.3496]]]},"properties":{"date":"2024-02-01","year":2024,"res":0.5,"name":"Vivid"}},{"type":"Feature","geometry":{"type":"Polygon","coordinates":[[[122.51953,-8.78049],[122.51952,-8.77429],[122.51951,-8.78047],[122.51953,-8.78049]]]},"properties":{"date":"2022-03-20","year":2022,"res":0.5,"name":"Vivid"}},{"type":"Feature","geometry":{"type":"Polygon","coordinates":[[[120.9375,-8.51392],[120.9375,-8.51385],[120.9375,-8.52538],[120.9375,-8.51392]]]},"properties":{"date":"2024-02-01","year":2024,"res":0.5,"name":"Vivid"}},{"type":"Feature","geometry":{"type":"Polygon","coordinates":[[[122.34375,-8.31894],[122.34375,-8.31896],[122.42239,-8.31625],[122.34375,-8.31894]]]},"properties":{"date":"2021-06-05","year":2021,"res":0.5,"name":"Vivid"}},{"type":"Feature","geometry":{"type":"Polygon","coordinates":[[[122.253,-8.47433],[122.25308,-8.4375],[122.25299,-8.47626],[122.253,-8.47433]]]},"properties":{"date":"2023-04-11","year":2023,"res":0.31,"name":"Vivid"}},{"type":"Feature","geometry":{"type":"Polygon","coordinates":[[[122.51953,-8.78049],[122.51949,-8.78906],[122.51953,-8.78906],[122.51953,-8.78049]]]},"properties":{"date":"2020-03-24","year":2020,"res":0.31,"name":"Vivid"}},{"type":"Feature","geometry":{"type":"Polygon","coordinates":[[[122.60741,-8.4375],[122.60742,-8.4375],[122.60741,-8.4375]]]},"properties":{"date":"2021-08-23","year":2021,"res":0.5,"name":"Vivid"}},{"type":"Feature","geometry":{"type":"Polygon","coordinates":[[[122.60741,-8.4375],[122.60742,-8.4375],[122.6074,-8.4375],[122.60741,-8.4375]]]},"properties":{"date":"2024-09-30","year":2024,"res":0.31,"name":"Vivid"}},{"type":"Feature","geometry":{"type":"Polygon","coordinates":[[[120.45422,-8.78904],[120.45427,-8.79823],[120.4575,-8.80029],[120.46006,-8.80049],[120.4618,-8.79961],[120.46505,-8.79979],[120.46928,-8.79879],[120.47876,-8.79879],[120.48246,-8.79746],[120.48803,-8.79791],[120.49112,-8.79573],[120.49466,-8.79484],[120.49521,-8.79274],[120.49804,-8.78906],[120.49493,-8.78724],[120.48999,-8.78654],[120.48553,-8.7867],[120.48252,-8.7859],[120.48149,-8.78488],[120.47733,-8.78434],[120.47367,-8.7854],[120.47216,-8.78523],[120.47022,-8.78629],[120.46518,-8.78625],[120.45791,-8.78759],[120.45422,-8.78904]]]},"properties":{"date":"2023-09-15","year":2023,"res":0.5,"name":"Vivid"}},{"type":"Feature","geometry":{"type":"Polygon","coordinates":[[[120.23438,-8.87694],[120.23437,-8.87693],[120.23437,-8.87695],[120.23438,-8.87694]]]},"properties":{"date":"2023-09-15","year":2023,"res":0.5,"name":"Vivid"}},{"type":"Feature","geometry":{"type":"Polygon","coordinates":[[[120.23438,-8.83304],[120.23437,-8.83302],[120.23437,-8.83304],[120.23438,-8.83304]]]},"properties":{"date":"2023-09-15","year":2023,"res":0.5,"name":"Vivid"}},{"type":"Feature","geometry":{"type":"Polygon","coordinates":[[[120.23441,-8.78916],[120.23437,-8.83301],[120.23519,-8.83025],[120.23441,-8.82672],[120.23513,-8.82339],[120.23445,-8.81405],[120.23617,-8.80788],[120.23594,-8.80466],[120.23443,-8.80144],[120.23591,-8.79726],[120.23568,-8.79494],[120.23447,-8.79225],[120.23441,-8.78916]]]},"properties":{"date":"2023-09-15","year":2023,"res":0.5,"name":"Vivid"}},{"type":"Feature","geometry":{"type":"Polygon","coordinates":[[[120.23437,-8.87695],[120.23437,-8.96484],[120.32226,-8.96484],[120.32226,-8.87695],[120.3194,-8.8788],[120.31287,-8.87967],[120.30969,-8.8813],[120.30069,-8.88103],[120.29474,-8.88189],[120.29215,-8.88086],[120.28793,-8.88091],[120.28445,-8.87781],[120.27828,-8.87696],[120.27775,-8.87953],[120.27362,-8.88122],[120.27148,-8.88314],[120.2685,-8.88388],[120.26455,-8.88247],[120.26136,-8.88277],[120.25772,-8.88175],[120.25508,-8.87921],[120.25122,-8.87819],[120.23437,-8.87695]]]},"properties":{"date":"2025-02-20","year":2025,"res":0.31,"name":"Vivid"}},{"type":"Feature","geometry":{"type":"Polygon","coordinates":[[[120.54169,-8.85395],[120.57385,-8.84985],[120.58594,-8.84974],[120.58595,-8.83294],[120.58727,-8.82191],[120.58815,-8.81998],[120.58799,-8.81173],[120.58666,-8.80933],[120.5878,-8.80746],[120.58608,-8.79855],[120.58595,-8.79486],[120.58684,-8.79324],[120.58594,-8.78906],[120.58418,-8.79036],[120.581,-8.78942],[120.57667,-8.78979],[120.57428,-8.7892],[120.57327,-8.78975],[120.56933,-8.78909],[120.56653,-8.78962],[120.5656,-8.79068],[120.5618,-8.79127],[120.55531,-8.78926],[120.5431,-8.78959],[120.54186,-8.78906],[120.53815,-8.79065],[120.53497,-8.7901],[120.52477,-8.79263],[120.52271,-8.79413],[120.52057,-8.7942],[120.51551,-8.793],[120.50512,-8.79244],[120.49804,-8.78906],[120.49793,-8.79274],[120.4969,-8.79375],[120.49632,-8.79719],[120.49396,-8.8028],[120.49323,-8.80948],[120.49374,-8.81361],[120.4949,-8.81537],[120.4961,-8.81593],[120.49778,-8.82069],[120.49804,-8.8582],[120.51041,-8.85635],[120.54169,-8.85395]]]},"properties":{"date":"2025-04-04","year":2025,"res":0.31,"name":"Vivid"}},{"type":"Feature","geometry":{"type":"Polygon","coordinates":[[[120.49809,-8.85889],[120.49778,-8.82069],[120.4961,-8.81593],[120.4949,-8.81537],[120.49374,-8.81361],[120.49323,-8.80948],[120.49396,-8.8028],[120.49632,-8.79719],[120.4969,-8.79375],[120.49793,-8.79274],[120.49804,-8.78906],[120.49521,-8.79274],[120.49466,-8.79484],[120.49112,-8.79573],[120.48803,-8.79791],[120.48246,-8.79746],[120.47876,-8.79879],[120.46928,-8.79879],[120.46505,-8.79979],[120.4618,-8.79961],[120.46006,-8.80049],[120.4575,-8.80029],[120.45427,-8.79823],[120.45424,-8.78908],[120.45379,-8.78985],[120.45267,-8.79001],[120.44921,-8.78906],[120.44378,-8.78946],[120.43777,-8.79134],[120.43294,-8.79158],[120.4276,-8.79338],[120.42548,-8.79346],[120.42191,-8.79252],[120.42067,-8.79038],[120.41957,-8.79033],[120.41776,-8.79148],[120.4153,-8.79152],[120.41262,-8.78996],[120.41072,-8.78993],[120.41041,-8.78917],[120.40821,-8.78818],[120.40671,-8.78841],[120.40572,-8.78699],[120.39891,-8.7881],[120.39878,-8.79101],[120.40027,-8.7942],[120.40227,-8.79588],[120.40291,-8.79784],[120.40113,-8.80348],[120.40093,-8.80777],[120.40117,-8.81252],[120.40254,-8.81477],[120.40233,-8.81815],[120.40316,-8.82132],[120.4023,-8.82505],[120.40145,-8.82589],[120.39955,-8.82626],[120.3986,-8.8283],[120.39833,-8.87695],[120.49804,-8.87695],[120.49809,-8.85889]]]},"properties":{"date":"2025-08-09","year":2025,"res":0.34,"name":"Vivid"}},{"type":"Feature","geometry":{"type":"Polygon","coordinates":[[[120.49805,-8.87617],[120.49804,-8.87695],[120.58594,-8.87695],[120.58723,-8.87516],[120.58842,-8.86949],[120.58878,-8.85942],[120.5881,-8.85061],[120.58592,-8.84971],[120.57385,-8.84985],[120.55106,-8.85307],[120.51041,-8.85635],[120.49811,-8.85809],[120.49805,-8.87617]]]},"properties":{"date":"2025-09-01","year":2025,"res":0.34,"name":"Vivid"}},{"type":"Feature","geometry":{"type":"Polygon","coordinates":[[[120.08148,-8.79787],[120.08095,-8.79925],[120.07509,-8.8041],[120.07554,-8.81659],[120.07735,-8.82343],[120.08327,-8.8259],[120.08473,-8.82746],[120.08593,-8.82577],[120.08601,-8.82391],[120.08716,-8.82203],[120.08667,-8.80108],[120.08332,-8.79997],[120.08315,-8.79892],[120.08148,-8.79787]]]},"properties":{"date":"2019-06-22","year":2019,"res":0.31,"name":"Vivid"}},{"type":"Feature","geometry":{"type":"Polygon","coordinates":[]},"properties":{"date":"2019-06-22","year":2019,"res":0.31,"name":"Vivid"}},{"type":"Feature","geometry":{"type":"Polygon","coordinates":[[[120.01863,-8.7923],[120.01862,-8.7923],[120.01862,-8.7923],[120.01863,-8.7923]]]},"properties":{"date":"2019-06-22","year":2019,"res":0.31,"name":"Vivid"}},{"type":"Feature","geometry":{"type":"Polygon","coordinates":[[[120.01862,-8.79229],[120.01861,-8.7923],[120.01862,-8.7923],[120.01862,-8.79229]]]},"properties":{"date":"2019-06-22","year":2019,"res":0.31,"name":"Vivid"}},{"type":"Feature","geometry":{"type":"Polygon","coordinates":[[[120.01861,-8.79229],[120.0186,-8.79227],[120.01858,-8.79227],[120.01861,-8.79229]]]},"properties":{"date":"2019-06-22","year":2019,"res":0.31,"name":"Vivid"}},{"type":"Feature","geometry":{"type":"Polygon","coordinates":[[[120.01856,-8.79223],[120.01848,-8.79217],[120.01858,-8.79227],[120.01856,-8.79223]]]},"properties":{"date":"2019-06-22","year":2019,"res":0.31,"name":"Vivid"}},{"type":"Feature","geometry":{"type":"Polygon","coordinates":[[[120.04032,-8.79936],[120.04035,-8.79935],[120.04032,-8.79935],[120.04032,-8.79936]]]},"properties":{"date":"2019-06-22","year":2019,"res":0.31,"name":"Vivid"}},{"type":"Feature","geometry":{"type":"Polygon","coordinates":[]},"properties":{"date":"2019-06-22","year":2019,"res":0.31,"name":"Vivid"}},{"type":"Feature","geometry":{"type":"Polygon","coordinates":[[[120.04031,-8.79935],[120.04029,-8.79934],[120.04029,-8.79935],[120.04031,-8.79935]]]},"properties":{"date":"2019-06-22","year":2019,"res":0.31,"name":"Vivid"}},{"type":"Feature","geometry":{"type":"Polygon","coordinates":[[[120.04027,-8.79934],[120.04026,-8.79934],[120.04027,-8.79934]]]},"properties":{"date":"2019-06-22","year":2019,"res":0.31,"name":"Vivid"}},{"type":"Feature","geometry":{"type":"Polygon","coordinates":[[[120.03899,-8.79918],[120.03898,-8.79919],[120.039,-8.79918],[120.03899,-8.79918]]]},"properties":{"date":"2019-06-22","year":2019,"res":0.31,"name":"Vivid"}},{"type":"Feature","geometry":{"type":"Polygon","coordinates":[[[120.03972,-8.79912],[120.03973,-8.79911],[120.03972,-8.79911],[120.03972,-8.79912]]]},"properties":{"date":"2019-06-22","year":2019,"res":0.31,"name":"Vivid"}},{"type":"Feature","geometry":{"type":"Polygon","coordinates":[]},"properties":{"date":"2019-06-22","year":2019,"res":0.31,"name":"Vivid"}},{"type":"Feature","geometry":{"type":"Polygon","coordinates":[[[120.03969,-8.7991],[120.03972,-8.79911],[120.03972,-8.7991],[120.03969,-8.7991]]]},"properties":{"date":"2019-06-22","year":2019,"res":0.31,"name":"Vivid"}},{"type":"Feature","geometry":{"type":"Polygon","coordinates":[[[120.03968,-8.7991],[120.03969,-8.7991],[120.03969,-8.7991],[120.03968,-8.7991]]]},"properties":{"date":"2019-06-22","year":2019,"res":0.31,"name":"Vivid"}},{"type":"Feature","geometry":{"type":"Polygon","coordinates":[[[120.03954,-8.79908],[120.03955,-8.79908],[120.03954,-8.79908]]]},"properties":{"date":"2019-06-22","year":2019,"res":0.31,"name":"Vivid"}},{"type":"Feature","geometry":{"type":"Polygon","coordinates":[[[120.03952,-8.79906],[120.03949,-8.79907],[120.03952,-8.79907],[120.03952,-8.79906]]]},"properties":{"date":"2019-06-22","year":2019,"res":0.31,"name":"Vivid"}},{"type":"Feature","geometry":{"type":"Polygon","coordinates":[[[120.03947,-8.79906],[120.03945,-8.79905],[120.03945,-8.79906],[120.03947,-8.79906]]]},"properties":{"date":"2019-06-22","year":2019,"res":0.31,"name":"Vivid"}},{"type":"Feature","geometry":{"type":"Polygon","coordinates":[[[120.01905,-8.79272],[120.02049,-8.79452],[120.02266,-8.79527],[120.02409,-8.79814],[120.03208,-8.8002],[120.0369,-8.80029],[120.03895,-8.79919],[120.02975,-8.79709],[120.02817,-8.79597],[120.02365,-8.79569],[120.01905,-8.79272]]]},"properties":{"date":"2019-06-22","year":2019,"res":0.31,"name":"Vivid"}},{"type":"Feature","geometry":{"type":"Polygon","coordinates":[[[120.0187,-8.7925],[120.0187,-8.79249],[120.0187,-8.7925]]]},"properties":{"date":"2019-06-22","year":2019,"res":0.31,"name":"Vivid"}},{"type":"Feature","geometry":{"type":"Polygon","coordinates":[[[120.01868,-8.79245],[120.0187,-8.79249],[120.0187,-8.79247],[120.01868,-8.79245]]]},"properties":{"date":"2019-06-22","year":2019,"res":0.31,"name":"Vivid"}},{"type":"Feature","geometry":{"type":"Polygon","coordinates":[[[120.01868,-8.79239],[120.01868,-8.79238],[120.01868,-8.79239]]]},"properties":{"date":"2019-06-22","year":2019,"res":0.31,"name":"Vivid"}},{"type":"Feature","geometry":{"type":"Polygon","coordinates":[[[120.01865,-8.79237],[120.01867,-8.79238],[120.01864,-8.79234],[120.01865,-8.79237]]]},"properties":{"date":"2019-06-22","year":2019,"res":0.31,"name":"Vivid"}},{"type":"Feature","geometry":{"type":"Polygon","coordinates":[[[120.04453,-8.80001],[120.04454,-8.8],[120.04453,-8.8],[120.04453,-8.80001]]]},"properties":{"date":"2019-06-22","year":2019,"res":0.31,"name":"Vivid"}},{"type":"Feature","geometry":{"type":"Polygon","coordinates":[[[120.0445,-8.79999],[120.0445,-8.79998],[120.0445,-8.79999]]]},"properties":{"date":"2019-06-22","year":2019,"res":0.31,"name":"Vivid"}},{"type":"Feature","geometry":{"type":"Polygon","coordinates":[[[120.0445,-8.79998],[120.04449,-8.79998],[120.0445,-8.79998]]]},"properties":{"date":"2019-06-22","year":2019,"res":0.31,"name":"Vivid"}},{"type":"Feature","geometry":{"type":"Polygon","coordinates":[[[120.04448,-8.79997],[120.04425,-8.79983],[120.04429,-8.79993],[120.04448,-8.79997]]]},"properties":{"date":"2019-06-22","year":2019,"res":0.31,"name":"Vivid"}},{"type":"Feature","geometry":{"type":"Polygon","coordinates":[[[120.04508,-8.80009],[120.04456,-8.80002],[120.04758,-8.80052],[120.04886,-8.79871],[120.04508,-8.80009]]]},"properties":{"date":"2019-06-22","year":2019,"res":0.31,"name":"Vivid"}},{"type":"Feature","geometry":{"type":"Polygon","coordinates":[[[120.04215,-8.79958],[120.04206,-8.79958],[120.04211,-8.79959],[120.04215,-8.79958]]]},"properties":{"date":"2019-06-22","year":2019,"res":0.31,"name":"Vivid"}},{"type":"Feature","geometry":{"type":"Polygon","coordinates":[[[120.04224,-8.79955],[120.04232,-8.79956],[120.04239,-8.79952],[120.04224,-8.79955]]]},"properties":{"date":"2019-06-22","year":2019,"res":0.31,"name":"Vivid"}},{"type":"Feature","geometry":{"type":"Polygon","coordinates":[[[120.04185,-8.7995],[120.04155,-8.79955],[120.04202,-8.79956],[120.04185,-8.7995]]]},"properties":{"date":"2019-06-22","year":2019,"res":0.31,"name":"Vivid"}},{"type":"Feature","geometry":{"type":"Polygon","coordinates":[[[120.04263,-8.79943],[120.04239,-8.79952],[120.04315,-8.79956],[120.04263,-8.79943]]]},"properties":{"date":"2019-06-22","year":2019,"res":0.31,"name":"Vivid"}},{"type":"Feature","geometry":{"type":"Polygon","coordinates":[[[120.04088,-8.79952],[120.04092,-8.79952],[120.04078,-8.79942],[120.04088,-8.79952]]]},"properties":{"date":"2019-06-22","year":2019,"res":0.31,"name":"Vivid"}},{"type":"Feature","geometry":{"type":"Polygon","coordinates":[[[120.04046,-8.7994],[120.04068,-8.79936],[120.04037,-8.79936],[120.04046,-8.7994]]]},"properties":{"date":"2019-06-22","year":2019,"res":0.31,"name":"Vivid"}},{"type":"Feature","geometry":{"type":"Polygon","coordinates":[[[120.05349,-8.79594],[120.0535,-8.79593],[120.05349,-8.79593],[120.05349,-8.79594]]]},"properties":{"date":"2019-06-22","year":2019,"res":0.31,"name":"Vivid"}},{"type":"Feature","geometry":{"type":"Polygon","coordinates":[[[120.05359,-8.79567],[120.05359,-8.79567],[120.05359,-8.79567]]]},"properties":{"date":"2019-06-22","year":2019,"res":0.31,"name":"Vivid"}},{"type":"Feature","geometry":{"type":"Polygon","coordinates":[[[120.05359,-8.79554],[120.05359,-8.79566],[120.05361,-8.79552],[120.05359,-8.79554]]]},"properties":{"date":"2019-06-22","year":2019,"res":0.31,"name":"Vivid"}},{"type":"Feature","geometry":{"type":"Polygon","coordinates":[[[119.92662,-8.87698],[119.93019,-8.8744],[119.93509,-8.87282],[119.94461,-8.87205],[119.95585,-8.87381],[119.95908,-8.87332],[119.96136,-8.87385],[119.96154,-8.87441],[119.96454,-8.87418],[119.96775,-8.87552],[119.96803,-8.87638],[119.97071,-8.87695],[119.96977,-8.87484],[119.97033,-8.86967],[119.9691,-8.86809],[119.96834,-8.86535],[119.96791,-8.85867],[119.96874,-8.85535],[119.96809,-8.8524],[119.96922,-8.84929],[119.96822,-8.84407],[119.97017,-8.8405],[119.97081,-8.83323],[119.97061,-8.83224],[119.96934,-8.83147],[119.96955,-8.82938],[119.96857,-8.82462],[119.96951,-8.82187],[119.9703,-8.82146],[119.97101,-8.81851],[119.97071,-8.81757],[119.97299,-8.81887],[119.97643,-8.81749],[119.97601,-8.81341],[119.97683,-8.81104],[119.97673,-8.80567],[119.97541,-8.802],[119.97382,-8.80031],[119.97427,-8.7973],[119.97259,-8.79356],[119.97305,-8.79186],[119.97071,-8.78906],[119.96517,-8.78867],[119.96347,-8.78939],[119.95995,-8.78949],[119.95589,-8.78826],[119.95168,-8.78947],[119.94663,-8.78778],[119.94186,-8.78867],[119.93679,-8.78826],[119.93452,-8.78906],[119.93377,-8.78863],[119.93365,-8.78653],[119.92906,-8.78592],[119.9273,-8.78688],[119.92672,-8.79044],[119.92531,-8.7934],[119.92375,-8.79354],[119.91779,-8.79155],[119.91947,-8.80084],[119.91921,-8.80547],[119.91746,-8.81072],[119.91909,-8.81582],[119.91842,-8.81967],[119.91846,-8.82732],[119.91984,-8.8297],[119.92003,-8.83301],[119.91851,-8.83327],[119.9157,-8.83507],[119.91345,-8.83534],[119.91029,-8.83785],[119.90949,-8.83921],[119.91127,-8.84866],[119.91228,-8.84948],[119.91295,-8.85231],[119.91456,-8.8534],[119.91567,-8.85592],[119.91654,-8.86051],[119.91849,-8.86585],[119.91807,-8.86879],[119.91884,-8.87569],[119.91981,-8.87774],[119.9247,-8.87793],[119.92662,-8.87698]]]},"properties":{"date":"2019-07-24","year":2019,"res":0.5,"name":"Vivid"}},{"type":"Feature","geometry":{"type":"Polygon","coordinates":[[[119.88356,-8.78914],[119.88286,-8.78906],[119.8847,-8.7903],[119.88583,-8.79457],[119.89064,-8.79794],[119.89504,-8.7979],[119.89599,-8.7972],[119.89901,-8.79801],[119.90138,-8.79713],[119.90678,-8.7965],[119.90835,-8.79463],[119.90926,-8.79182],[119.91094,-8.79095],[119.90868,-8.78938],[119.90583,-8.78906],[119.90285,-8.79017],[119.89643,-8.79028],[119.89519,-8.79082],[119.89235,-8.79033],[119.88809,-8.79077],[119.88356,-8.78914]]]},"properties":{"date":"2019-07-24","year":2019,"res":0.5,"name":"Vivid"}},{"type":"Feature","geometry":{"type":"Polygon","coordinates":[[[120.08596,-8.82548],[120.08593,-8.82577],[120.08596,-8.82577],[120.08596,-8.82548]]]},"properties":{"date":"2022-08-07","year":2022,"res":0.46,"name":"Vivid"}},{"type":"Feature","geometry":{"type":"Polygon","coordinates":[[[120.08593,-8.82484],[120.08596,-8.82545],[120.08598,-8.82494],[120.08593,-8.82484]]]},"properties":{"date":"2022-08-07","year":2022,"res":0.46,"name":"Vivid"}},{"type":"Feature","geometry":{"type":"Polygon","coordinates":[[[120.08596,-8.82444],[120.09156,-8.82023],[120.09256,-8.81789],[120.0931,-8.81241],[120.09156,-8.80675],[120.08687,-8.80555],[120.08667,-8.80108],[120.08716,-8.82203],[120.08596,-8.82444]]]},"properties":{"date":"2022-08-07","year":2022,"res":0.46,"name":"Vivid"}},{"type":"Feature","geometry":{"type":"Polygon","coordinates":[[[119.9268,-8.87696],[119.92679,-8.87696],[119.92679,-8.87697],[119.9268,-8.87696]]]},"properties":{"date":"2022-10-07","year":2022,"res":0.46,"name":"Vivid"}},{"type":"Feature","geometry":{"type":"Polygon","coordinates":[[[119.92678,-8.87696],[119.92679,-8.87696],[119.92679,-8.87695],[119.92678,-8.87696]]]},"properties":{"date":"2022-10-07","year":2022,"res":0.46,"name":"Vivid"}},{"type":"Feature","geometry":{"type":"Polygon","coordinates":[]},"properties":{"date":"2022-10-07","year":2022,"res":0.46,"name":"Vivid"}},{"type":"Feature","geometry":{"type":"Polygon","coordinates":[[[119.97078,-8.83347],[119.97017,-8.8405],[119.9686,-8.84305],[119.96816,-8.84518],[119.96922,-8.84929],[119.96809,-8.8524],[119.96874,-8.85535],[119.96791,-8.85867],[119.96834,-8.86535],[119.9691,-8.86809],[119.97033,-8.86967],[119.96977,-8.87484],[119.97062,-8.8769],[119.97764,-8.87691],[119.9799,-8.86843],[119.9787,-8.86262],[119.97772,-8.86133],[119.97726,-8.85758],[119.97841,-8.85008],[119.97866,-8.84335],[119.97708,-8.84073],[119.97613,-8.83702],[119.97288,-8.83612],[119.97266,-8.83388],[119.97072,-8.83304],[119.97078,-8.83347]]]},"properties":{"date":"2022-10-07","year":2022,"res":0.46,"name":"Vivid"}},{"type":"Feature","geometry":{"type":"Polygon","coordinates":[[[119.97071,-8.83302],[119.97071,-8.83302],[119.97071,-8.83302]]]},"properties":{"date":"2022-10-07","year":2022,"res":0.46,"name":"Vivid"}},{"type":"Feature","geometry":{"type":"Polygon","coordinates":[[[119.97068,-8.83293],[119.97055,-8.83208],[119.96953,-8.83155],[119.96941,-8.82965],[119.96934,-8.83147],[119.97061,-8.83224],[119.97068,-8.83293]]]},"properties":{"date":"2022-10-07","year":2022,"res":0.46,"name":"Vivid"}},{"type":"Feature","geometry":{"type":"Polygon","coordinates":[[[119.9709,-8.81764],[119.9703,-8.82146],[119.96951,-8.82187],[119.96857,-8.82462],[119.96902,-8.82603],[119.97465,-8.82081],[119.97515,-8.81851],[119.97606,-8.81833],[119.97643,-8.81749],[119.97299,-8.81887],[119.9709,-8.81764]]]},"properties":{"date":"2022-10-07","year":2022,"res":0.46,"name":"Vivid"}},{"type":"Feature","geometry":{"type":"Polygon","coordinates":[[[119.96658,-8.87494],[119.96786,-8.87648],[119.97037,-8.87694],[119.96803,-8.87638],[119.96783,-8.87558],[119.96658,-8.87494]]]},"properties":{"date":"2022-10-07","year":2022,"res":0.46,"name":"Vivid"}},{"type":"Feature","geometry":{"type":"Polygon","coordinates":[[[119.96627,-8.875],[119.96627,-8.87501],[119.96627,-8.875]]]},"properties":{"date":"2022-10-07","year":2022,"res":0.46,"name":"Vivid"}},{"type":"Feature","geometry":{"type":"Polygon","coordinates":[[[119.96191,-8.87441],[119.96627,-8.87498],[119.96419,-8.87413],[119.96191,-8.87441]]]},"properties":{"date":"2022-10-07","year":2022,"res":0.46,"name":"Vivid"}},{"type":"Feature","geometry":{"type":"Polygon","coordinates":[[[119.95747,-8.8739],[119.95747,-8.8739],[119.95747,-8.8739]]]},"properties":{"date":"2022-10-07","year":2022,"res":0.46,"name":"Vivid"}},{"type":"Feature","geometry":{"type":"Polygon","coordinates":[[[119.95747,-8.8739],[119.95746,-8.8739],[119.95747,-8.8739]]]},"properties":{"date":"2022-10-07","year":2022,"res":0.46,"name":"Vivid"}},{"type":"Feature","geometry":{"type":"Polygon","coordinates":[[[119.95799,-8.87376],[119.96154,-8.87441],[119.96136,-8.87385],[119.9597,-8.87337],[119.95799,-8.87376]]]},"properties":{"date":"2022-10-07","year":2022,"res":0.46,"name":"Vivid"}},{"type":"Feature","geometry":{"type":"Polygon","coordinates":[[[119.95709,-8.87386],[119.95686,-8.87385],[119.95745,-8.8739],[119.95709,-8.87386]]]},"properties":{"date":"2022-10-07","year":2022,"res":0.46,"name":"Vivid"}},{"type":"Feature","geometry":{"type":"Polygon","coordinates":[[[119.95678,-8.87384],[119.95672,-8.87385],[119.95683,-8.87385],[119.95678,-8.87384]]]},"properties":{"date":"2022-10-07","year":2022,"res":0.46,"name":"Vivid"}},{"type":"Feature","geometry":{"type":"Polygon","coordinates":[[[119.9565,-8.87381],[119.9563,-8.87383],[119.95668,-8.87385],[119.9565,-8.87381]]]},"properties":{"date":"2022-10-07","year":2022,"res":0.46,"name":"Vivid"}},{"type":"Feature","geometry":{"type":"Polygon","coordinates":[[[119.97037,-8.87694],[119.97037,-8.87695],[119.97037,-8.87694]]]},"properties":{"date":"2022-10-07","year":2022,"res":0.46,"name":"Vivid"}},{"type":"Feature","geometry":{"type":"Polygon","coordinates":[[[119.96944,-8.82962],[119.96944,-8.82962],[119.96944,-8.82959],[119.96944,-8.82962]]]},"properties":{"date":"2022-10-07","year":2022,"res":0.46,"name":"Vivid"}},{"type":"Feature","geometry":{"type":"Polygon","coordinates":[[[119.96951,-8.82949],[119.96953,-8.82946],[119.96949,-8.82951],[119.96951,-8.82949]]]},"properties":{"date":"2022-10-07","year":2022,"res":0.46,"name":"Vivid"}},{"type":"Feature","geometry":{"type":"Polygon","coordinates":[]},"properties":{"date":"2022-10-07","year":2022,"res":0.46,"name":"Vivid"}},{"type":"Feature","geometry":{"type":"Polygon","coordinates":[[[119.96949,-8.82918],[119.9689,-8.82662],[119.96886,-8.82751],[119.96949,-8.82918]]]},"properties":{"date":"2022-10-07","year":2022,"res":0.46,"name":"Vivid"}},{"type":"Feature","geometry":{"type":"Polygon","coordinates":[[[119.74313,-8.82024],[119.74337,-8.81749],[119.74301,-8.8155],[119.74313,-8.82024]]]},"properties":{"date":"2023-05-20","year":2023,"res":0.46,"name":"Vivid"}},{"type":"Feature","geometry":{"type":"Polygon","coordinates":[[[120.23433,-8.87688],[120.23437,-8.83304],[120.23327,-8.83588],[120.23172,-8.83689],[120.23031,-8.84106],[120.23074,-8.85168],[120.22982,-8.86088],[120.23099,-8.87009],[120.23433,-8.87688]]]},"properties":{"date":"2023-06-03","year":2023,"res":0.5,"name":"Vivid"}},{"type":"Feature","geometry":{"type":"Polygon","coordinates":[[[119.65878,-8.69806],[119.6602,-8.69258],[119.65989,-8.68909],[119.6609,-8.68315],[119.66078,-8.68209],[119.65984,-8.68156],[119.65889,-8.67955],[119.65895,-8.67845],[119.65799,-8.67787],[119.65514,-8.67954],[119.65298,-8.67921],[119.64969,-8.67982],[119.64611,-8.67918],[119.64459,-8.67951],[119.64248,-8.67841],[119.63973,-8.67891],[119.63933,-8.68047],[119.63701,-8.68234],[119.63732,-8.68496],[119.63605,-8.68789],[119.63664,-8.69672],[119.64489,-8.6977],[119.65346,-8.69778],[119.65647,-8.69902],[119.65878,-8.69806]]]},"properties":{"date":"2023-06-14","year":2023,"res":0.31,"name":"Vivid"}},{"type":"Feature","geometry":{"type":"Polygon","coordinates":[[[119.66318,-8.70124],[119.66317,-8.70123],[119.66317,-8.70124],[119.66318,-8.70124]]]},"properties":{"date":"2023-06-14","year":2023,"res":0.31,"name":"Vivid"}},{"type":"Feature","geometry":{"type":"Polygon","coordinates":[[[119.6632,-8.70123],[119.6632,-8.70123],[119.6632,-8.70123]]]},"properties":{"date":"2023-06-14","year":2023,"res":0.31,"name":"Vivid"}},{"type":"Feature","geometry":{"type":"Polygon","coordinates":[[[119.66316,-8.70123],[119.66317,-8.70122],[119.66316,-8.70122],[119.66316,-8.70123]]]},"properties":{"date":"2023-06-14","year":2023,"res":0.31,"name":"Vivid"}},{"type":"Feature","geometry":{"type":"Polygon","coordinates":[[[119.66325,-8.70122],[119.66326,-8.70121],[119.66323,-8.70122],[119.66325,-8.70122]]]},"properties":{"date":"2023-06-14","year":2023,"res":0.31,"name":"Vivid"}},{"type":"Feature","geometry":{"type":"Polygon","coordinates":[[[119.66361,-8.7012],[119.66361,-8.70121],[119.66362,-8.70121],[119.66361,-8.7012]]]},"properties":{"date":"2023-06-14","year":2023,"res":0.31,"name":"Vivid"}},{"type":"Feature","geometry":{"type":"Polygon","coordinates":[[[119.66355,-8.70121],[119.66358,-8.70121],[119.66355,-8.70119],[119.66355,-8.70121]]]},"properties":{"date":"2023-06-14","year":2023,"res":0.31,"name":"Vivid"}},{"type":"Feature","geometry":{"type":"Polygon","coordinates":[[[119.66312,-8.70118],[119.66313,-8.7012],[119.66313,-8.70118],[119.66312,-8.70118]]]},"properties":{"date":"2023-06-14","year":2023,"res":0.31,"name":"Vivid"}},{"type":"Feature","geometry":{"type":"Polygon","coordinates":[[[119.66347,-8.70118],[119.66336,-8.70117],[119.66328,-8.7012],[119.66347,-8.70118]]]},"properties":{"date":"2023-06-14","year":2023,"res":0.31,"name":"Vivid"}},{"type":"Feature","geometry":{"type":"Polygon","coordinates":[[[119.66369,-8.70121],[119.66367,-8.70121],[119.66369,-8.70122],[119.66369,-8.70121]]]},"properties":{"date":"2023-06-14","year":2023,"res":0.31,"name":"Vivid"}},{"type":"Feature","geometry":{"type":"Polygon","coordinates":[]},"properties":{"date":"2023-06-14","year":2023,"res":0.31,"name":"Vivid"}},{"type":"Feature","geometry":{"type":"Polygon","coordinates":[[[120.14654,-8.87675],[120.23437,-8.87695],[120.23099,-8.87009],[120.22982,-8.86088],[120.23074,-8.85168],[120.23031,-8.84106],[120.23172,-8.83689],[120.23327,-8.83588],[120.23437,-8.83304],[120.23437,-8.78906],[120.23224,-8.78796],[120.22677,-8.7881],[120.22249,-8.78687],[120.21927,-8.78762],[120.21444,-8.78724],[120.21199,-8.78636],[120.2094,-8.78677],[120.20252,-8.78635],[120.19597,-8.78751],[120.19472,-8.78851],[120.19165,-8.78874],[120.18977,-8.78985],[120.18656,-8.79056],[120.18194,-8.78977],[120.18081,-8.79015],[120.16986,-8.78944],[120.1655,-8.79084],[120.15938,-8.7898],[120.15335,-8.79032],[120.1471,-8.78987],[120.14772,-8.79958],[120.14738,-8.82932],[120.14732,-8.83208],[120.14649,-8.833],[120.14733,-8.83556],[120.14794,-8.86456],[120.1474,-8.8741],[120.14654,-8.87675]]]},"properties":{"date":"2023-09-15","year":2023,"res":0.5,"name":"Vivid"}},{"type":"Feature","geometry":{"type":"Polygon","coordinates":[[[120.14649,-8.87694],[120.14649,-8.87693],[120.14649,-8.87694]]]},"properties":{"date":"2023-09-20","year":2023,"res":0.46,"name":"Vivid"}},{"type":"Feature","geometry":{"type":"Polygon","coordinates":[[[120.14649,-8.87693],[120.1465,-8.87693],[120.14649,-8.87693]]]},"properties":{"date":"2023-09-20","year":2023,"res":0.46,"name":"Vivid"}},{"type":"Feature","geometry":{"type":"Polygon","coordinates":[[[120.14654,-8.87672],[120.14654,-8.87675],[120.14657,-8.87671],[120.14654,-8.87672]]]},"properties":{"date":"2023-09-20","year":2023,"res":0.46,"name":"Vivid"}},{"type":"Feature","geometry":{"type":"Polygon","coordinates":[[[120.14784,-8.86242],[120.14767,-8.86191],[120.14746,-8.87146],[120.14784,-8.86242]]]},"properties":{"date":"2023-09-20","year":2023,"res":0.46,"name":"Vivid"}},{"type":"Feature","geometry":{"type":"Polygon","coordinates":[[[120.14768,-8.86186],[120.14767,-8.86185],[120.14767,-8.86187],[120.14768,-8.86186]]]},"properties":{"date":"2023-09-20","year":2023,"res":0.46,"name":"Vivid"}},{"type":"Feature","geometry":{"type":"Polygon","coordinates":[[[120.14649,-8.83298],[120.14649,-8.833],[120.14649,-8.83298]]]},"properties":{"date":"2023-09-20","year":2023,"res":0.46,"name":"Vivid"}},{"type":"Feature","geometry":{"type":"Polygon","coordinates":[[[119.63699,-8.68248],[119.63399,-8.68488],[119.63105,-8.68434],[119.62875,-8.6874],[119.62492,-8.6881],[119.6238,-8.6996],[119.62326,-8.70021],[119.61971,-8.70052],[119.61914,-8.70117],[119.61991,-8.70666],[119.62126,-8.70832],[119.62133,-8.71701],[119.62393,-8.71878],[119.6234,-8.72726],[119.62448,-8.72887],[119.62479,-8.73236],[119.62382,-8.74141],[119.62328,-8.74257],[119.61973,-8.74332],[119.61914,-8.74514],[119.62188,-8.74938],[119.62171,-8.756],[119.62396,-8.76003],[119.6256,-8.76164],[119.62611,-8.76437],[119.6276,-8.76615],[119.62787,-8.76904],[119.62522,-8.78071],[119.62401,-8.78314],[119.62268,-8.78416],[119.62128,-8.78747],[119.61914,-8.78904],[119.62234,-8.79556],[119.62133,-8.82017],[119.62056,-8.82764],[119.61914,-8.83301],[119.61914,-8.87695],[119.63731,-8.87695],[119.6369,-8.86393],[119.63732,-8.83301],[119.63678,-8.81748],[119.63679,-8.80766],[119.63741,-8.8067],[119.63752,-8.8029],[119.63694,-8.80101],[119.63735,-8.78906],[119.63632,-8.78313],[119.63395,-8.78004],[119.63308,-8.77484],[119.63349,-8.77236],[119.63271,-8.77094],[119.63251,-8.76824],[119.63293,-8.76379],[119.63634,-8.76006],[119.63575,-8.75813],[119.63598,-8.75626],[119.63726,-8.7545],[119.6368,-8.74828],[119.63754,-8.74512],[119.63287,-8.74232],[119.63316,-8.73888],[119.63225,-8.73674],[119.63284,-8.73221],[119.63201,-8.72968],[119.63292,-8.72776],[119.63416,-8.72751],[119.63611,-8.72589],[119.63623,-8.72066],[119.63524,-8.7189],[119.63576,-8.71607],[119.63788,-8.71275],[119.6369,-8.7083],[119.63743,-8.70287],[119.63678,-8.70175],[119.63736,-8.70151],[119.63737,-8.6998],[119.63675,-8.69884],[119.63605,-8.68789],[119.63732,-8.68496],[119.63699,-8.68248]]]},"properties":{"date":"2024-07-12","year":2024,"res":0.31,"name":"Vivid"}},{"type":"Feature","geometry":{"type":"Polygon","coordinates":[[[119.66318,-8.70124],[119.66336,-8.70117],[119.66311,-8.70117],[119.66318,-8.70124]]]},"properties":{"date":"2024-08-07","year":2024,"res":0.31,"name":"Vivid"}},{"type":"Feature","geometry":{"type":"Polygon","coordinates":[[[120.09615,-8.87693],[120.14649,-8.87694],[120.1474,-8.8741],[120.1477,-8.86502],[120.14733,-8.83556],[120.14649,-8.83298],[120.14732,-8.83208],[120.14772,-8.79958],[120.14749,-8.79178],[120.14648,-8.78906],[120.14642,-8.79105],[120.14295,-8.79378],[120.13634,-8.7957],[120.12967,-8.79583],[120.12537,-8.79735],[120.11355,-8.7916],[120.11315,-8.79025],[120.10391,-8.78991],[120.10209,-8.78875],[120.10026,-8.789],[120.09859,-8.78839],[120.09608,-8.78906],[120.09614,-8.79124],[120.09713,-8.79321],[120.09644,-8.79431],[120.09596,-8.80285],[120.09615,-8.87693]]]},"properties":{"date":"2024-10-30","year":2024,"res":0.31,"name":"Vivid"}},{"type":"Feature","geometry":{"type":"Polygon","coordinates":[[[119.99736,-8.83316],[119.9989,-8.82675],[119.99893,-8.81636],[119.99817,-8.81325],[119.99926,-8.80908],[120.00093,-8.80725],[120.00126,-8.80465],[120.00042,-8.80119],[120.00088,-8.7958],[119.99931,-8.79478],[119.99917,-8.79312],[119.99776,-8.79222],[119.99766,-8.78914],[119.99254,-8.78901],[119.98908,-8.78728],[119.98754,-8.78766],[119.98498,-8.78696],[119.9803,-8.78778],[119.97602,-8.78708],[119.97443,-8.7876],[119.97357,-8.78882],[119.97078,-8.78898],[119.97096,-8.78993],[119.97234,-8.79042],[119.97305,-8.79186],[119.97259,-8.79356],[119.97427,-8.7973],[119.97382,-8.80031],[119.97541,-8.802],[119.97673,-8.80567],[119.97683,-8.81104],[119.97601,-8.81341],[119.97642,-8.81791],[119.97515,-8.81851],[119.97465,-8.82081],[119.96896,-8.82605],[119.96901,-8.82783],[119.96953,-8.83155],[119.97055,-8.83208],[119.97099,-8.83336],[119.97266,-8.83388],[119.97288,-8.83612],[119.97613,-8.83702],[119.97708,-8.84073],[119.97866,-8.84335],[119.97841,-8.85008],[119.97726,-8.85758],[119.97772,-8.86133],[119.9787,-8.86262],[119.9799,-8.86843],[119.97788,-8.87479],[119.9779,-8.87669],[119.97071,-8.87695],[119.99733,-8.87695],[119.99746,-8.86056],[119.99832,-8.85866],[119.99736,-8.85384],[119.99784,-8.83666],[119.99736,-8.83316]]]},"properties":{"date":"2025-02-14","year":2025,"res":0.34,"name":"Vivid"}},{"type":"Feature","geometry":{"type":"Polygon","coordinates":[[[119.90856,-8.96453],[119.97071,-8.96484],[119.97071,-8.87695],[119.96806,-8.87657],[119.96658,-8.87504],[119.96439,-8.87434],[119.95585,-8.87381],[119.94461,-8.87205],[119.93509,-8.87282],[119.93019,-8.8744],[119.92611,-8.8776],[119.9247,-8.87793],[119.91981,-8.87774],[119.9195,-8.87695],[119.90879,-8.87695],[119.90856,-8.96453]]]},"properties":{"date":"2025-08-16","year":2025,"res":0.34,"name":"Vivid"}},{"type":"Feature","geometry":{"type":"Polygon","coordinates":[[[119.9087,-8.92493],[119.90879,-8.87695],[119.9195,-8.87695],[119.91884,-8.87569],[119.91807,-8.86879],[119.91849,-8.86585],[119.91654,-8.86051],[119.91567,-8.85592],[119.91456,-8.8534],[119.91295,-8.85231],[119.91228,-8.84948],[119.91127,-8.84866],[119.90949,-8.83921],[119.91029,-8.83785],[119.91345,-8.83534],[119.9157,-8.83507],[119.91851,-8.83327],[119.92003,-8.83301],[119.91984,-8.8297],[119.91846,-8.82732],[119.91842,-8.81967],[119.91909,-8.81582],[119.91746,-8.81072],[119.91921,-8.80547],[119.91947,-8.80084],[119.91777,-8.79151],[119.91807,-8.79006],[119.91983,-8.78906],[119.91767,-8.78858],[119.90966,-8.79148],[119.90835,-8.79463],[119.90678,-8.7965],[119.90138,-8.79713],[119.89901,-8.79801],[119.89599,-8.7972],[119.89504,-8.7979],[119.89064,-8.79794],[119.88583,-8.79457],[119.8847,-8.7903],[119.88039,-8.78773],[119.87829,-8.78519],[119.87714,-8.7821],[119.87467,-8.78189],[119.87146,-8.77947],[119.86954,-8.77927],[119.86869,-8.7782],[119.86648,-8.77735],[119.86578,-8.776],[119.86119,-8.77547],[119.85942,-8.77437],[119.85618,-8.77442],[119.85501,-8.7763],[119.85356,-8.77677],[119.85314,-8.77759],[119.85354,-8.78117],[119.85304,-8.78222],[119.85128,-8.78256],[119.84915,-8.7844],[119.84471,-8.7857],[119.84271,-8.78828],[119.8389,-8.78906],[119.8344,-8.78906],[119.83422,-8.7895],[119.83385,-8.79167],[119.83452,-8.79905],[119.83387,-8.80005],[119.83241,-8.80063],[119.83237,-8.80227],[119.83324,-8.80654],[119.83327,-8.82451],[119.83418,-8.82614],[119.83453,-8.83041],[119.83345,-8.84135],[119.83318,-8.86293],[119.83346,-8.86999],[119.83458,-8.87693],[119.88282,-8.87695],[119.88282,-8.96484],[119.90854,-8.96482],[119.9087,-8.92493]]]},"properties":{"date":"2025-10-20","year":2025,"res":0.34,"name":"Vivid"}},{"type":"Feature","geometry":{"type":"Polygon","coordinates":[[[119.66294,-8.70106],[119.66945,-8.70127],[119.67055,-8.70196],[119.67279,-8.70193],[119.67407,-8.70277],[119.67729,-8.70134],[119.68225,-8.70117],[119.67999,-8.69366],[119.68039,-8.68937],[119.67998,-8.68779],[119.68157,-8.68138],[119.6802,-8.67644],[119.67906,-8.67571],[119.67866,-8.67371],[119.68038,-8.67158],[119.68109,-8.66908],[119.68219,-8.65723],[119.68175,-8.64238],[119.68224,-8.61328],[119.68136,-8.59557],[119.68213,-8.58778],[119.68228,-8.55576],[119.68145,-8.5537],[119.68208,-8.55087],[119.68134,-8.54589],[119.68228,-8.54313],[119.68233,-8.51911],[119.67316,-8.51965],[119.66311,-8.52143],[119.5976,-8.52254],[119.59306,-8.52283],[119.59297,-8.52539],[119.59053,-8.52613],[119.58472,-8.52645],[119.58195,-8.52539],[119.58265,-8.52624],[119.58607,-8.5269],[119.58731,-8.52773],[119.58856,-8.5308],[119.58673,-8.53712],[119.58684,-8.55024],[119.58757,-8.55347],[119.58687,-8.55507],[119.58707,-8.5583],[119.58537,-8.56198],[119.58334,-8.56388],[119.58228,-8.56637],[119.582,-8.56934],[119.58301,-8.57129],[119.58542,-8.57221],[119.5861,-8.57609],[119.58615,-8.58856],[119.58538,-8.61123],[119.58204,-8.61328],[119.58536,-8.6151],[119.58607,-8.6361],[119.58419,-8.63765],[119.58419,-8.64041],[119.58242,-8.64378],[119.58243,-8.64885],[119.58456,-8.6508],[119.58339,-8.65528],[119.58278,-8.65548],[119.58274,-8.65628],[119.58219,-8.65616],[119.58209,-8.65723],[119.58423,-8.65726],[119.58687,-8.66158],[119.5866,-8.68979],[119.58478,-8.69531],[119.58296,-8.69716],[119.58212,-8.70117],[119.5929,-8.70117],[119.58867,-8.71221],[119.58678,-8.72031],[119.58663,-8.72363],[119.58687,-8.72832],[119.58841,-8.73273],[119.58961,-8.7419],[119.59045,-8.74346],[119.59289,-8.74512],[119.59217,-8.74773],[119.59279,-8.76432],[119.5919,-8.77177],[119.59235,-8.78756],[119.59288,-8.78906],[119.59196,-8.7955],[119.59243,-8.80297],[119.59197,-8.81021],[119.59282,-8.82593],[119.59215,-8.83175],[119.59287,-8.83301],[119.59173,-8.83608],[119.59233,-8.84516],[119.5917,-8.84866],[119.5924,-8.86192],[119.59206,-8.87562],[119.59285,-8.87695],[119.61916,-8.87685],[119.61914,-8.83301],[119.62056,-8.82764],[119.62133,-8.82017],[119.62234,-8.79556],[119.61914,-8.78904],[119.62128,-8.78747],[119.62268,-8.78416],[119.62401,-8.78314],[119.62522,-8.78071],[119.62787,-8.76904],[119.6276,-8.76615],[119.62611,-8.76437],[119.6256,-8.76164],[119.62396,-8.76003],[119.62171,-8.756],[119.62188,-8.74938],[119.61914,-8.74514],[119.61973,-8.74332],[119.62328,-8.74257],[119.62382,-8.74141],[119.62479,-8.73236],[119.62448,-8.72887],[119.6234,-8.72726],[119.62393,-8.71878],[119.62133,-8.71701],[119.62126,-8.70832],[119.61991,-8.70666],[119.61914,-8.70117],[119.61971,-8.70052],[119.62326,-8.70021],[119.6238,-8.6996],[119.62492,-8.6881],[119.62924,-8.68717],[119.63105,-8.68434],[119.63452,-8.68468],[119.63933,-8.68047],[119.63999,-8.67874],[119.64248,-8.67841],[119.64459,-8.67951],[119.65236,-8.67973],[119.65289,-8.67922],[119.65608,-8.67927],[119.65799,-8.67787],[119.66025,-8.67867],[119.66137,-8.68029],[119.66086,-8.68309],[119.66099,-8.68471],[119.66185,-8.68584],[119.66126,-8.68707],[119.66146,-8.69376],[119.66182,-8.69609],[119.66262,-8.69719],[119.66235,-8.69976],[119.66294,-8.70106]]]},"properties":{"date":"2025-10-23","year":2025,"res":0.34,"name":"Vivid"}},{"type":"Feature","geometry":{"type":"Polygon","coordinates":[[[120.45376,-8.78901],[120.45791,-8.78759],[120.46518,-8.78625],[120.47022,-8.78629],[120.47216,-8.78523],[120.47367,-8.7854],[120.47733,-8.78434],[120.48149,-8.78488],[120.48252,-8.7859],[120.48553,-8.7867],[120.48999,-8.78654],[120.49493,-8.78724],[120.49804,-8.78906],[120.49859,-8.78677],[120.49806,-8.7844],[120.49857,-8.78062],[120.49808,-8.77259],[120.50122,-8.76435],[120.50054,-8.7632],[120.50012,-8.75406],[120.49891,-8.75159],[120.49805,-8.74527],[120.49833,-8.74106],[120.49953,-8.73751],[120.49904,-8.73623],[120.49966,-8.73245],[120.49892,-8.72836],[120.49992,-8.72585],[120.49849,-8.72221],[120.49811,-8.71699],[120.50008,-8.7133],[120.50054,-8.71076],[120.49955,-8.70242],[120.49804,-8.70117],[120.49566,-8.70181],[120.4946,-8.70406],[120.49287,-8.70535],[120.48839,-8.70589],[120.48641,-8.70507],[120.48453,-8.70553],[120.47951,-8.70525],[120.47579,-8.70368],[120.47301,-8.70383],[120.46933,-8.70201],[120.46897,-8.70117],[120.47056,-8.69759],[120.4709,-8.69455],[120.46983,-8.69024],[120.47075,-8.68206],[120.47047,-8.67982],[120.47184,-8.67325],[120.47096,-8.67035],[120.47087,-8.66699],[120.47203,-8.66235],[120.47175,-8.65968],[120.47059,-8.65819],[120.46119,-8.65825],[120.4541,-8.65963],[120.44566,-8.65861],[120.43994,-8.6589],[120.43855,-8.6581],[120.4348,-8.65766],[120.42798,-8.65826],[120.42241,-8.6573],[120.41703,-8.65747],[120.4143,-8.6588],[120.41158,-8.65929],[120.41001,-8.663],[120.40998,-8.66755],[120.40882,-8.67093],[120.4101,-8.67317],[120.41002,-8.67506],[120.4108,-8.67712],[120.4103,-8.6788],[120.4109,-8.6797],[120.41094,-8.68224],[120.40984,-8.68458],[120.40992,-8.68955],[120.40935,-8.69175],[120.40958,-8.69396],[120.41121,-8.69638],[120.40999,-8.69916],[120.41015,-8.70117],[120.4121,-8.70254],[120.41332,-8.70595],[120.41422,-8.70683],[120.41338,-8.71436],[120.41398,-8.72011],[120.41256,-8.72368],[120.41318,-8.72866],[120.4122,-8.73143],[120.41278,-8.73622],[120.41204,-8.73908],[120.41247,-8.74156],[120.41053,-8.74344],[120.41015,-8.74511],[120.4118,-8.74741],[120.41151,-8.75111],[120.41033,-8.75198],[120.41023,-8.75503],[120.41106,-8.7561],[120.4102,-8.75948],[120.41156,-8.76484],[120.4109,-8.76633],[120.41264,-8.77233],[120.4122,-8.77469],[120.41264,-8.7777],[120.41116,-8.78009],[120.41142,-8.78194],[120.41094,-8.7822],[120.41117,-8.78377],[120.41015,-8.78906],[120.4124,-8.78738],[120.41465,-8.78739],[120.41658,-8.78661],[120.42039,-8.78727],[120.42478,-8.7866],[120.42832,-8.78764],[120.43163,-8.78769],[120.43746,-8.78606],[120.4493,-8.78745],[120.45219,-8.78719],[120.45376,-8.78901]]]},"properties":{"date":"2020-08-23","year":2020,"res":0.31,"name":"Vivid"}},{"type":"Feature","geometry":{"type":"Polygon","coordinates":[[[120.41016,-8.78902],[120.41018,-8.78904],[120.41018,-8.78901],[120.41016,-8.78902]]]},"properties":{"date":"2021-06-02","year":2021,"res":0.5,"name":"Vivid"}},{"type":"Feature","geometry":{"type":"Polygon","coordinates":[[[120.42864,-8.78761],[120.42942,-8.78875],[120.43059,-8.78889],[120.43189,-8.78767],[120.42864,-8.78761]]]},"properties":{"date":"2021-06-02","year":2021,"res":0.5,"name":"Vivid"}},{"type":"Feature","geometry":{"type":"Polygon","coordinates":[[[120.43633,-8.78652],[120.43625,-8.78661],[120.43623,-8.78674],[120.43633,-8.78652]]]},"properties":{"date":"2021-06-02","year":2021,"res":0.5,"name":"Vivid"}},{"type":"Feature","geometry":{"type":"Polygon","coordinates":[[[120.43656,-8.78637],[120.4364,-8.78632],[120.43634,-8.78648],[120.43656,-8.78637]]]},"properties":{"date":"2021-06-02","year":2021,"res":0.5,"name":"Vivid"}},{"type":"Feature","geometry":{"type":"Polygon","coordinates":[]},"properties":{"date":"2021-06-02","year":2021,"res":0.5,"name":"Vivid"}},{"type":"Feature","geometry":{"type":"Polygon","coordinates":[[[120.41032,-8.74539],[120.41031,-8.74537],[120.41031,-8.74539],[120.41032,-8.74539]]]},"properties":{"date":"2021-06-02","year":2021,"res":0.5,"name":"Vivid"}},{"type":"Feature","geometry":{"type":"Polygon","coordinates":[[[120.41023,-8.7453],[120.41029,-8.74522],[120.41016,-8.74514],[120.41023,-8.7453]]]},"properties":{"date":"2021-06-02","year":2021,"res":0.5,"name":"Vivid"}},{"type":"Feature","geometry":{"type":"Polygon","coordinates":[[[120.41016,-8.74513],[120.41015,-8.74514],[120.41016,-8.74514],[120.41016,-8.74513]]]},"properties":{"date":"2021-06-02","year":2021,"res":0.5,"name":"Vivid"}},{"type":"Feature","geometry":{"type":"Polygon","coordinates":[[[120.41015,-8.7451],[120.41016,-8.74511],[120.41016,-8.7451],[120.41015,-8.7451]]]},"properties":{"date":"2021-06-02","year":2021,"res":0.5,"name":"Vivid"}},{"type":"Feature","geometry":{"type":"Polygon","coordinates":[[[120.41015,-8.70117],[120.41015,-8.7012],[120.41017,-8.7012],[120.41015,-8.70117]]]},"properties":{"date":"2021-06-02","year":2021,"res":0.5,"name":"Vivid"}},{"type":"Feature","geometry":{"type":"Polygon","coordinates":[[[120.49804,-8.78906],[120.49804,-8.78906],[120.49804,-8.78906]]]},"properties":{"date":"2021-06-02","year":2021,"res":0.5,"name":"Vivid"}},{"type":"Feature","geometry":{"type":"Polygon","coordinates":[[[120.49802,-8.78906],[120.49801,-8.78906],[120.49802,-8.78906]]]},"properties":{"date":"2021-06-02","year":2021,"res":0.5,"name":"Vivid"}},{"type":"Feature","geometry":{"type":"Polygon","coordinates":[[[120.49801,-8.78905],[120.49801,-8.78906],[120.49801,-8.78905]]]},"properties":{"date":"2021-06-02","year":2021,"res":0.5,"name":"Vivid"}},{"type":"Feature","geometry":{"type":"Polygon","coordinates":[[[120.45413,-8.78907],[120.45418,-8.78904],[120.45413,-8.78906],[120.45413,-8.78907]]]},"properties":{"date":"2021-06-02","year":2021,"res":0.5,"name":"Vivid"}},{"type":"Feature","geometry":{"type":"Polygon","coordinates":[]},"properties":{"date":"2021-06-02","year":2021,"res":0.5,"name":"Vivid"}},{"type":"Feature","geometry":{"type":"Polygon","coordinates":[[[120.498,-8.78905],[120.49799,-8.78904],[120.49799,-8.78905],[120.498,-8.78905]]]},"properties":{"date":"2021-06-02","year":2021,"res":0.5,"name":"Vivid"}},{"type":"Feature","geometry":{"type":"Polygon","coordinates":[[[120.45382,-8.78903],[120.45376,-8.78901],[120.45389,-8.78903],[120.45382,-8.78903]]]},"properties":{"date":"2021-06-02","year":2021,"res":0.5,"name":"Vivid"}},{"type":"Feature","geometry":{"type":"Polygon","coordinates":[[[120.45422,-8.78904],[120.45422,-8.78903],[120.45422,-8.78904]]]},"properties":{"date":"2021-06-02","year":2021,"res":0.5,"name":"Vivid"}},{"type":"Feature","geometry":{"type":"Polygon","coordinates":[[[120.45444,-8.78893],[120.45445,-8.78892],[120.45444,-8.78892],[120.45444,-8.78893]]]},"properties":{"date":"2021-06-02","year":2021,"res":0.5,"name":"Vivid"}},{"type":"Feature","geometry":{"type":"Polygon","coordinates":[[[120.49795,-8.78891],[120.49795,-8.78893],[120.49795,-8.78891]]]},"properties":{"date":"2021-06-02","year":2021,"res":0.5,"name":"Vivid"}},{"type":"Feature","geometry":{"type":"Polygon","coordinates":[[[120.41026,-8.70064],[120.40999,-8.69916],[120.41121,-8.69638],[120.40958,-8.69396],[120.40935,-8.69175],[120.40992,-8.68955],[120.40984,-8.68458],[120.41094,-8.68224],[120.4109,-8.6797],[120.4103,-8.6788],[120.4108,-8.67712],[120.41002,-8.67506],[120.4101,-8.67317],[120.40882,-8.67093],[120.40998,-8.66755],[120.41001,-8.663],[120.41144,-8.65961],[120.41015,-8.66001],[120.40835,-8.65942],[120.40493,-8.65957],[120.40396,-8.65893],[120.40295,-8.65929],[120.39856,-8.6581],[120.38778,-8.65723],[120.38866,-8.65693],[120.38952,-8.65549],[120.38981,-8.65002],[120.39151,-8.64487],[120.39201,-8.63853],[120.39168,-8.63566],[120.39085,-8.63452],[120.39053,-8.62795],[120.38957,-8.62495],[120.39045,-8.62309],[120.3904,-8.62166],[120.38859,-8.61837],[120.38738,-8.61326],[120.39265,-8.61287],[120.39733,-8.61134],[120.3986,-8.608],[120.39834,-8.60611],[120.39942,-8.6041],[120.40021,-8.59572],[120.39965,-8.59443],[120.39924,-8.58718],[120.3937,-8.5817],[120.39155,-8.57345],[120.38729,-8.56934],[120.38797,-8.55921],[120.38861,-8.55745],[120.38855,-8.5542],[120.38797,-8.55326],[120.38843,-8.549],[120.38134,-8.54994],[120.37194,-8.54805],[120.36957,-8.54875],[120.36307,-8.54863],[120.36106,-8.56029],[120.36275,-8.56603],[120.36292,-8.56935],[120.36052,-8.57703],[120.35854,-8.57964],[120.35535,-8.587],[120.35438,-8.5933],[120.35728,-8.6025],[120.35905,-8.60456],[120.36094,-8.61061],[120.36293,-8.61328],[120.36173,-8.61432],[120.36082,-8.61665],[120.35994,-8.62015],[120.36045,-8.62347],[120.3589,-8.62525],[120.35952,-8.62782],[120.35918,-8.63072],[120.36029,-8.63309],[120.36229,-8.63514],[120.36288,-8.64112],[120.36145,-8.65017],[120.36302,-8.65724],[120.36076,-8.66035],[120.36171,-8.66581],[120.36161,-8.67071],[120.3608,-8.67422],[120.36208,-8.68052],[120.36183,-8.68481],[120.36112,-8.68596],[120.36085,-8.69093],[120.36009,-8.69311],[120.36009,-8.69727],[120.36152,-8.70038],[120.36297,-8.70117],[120.37548,-8.70247],[120.37719,-8.7038],[120.38077,-8.70423],[120.39167,-8.70307],[120.39329,-8.70369],[120.39798,-8.70271],[120.39972,-8.70331],[120.40437,-8.70197],[120.4101,-8.70125],[120.41026,-8.70064]]]},"properties":{"date":"2021-06-02","year":2021,"res":0.5,"name":"Vivid"}},{"type":"Feature","geometry":{"type":"Polygon","coordinates":[[[120.45412,-8.78906],[120.45413,-8.78906],[120.45412,-8.78906]]]},"properties":{"date":"2021-06-02","year":2021,"res":0.5,"name":"Vivid"}},{"type":"Feature","geometry":{"type":"Polygon","coordinates":[[[120.4152,-8.57758],[120.415,-8.57598],[120.41351,-8.57356],[120.41149,-8.5724],[120.41015,-8.56936],[120.41087,-8.56659],[120.41021,-8.55818],[120.41052,-8.55295],[120.40485,-8.55113],[120.39668,-8.55108],[120.39454,-8.54998],[120.39248,-8.55006],[120.38964,-8.54878],[120.38843,-8.549],[120.38797,-8.55326],[120.38855,-8.5542],[120.38861,-8.55745],[120.38797,-8.55921],[120.38729,-8.56934],[120.39155,-8.57345],[120.3937,-8.5817],[120.39924,-8.58718],[120.39965,-8.59443],[120.40021,-8.59572],[120.39942,-8.6041],[120.39834,-8.60611],[120.3986,-8.608],[120.39733,-8.61134],[120.39265,-8.61287],[120.38738,-8.61326],[120.38859,-8.61837],[120.3904,-8.62166],[120.39045,-8.62309],[120.38957,-8.62495],[120.39053,-8.62795],[120.39085,-8.63452],[120.39168,-8.63566],[120.39201,-8.63853],[120.39151,-8.64487],[120.38981,-8.65002],[120.38952,-8.65549],[120.38866,-8.65693],[120.38778,-8.65723],[120.39589,-8.65776],[120.40295,-8.65929],[120.40396,-8.65893],[120.40493,-8.65957],[120.40835,-8.65942],[120.41015,-8.66001],[120.41703,-8.65747],[120.41906,-8.65727],[120.42241,-8.6573],[120.42574,-8.65821],[120.4348,-8.65766],[120.43855,-8.6581],[120.43994,-8.6589],[120.44566,-8.65861],[120.4541,-8.65963],[120.46119,-8.65825],[120.47064,-8.65825],[120.47012,-8.65723],[120.4709,-8.65058],[120.4703,-8.64117],[120.47149,-8.63556],[120.47064,-8.63236],[120.47078,-8.62863],[120.46945,-8.62506],[120.46917,-8.61442],[120.46654,-8.61426],[120.46433,-8.61504],[120.46206,-8.61468],[120.4599,-8.61536],[120.45435,-8.61388],[120.45411,-8.61328],[120.45207,-8.6147],[120.44761,-8.61408],[120.44706,-8.61514],[120.44011,-8.61577],[120.43975,-8.6165],[120.43616,-8.61734],[120.43104,-8.61726],[120.42952,-8.61912],[120.42746,-8.61995],[120.42463,-8.61971],[120.41442,-8.61449],[120.41034,-8.61372],[120.41025,-8.61284],[120.4115,-8.61135],[120.41192,-8.60763],[120.41089,-8.60245],[120.41233,-8.60084],[120.41288,-8.59834],[120.41626,-8.59626],[120.41547,-8.59095],[120.41623,-8.58918],[120.41632,-8.5854],[120.41542,-8.58285],[120.41585,-8.58069],[120.4152,-8.57758]]]},"properties":{"date":"2022-04-21","year":2022,"res":0.5,"name":"Vivid"}},{"type":"Feature","geometry":{"type":"Polygon","coordinates":[[[120.45399,-8.78904],[120.45394,-8.78903],[120.45394,-8.78904],[120.45399,-8.78904]]]},"properties":{"date":"2023-01-09","year":2023,"res":0.5,"name":"Vivid"}},{"type":"Feature","geometry":{"type":"Polygon","coordinates":[[[120.42946,-8.78871],[120.43038,-8.78906],[120.43086,-8.78879],[120.42946,-8.78871]]]},"properties":{"date":"2023-01-09","year":2023,"res":0.5,"name":"Vivid"}},{"type":"Feature","geometry":{"type":"Polygon","coordinates":[[[120.37429,-8.43743],[120.37491,-8.43864],[120.37475,-8.4403],[120.3786,-8.44329],[120.38075,-8.44826],[120.38365,-8.45226],[120.38355,-8.45512],[120.38466,-8.45619],[120.38545,-8.45909],[120.3851,-8.46543],[120.38572,-8.46666],[120.38539,-8.46866],[120.38417,-8.4709],[120.38265,-8.47202],[120.38166,-8.47525],[120.37904,-8.47656],[120.37797,-8.47831],[120.37428,-8.47919],[120.37363,-8.48144],[120.37409,-8.48267],[120.37662,-8.48443],[120.37797,-8.48785],[120.38216,-8.49014],[120.38254,-8.49139],[120.38408,-8.49289],[120.38472,-8.4953],[120.3825,-8.50266],[120.38091,-8.50488],[120.37986,-8.50868],[120.37841,-8.51009],[120.37835,-8.51166],[120.37436,-8.51939],[120.37481,-8.52064],[120.37422,-8.52539],[120.37481,-8.53087],[120.37564,-8.53135],[120.3766,-8.53401],[120.37801,-8.53482],[120.37986,-8.53899],[120.37949,-8.54552],[120.37874,-8.54613],[120.37834,-8.54849],[120.37646,-8.54899],[120.38134,-8.54994],[120.38964,-8.54878],[120.39668,-8.55108],[120.40485,-8.55113],[120.41015,-8.55315],[120.41072,-8.55158],[120.41053,-8.54542],[120.4128,-8.53946],[120.41142,-8.53061],[120.40831,-8.51974],[120.40935,-8.51644],[120.40979,-8.51069],[120.40883,-8.50084],[120.4096,-8.49966],[120.4092,-8.49828],[120.41015,-8.4941],[120.4101,-8.49023],[120.4094,-8.4894],[120.40923,-8.48652],[120.41015,-8.48381],[120.41347,-8.48429],[120.41799,-8.48377],[120.41798,-8.48144],[120.41924,-8.47935],[120.41934,-8.46828],[120.42029,-8.46186],[120.42032,-8.45661],[120.42183,-8.45137],[120.42197,-8.44691],[120.42041,-8.44351],[120.42048,-8.44004],[120.41871,-8.4375],[120.41967,-8.43316],[120.41837,-8.43],[120.41877,-8.42854],[120.41827,-8.42192],[120.41891,-8.41715],[120.41795,-8.412],[120.41898,-8.40717],[120.38235,-8.40717],[120.38272,-8.41136],[120.38211,-8.41381],[120.38025,-8.41669],[120.37963,-8.42187],[120.3802,-8.42422],[120.37972,-8.42599],[120.38056,-8.42819],[120.37967,-8.4295],[120.3777,-8.42965],[120.37632,-8.43073],[120.37429,-8.43743]]]},"properties":{"date":"2023-05-07","year":2023,"res":0.5,"name":"Vivid"}},{"type":"Feature","geometry":{"type":"Polygon","coordinates":[[[120.3824,-8.40742],[120.23437,-8.40717],[120.23437,-8.42379],[120.23563,-8.42537],[120.23598,-8.42911],[120.2347,-8.43226],[120.23486,-8.43661],[120.23438,-8.43774],[120.23588,-8.44153],[120.23712,-8.44197],[120.23697,-8.44257],[120.23808,-8.44342],[120.2395,-8.44644],[120.23912,-8.44906],[120.23981,-8.45039],[120.23867,-8.45483],[120.23909,-8.45607],[120.23787,-8.4591],[120.23816,-8.46166],[120.23696,-8.46263],[120.23688,-8.46367],[120.23721,-8.46644],[120.23885,-8.46855],[120.24079,-8.47307],[120.23792,-8.47802],[120.23584,-8.47988],[120.23438,-8.48037],[120.23456,-8.52166],[120.23752,-8.52368],[120.24097,-8.52451],[120.2424,-8.52434],[120.24471,-8.52525],[120.24686,-8.52482],[120.25195,-8.52524],[120.25373,-8.52504],[120.2555,-8.52356],[120.25903,-8.52247],[120.2617,-8.52228],[120.26317,-8.52284],[120.26613,-8.52199],[120.27624,-8.52149],[120.27832,-8.52021],[120.28282,-8.52222],[120.28527,-8.52132],[120.29233,-8.52118],[120.29635,-8.52173],[120.30113,-8.52468],[120.30325,-8.5248],[120.30681,-8.52436],[120.30936,-8.52284],[120.31988,-8.52316],[120.32226,-8.52095],[120.32487,-8.52169],[120.32956,-8.52082],[120.33279,-8.5214],[120.33761,-8.52027],[120.33968,-8.52053],[120.34177,-8.52116],[120.34312,-8.52234],[120.34498,-8.5222],[120.34719,-8.52348],[120.35008,-8.52347],[120.35187,-8.52455],[120.35358,-8.52418],[120.35741,-8.52505],[120.35876,-8.52459],[120.36308,-8.52522],[120.36265,-8.52838],[120.36014,-8.53333],[120.36147,-8.53719],[120.36091,-8.53899],[120.36179,-8.54217],[120.36208,-8.54752],[120.36308,-8.5487],[120.36957,-8.54875],[120.37194,-8.54805],[120.37646,-8.54899],[120.37834,-8.54849],[120.37874,-8.54613],[120.37951,-8.54544],[120.3792,-8.54369],[120.37986,-8.53899],[120.37801,-8.53482],[120.3766,-8.53401],[120.37564,-8.53135],[120.37481,-8.53087],[120.37422,-8.52539],[120.37481,-8.52064],[120.37436,-8.51939],[120.37835,-8.51166],[120.37841,-8.51009],[120.37986,-8.50868],[120.38091,-8.50488],[120.3825,-8.50266],[120.38472,-8.4953],[120.38408,-8.49289],[120.38254,-8.49139],[120.38216,-8.49014],[120.37797,-8.48785],[120.37662,-8.48443],[120.37409,-8.48267],[120.37363,-8.48144],[120.37428,-8.47919],[120.37797,-8.47831],[120.37904,-8.47656],[120.38166,-8.47525],[120.38265,-8.47202],[120.38417,-8.4709],[120.38539,-8.46866],[120.38556,-8.46091],[120.38466,-8.45619],[120.38355,-8.45512],[120.38356,-8.45205],[120.38075,-8.44826],[120.3786,-8.44329],[120.37475,-8.4403],[120.37491,-8.43864],[120.37424,-8.4373],[120.37502,-8.43618],[120.37494,-8.43475],[120.37576,-8.43383],[120.37632,-8.43073],[120.3777,-8.42965],[120.37967,-8.4295],[120.38056,-8.42819],[120.37972,-8.42599],[120.3802,-8.42422],[120.37963,-8.42187],[120.38025,-8.41669],[120.38211,-8.41381],[120.38272,-8.41136],[120.3824,-8.40742]]]},"properties":{"date":"2023-05-07","year":2023,"res":0.5,"name":"Vivid"}},{"type":"Feature","geometry":{"type":"Polygon","coordinates":[[[120.23448,-8.61321],[120.23496,-8.61907],[120.23602,-8.62047],[120.23626,-8.62292],[120.23562,-8.62469],[120.23596,-8.62697],[120.23487,-8.6294],[120.23494,-8.6321],[120.23606,-8.64026],[120.2369,-8.64212],[120.23729,-8.64723],[120.23681,-8.65146],[120.23602,-8.65185],[120.23516,-8.65639],[120.23437,-8.65723],[120.23458,-8.6586],[120.23532,-8.65894],[120.2346,-8.66434],[120.23558,-8.66545],[120.23605,-8.66821],[120.23446,-8.67823],[120.23505,-8.6837],[120.23451,-8.68571],[120.23502,-8.68694],[120.23457,-8.68782],[120.23496,-8.69052],[120.23438,-8.69763],[120.23487,-8.69891],[120.23437,-8.70117],[120.23621,-8.70269],[120.23646,-8.70613],[120.23733,-8.70702],[120.23871,-8.71471],[120.23988,-8.71625],[120.23971,-8.71977],[120.24098,-8.72533],[120.24037,-8.72824],[120.23846,-8.73129],[120.23841,-8.73497],[120.23473,-8.74126],[120.23437,-8.74511],[120.23443,-8.79167],[120.23591,-8.79726],[120.23443,-8.80131],[120.23594,-8.80466],[120.23617,-8.80788],[120.23443,-8.81436],[120.23513,-8.82339],[120.23441,-8.82672],[120.23519,-8.83025],[120.23437,-8.83301],[120.23437,-8.87695],[120.25122,-8.87819],[120.25508,-8.87921],[120.25772,-8.88175],[120.26136,-8.88277],[120.26455,-8.88247],[120.2685,-8.88388],[120.27148,-8.88314],[120.27362,-8.88122],[120.27775,-8.87953],[120.27828,-8.87696],[120.28445,-8.87781],[120.28793,-8.88091],[120.29215,-8.88086],[120.29474,-8.88189],[120.30069,-8.88103],[120.30969,-8.8813],[120.31287,-8.87967],[120.3194,-8.8788],[120.32226,-8.87695],[120.36321,-8.87695],[120.36144,-8.87473],[120.35848,-8.86615],[120.35736,-8.86025],[120.35733,-8.84884],[120.35795,-8.84549],[120.36051,-8.84213],[120.36179,-8.83929],[120.36323,-8.83301],[120.36133,-8.82663],[120.36196,-8.8241],[120.3604,-8.81924],[120.36033,-8.8143],[120.35857,-8.811],[120.35802,-8.80805],[120.35903,-8.80137],[120.36028,-8.80035],[120.36006,-8.79714],[120.36314,-8.78906],[120.36145,-8.78664],[120.35998,-8.78007],[120.36124,-8.77575],[120.36182,-8.76968],[120.36139,-8.76635],[120.36207,-8.76423],[120.36165,-8.76118],[120.36232,-8.7565],[120.36153,-8.75331],[120.3616,-8.75045],[120.363,-8.74514],[120.36235,-8.74267],[120.36297,-8.73731],[120.3607,-8.72036],[120.36086,-8.71369],[120.36284,-8.70508],[120.36297,-8.70117],[120.36152,-8.70038],[120.35984,-8.69582],[120.36208,-8.68052],[120.3608,-8.67422],[120.36161,-8.67071],[120.36171,-8.66581],[120.36076,-8.66035],[120.36302,-8.65724],[120.36145,-8.65017],[120.36288,-8.64112],[120.36229,-8.63514],[120.36029,-8.63309],[120.35918,-8.63072],[120.35952,-8.62782],[120.3589,-8.62525],[120.36045,-8.62347],[120.35994,-8.62015],[120.36082,-8.61665],[120.36173,-8.61432],[120.36293,-8.61328],[120.36094,-8.61061],[120.35905,-8.60456],[120.35728,-8.6025],[120.35438,-8.5933],[120.35535,-8.587],[120.35854,-8.57964],[120.36052,-8.57703],[120.36292,-8.56935],[120.36275,-8.56603],[120.36106,-8.56029],[120.36308,-8.5487],[120.36174,-8.5469],[120.36179,-8.54217],[120.36091,-8.53899],[120.36147,-8.53719],[120.36014,-8.53333],[120.36265,-8.52838],[120.36325,-8.52538],[120.35895,-8.5246],[120.35669,-8.52497],[120.35358,-8.52418],[120.35187,-8.52455],[120.35008,-8.52347],[120.3464,-8.52329],[120.34498,-8.5222],[120.34312,-8.52234],[120.34177,-8.52116],[120.33808,-8.52026],[120.33279,-8.5214],[120.32956,-8.52082],[120.32487,-8.52169],[120.32226,-8.52095],[120.31988,-8.52316],[120.30936,-8.52284],[120.30681,-8.52436],[120.30325,-8.5248],[120.30113,-8.52468],[120.29635,-8.52173],[120.29233,-8.52118],[120.28527,-8.52132],[120.28282,-8.52222],[120.27832,-8.52021],[120.27624,-8.52149],[120.26613,-8.52199],[120.26317,-8.52284],[120.2617,-8.52228],[120.25834,-8.5226],[120.2555,-8.52356],[120.25345,-8.52508],[120.24471,-8.52525],[120.2424,-8.52434],[120.23752,-8.52368],[120.23437,-8.52136],[120.23472,-8.5267],[120.23822,-8.53258],[120.23665,-8.53718],[120.23745,-8.53964],[120.23716,-8.54271],[120.23497,-8.54551],[120.2346,-8.5472],[120.23502,-8.54948],[120.23455,-8.55508],[120.2358,-8.55715],[120.23568,-8.55979],[120.23479,-8.5612],[120.23524,-8.56612],[120.23437,-8.56933],[120.23493,-8.57614],[120.23452,-8.58739],[120.23554,-8.59041],[120.23575,-8.59471],[120.23497,-8.60613],[120.23574,-8.61026],[120.23569,-8.6115],[120.23448,-8.61321]]]},"properties":{"date":"2023-06-03","year":2023,"res":0.5,"name":"Vivid"}},{"type":"Feature","geometry":{"type":"Polygon","coordinates":[[[120.49821,-8.70109],[120.49903,-8.70165],[120.50874,-8.70144],[120.51306,-8.70244],[120.51574,-8.70445],[120.51995,-8.7044],[120.52721,-8.70631],[120.53191,-8.70646],[120.53767,-8.70353],[120.53957,-8.70328],[120.54216,-8.70093],[120.5487,-8.69929],[120.55617,-8.69944],[120.55807,-8.69873],[120.56234,-8.6985],[120.57119,-8.70096],[120.57621,-8.70116],[120.57723,-8.69964],[120.57846,-8.69912],[120.57973,-8.70008],[120.58594,-8.70117],[120.58788,-8.69686],[120.58804,-8.69152],[120.58986,-8.68039],[120.58952,-8.67749],[120.59034,-8.6747],[120.58833,-8.66575],[120.58629,-8.66366],[120.58608,-8.66252],[120.58613,-8.65493],[120.58907,-8.64771],[120.5888,-8.64298],[120.58983,-8.63806],[120.58937,-8.63563],[120.58972,-8.63277],[120.58904,-8.63172],[120.58906,-8.62865],[120.58793,-8.62434],[120.58819,-8.61939],[120.58718,-8.61797],[120.58594,-8.61328],[120.56596,-8.61596],[120.56171,-8.61508],[120.55362,-8.61498],[120.55151,-8.61432],[120.54601,-8.61449],[120.542,-8.61328],[120.52818,-8.6144],[120.51633,-8.61352],[120.5121,-8.61448],[120.50882,-8.6145],[120.50704,-8.61548],[120.50207,-8.61544],[120.50142,-8.6159],[120.49872,-8.61465],[120.49804,-8.61328],[120.49857,-8.61547],[120.49824,-8.6185],[120.49884,-8.61949],[120.49824,-8.62486],[120.49919,-8.62895],[120.49812,-8.63939],[120.49999,-8.64579],[120.50066,-8.65309],[120.49985,-8.65547],[120.49804,-8.65723],[120.49921,-8.65874],[120.50322,-8.66948],[120.5036,-8.67207],[120.50299,-8.68099],[120.50395,-8.68656],[120.50291,-8.69379],[120.50147,-8.69546],[120.50041,-8.69945],[120.49919,-8.69964],[120.49889,-8.70081],[120.49821,-8.70109]]]},"properties":{"date":"2023-06-08","year":2023,"res":0.31,"name":"Vivid"}},{"type":"Feature","geometry":{"type":"Polygon","coordinates":[[[120.49795,-8.70126],[120.49606,-8.70136],[120.49566,-8.70181],[120.49795,-8.70126]]]},"properties":{"date":"2023-06-08","year":2023,"res":0.31,"name":"Vivid"}},{"type":"Feature","geometry":{"type":"Polygon","coordinates":[]},"properties":{"date":"2023-09-15","year":2023,"res":0.5,"name":"Vivid"}},{"type":"Feature","geometry":{"type":"Polygon","coordinates":[[[120.5826,-8.70061],[120.58261,-8.70062],[120.58266,-8.70061],[120.5826,-8.70061]]]},"properties":{"date":"2023-09-15","year":2023,"res":0.5,"name":"Vivid"}},{"type":"Feature","geometry":{"type":"Polygon","coordinates":[[[120.5824,-8.70056],[120.58245,-8.70058],[120.58243,-8.70056],[120.5824,-8.70056]]]},"properties":{"date":"2023-09-15","year":2023,"res":0.5,"name":"Vivid"}},{"type":"Feature","geometry":{"type":"Polygon","coordinates":[[[120.58239,-8.70055],[120.5824,-8.70055],[120.58239,-8.70055]]]},"properties":{"date":"2023-09-15","year":2023,"res":0.5,"name":"Vivid"}},{"type":"Feature","geometry":{"type":"Polygon","coordinates":[[[120.58217,-8.70048],[120.58171,-8.70049],[120.58232,-8.70053],[120.58217,-8.70048]]]},"properties":{"date":"2023-09-15","year":2023,"res":0.5,"name":"Vivid"}},{"type":"Feature","geometry":{"type":"Polygon","coordinates":[[[120.58135,-8.70038],[120.58139,-8.7004],[120.58135,-8.70032],[120.58135,-8.70038]]]},"properties":{"date":"2023-09-15","year":2023,"res":0.5,"name":"Vivid"}},{"type":"Feature","geometry":{"type":"Polygon","coordinates":[]},"properties":{"date":"2023-09-15","year":2023,"res":0.5,"name":"Vivid"}},{"type":"Feature","geometry":{"type":"Polygon","coordinates":[[[120.57622,-8.70086],[120.57973,-8.70008],[120.57846,-8.69912],[120.57622,-8.70086]]]},"properties":{"date":"2023-09-15","year":2023,"res":0.5,"name":"Vivid"}},{"type":"Feature","geometry":{"type":"Polygon","coordinates":[[[120.58045,-8.70004],[120.58009,-8.70008],[120.58082,-8.70008],[120.58045,-8.70004]]]},"properties":{"date":"2023-09-15","year":2023,"res":0.5,"name":"Vivid"}},{"type":"Feature","geometry":{"type":"Polygon","coordinates":[[[120.57988,-8.70011],[120.57989,-8.70011],[120.57988,-8.70011]]]},"properties":{"date":"2023-09-15","year":2023,"res":0.5,"name":"Vivid"}},{"type":"Feature","geometry":{"type":"Polygon","coordinates":[[[120.58087,-8.70008],[120.58093,-8.70011],[120.58091,-8.70008],[120.58087,-8.70008]]]},"properties":{"date":"2023-09-15","year":2023,"res":0.5,"name":"Vivid"}},{"type":"Feature","geometry":{"type":"Polygon","coordinates":[[[120.58006,-8.70006],[120.57994,-8.70005],[120.57989,-8.70011],[120.58006,-8.70006]]]},"properties":{"date":"2023-09-15","year":2023,"res":0.5,"name":"Vivid"}},{"type":"Feature","geometry":{"type":"Polygon","coordinates":[[[120.58587,-8.70115],[120.58582,-8.70113],[120.58588,-8.70117],[120.58587,-8.70115]]]},"properties":{"date":"2023-09-15","year":2023,"res":0.5,"name":"Vivid"}},{"type":"Feature","geometry":{"type":"Polygon","coordinates":[[[120.58581,-8.70112],[120.58579,-8.70112],[120.58581,-8.70113],[120.58581,-8.70112]]]},"properties":{"date":"2023-09-15","year":2023,"res":0.5,"name":"Vivid"}},{"type":"Feature","geometry":{"type":"Polygon","coordinates":[]},"properties":{"date":"2023-09-15","year":2023,"res":0.5,"name":"Vivid"}},{"type":"Feature","geometry":{"type":"Polygon","coordinates":[[[120.58561,-8.70109],[120.58572,-8.7011],[120.58569,-8.70109],[120.58561,-8.70109]]]},"properties":{"date":"2023-09-15","year":2023,"res":0.5,"name":"Vivid"}},{"type":"Feature","geometry":{"type":"Polygon","coordinates":[[[120.58554,-8.70109],[120.58556,-8.70109],[120.58554,-8.70109]]]},"properties":{"date":"2023-09-15","year":2023,"res":0.5,"name":"Vivid"}},{"type":"Feature","geometry":{"type":"Polygon","coordinates":[[[120.58545,-8.70107],[120.58543,-8.70107],[120.58545,-8.70107]]]},"properties":{"date":"2023-09-15","year":2023,"res":0.5,"name":"Vivid"}},{"type":"Feature","geometry":{"type":"Polygon","coordinates":[[[120.58536,-8.70104],[120.58532,-8.70104],[120.58529,-8.70105],[120.58536,-8.70104]]]},"properties":{"date":"2023-09-15","year":2023,"res":0.5,"name":"Vivid"}},{"type":"Feature","geometry":{"type":"Polygon","coordinates":[[[120.58278,-8.7007],[120.58281,-8.70072],[120.5828,-8.7007],[120.58278,-8.7007]]]},"properties":{"date":"2023-09-15","year":2023,"res":0.5,"name":"Vivid"}},{"type":"Feature","geometry":{"type":"Polygon","coordinates":[]},"properties":{"date":"2023-09-15","year":2023,"res":0.5,"name":"Vivid"}},{"type":"Feature","geometry":{"type":"Polygon","coordinates":[[[120.58278,-8.70069],[120.58277,-8.70069],[120.58278,-8.70069]]]},"properties":{"date":"2023-09-15","year":2023,"res":0.5,"name":"Vivid"}},{"type":"Feature","geometry":{"type":"Polygon","coordinates":[[[120.58272,-8.70068],[120.58275,-8.70069],[120.58273,-8.70067],[120.58272,-8.70068]]]},"properties":{"date":"2023-09-15","year":2023,"res":0.5,"name":"Vivid"}},{"type":"Feature","geometry":{"type":"Polygon","coordinates":[[[120.58588,-8.70117],[120.58588,-8.70118],[120.58591,-8.70117],[120.58588,-8.70117]]]},"properties":{"date":"2023-09-15","year":2023,"res":0.5,"name":"Vivid"}},{"type":"Feature","geometry":{"type":"Polygon","coordinates":[[[120.41591,-8.59353],[120.41591,-8.59358],[120.41593,-8.59359],[120.41591,-8.59353]]]},"properties":{"date":"2023-09-15","year":2023,"res":0.5,"name":"Vivid"}},{"type":"Feature","geometry":{"type":"Polygon","coordinates":[[[120.41591,-8.59351],[120.41591,-8.59349],[120.41591,-8.59351]]]},"properties":{"date":"2023-09-15","year":2023,"res":0.5,"name":"Vivid"}},{"type":"Feature","geometry":{"type":"Polygon","coordinates":[[[120.4159,-8.59346],[120.4159,-8.59345],[120.4159,-8.59346]]]},"properties":{"date":"2023-09-15","year":2023,"res":0.5,"name":"Vivid"}},{"type":"Feature","geometry":{"type":"Polygon","coordinates":[[[120.41589,-8.59338],[120.4159,-8.59341],[120.4159,-8.59336],[120.41589,-8.59338]]]},"properties":{"date":"2023-09-15","year":2023,"res":0.5,"name":"Vivid"}},{"type":"Feature","geometry":{"type":"Polygon","coordinates":[[[120.41588,-8.59332],[120.41589,-8.59332],[120.41588,-8.59332]]]},"properties":{"date":"2023-09-15","year":2023,"res":0.5,"name":"Vivid"}},{"type":"Feature","geometry":{"type":"Polygon","coordinates":[[[120.41588,-8.59331],[120.41588,-8.5933],[120.41588,-8.59331]]]},"properties":{"date":"2023-09-15","year":2023,"res":0.5,"name":"Vivid"}},{"type":"Feature","geometry":{"type":"Polygon","coordinates":[[[120.41588,-8.5933],[120.41588,-8.59328],[120.41588,-8.5933]]]},"properties":{"date":"2023-09-15","year":2023,"res":0.5,"name":"Vivid"}},{"type":"Feature","geometry":{"type":"Polygon","coordinates":[[[120.4158,-8.58053],[120.41581,-8.58052],[120.4158,-8.58052],[120.4158,-8.58053]]]},"properties":{"date":"2023-09-15","year":2023,"res":0.5,"name":"Vivid"}},{"type":"Feature","geometry":{"type":"Polygon","coordinates":[[[120.41516,-8.57881],[120.41518,-8.57884],[120.41515,-8.57875],[120.41516,-8.57881]]]},"properties":{"date":"2023-09-15","year":2023,"res":0.5,"name":"Vivid"}},{"type":"Feature","geometry":{"type":"Polygon","coordinates":[[[120.41515,-8.57871],[120.41514,-8.57871],[120.41515,-8.57871]]]},"properties":{"date":"2023-09-15","year":2023,"res":0.5,"name":"Vivid"}},{"type":"Feature","geometry":{"type":"Polygon","coordinates":[[[120.41509,-8.57835],[120.41514,-8.57871],[120.4152,-8.57758],[120.41509,-8.57835]]]},"properties":{"date":"2023-09-15","year":2023,"res":0.5,"name":"Vivid"}},{"type":"Feature","geometry":{"type":"Polygon","coordinates":[[[120.41519,-8.57747],[120.41519,-8.57744],[120.41518,-8.57744],[120.41519,-8.57747]]]},"properties":{"date":"2023-09-15","year":2023,"res":0.5,"name":"Vivid"}},{"type":"Feature","geometry":{"type":"Polygon","coordinates":[[[120.45428,-8.61309],[120.45435,-8.61388],[120.4599,-8.61536],[120.46206,-8.61468],[120.46456,-8.61503],[120.46654,-8.61426],[120.4693,-8.61426],[120.46907,-8.61332],[120.46754,-8.61314],[120.46639,-8.61215],[120.46298,-8.6118],[120.45467,-8.61213],[120.45428,-8.61309]]]},"properties":{"date":"2023-09-15","year":2023,"res":0.5,"name":"Vivid"}},{"type":"Feature","geometry":{"type":"Polygon","coordinates":[[[120.41626,-8.59626],[120.41625,-8.59624],[120.41625,-8.59626],[120.41626,-8.59626]]]},"properties":{"date":"2023-09-15","year":2023,"res":0.5,"name":"Vivid"}},{"type":"Feature","geometry":{"type":"Polygon","coordinates":[]},"properties":{"date":"2023-09-15","year":2023,"res":0.5,"name":"Vivid"}},{"type":"Feature","geometry":{"type":"Polygon","coordinates":[[[120.41625,-8.59617],[120.41625,-8.59616],[120.41625,-8.59617]]]},"properties":{"date":"2023-09-15","year":2023,"res":0.5,"name":"Vivid"}},{"type":"Feature","geometry":{"type":"Polygon","coordinates":[[[120.41625,-8.5961],[120.41624,-8.59608],[120.41624,-8.59613],[120.41625,-8.5961]]]},"properties":{"date":"2023-09-15","year":2023,"res":0.5,"name":"Vivid"}},{"type":"Feature","geometry":{"type":"Polygon","coordinates":[[[120.41613,-8.59525],[120.41616,-8.5958],[120.41623,-8.59598],[120.41613,-8.59525]]]},"properties":{"date":"2023-09-15","year":2023,"res":0.5,"name":"Vivid"}},{"type":"Feature","geometry":{"type":"Polygon","coordinates":[[[120.41611,-8.59515],[120.41612,-8.59521],[120.41612,-8.59515],[120.41611,-8.59515]]]},"properties":{"date":"2023-09-15","year":2023,"res":0.5,"name":"Vivid"}},{"type":"Feature","geometry":{"type":"Polygon","coordinates":[[[120.4161,-8.59505],[120.41611,-8.59513],[120.41611,-8.59505],[120.4161,-8.59505]]]},"properties":{"date":"2023-09-15","year":2023,"res":0.5,"name":"Vivid"}},{"type":"Feature","geometry":{"type":"Polygon","coordinates":[[[120.41598,-8.5941],[120.4161,-8.59504],[120.41605,-8.59435],[120.41598,-8.5941]]]},"properties":{"date":"2023-09-15","year":2023,"res":0.5,"name":"Vivid"}},{"type":"Feature","geometry":{"type":"Polygon","coordinates":[[[120.41598,-8.5941],[120.41597,-8.5941],[120.41598,-8.5941]]]},"properties":{"date":"2023-09-15","year":2023,"res":0.5,"name":"Vivid"}},{"type":"Feature","geometry":{"type":"Polygon","coordinates":[[[120.41593,-8.59361],[120.41592,-8.59394],[120.41597,-8.5941],[120.41593,-8.59361]]]},"properties":{"date":"2023-09-15","year":2023,"res":0.5,"name":"Vivid"}},{"type":"Feature","geometry":{"type":"Polygon","coordinates":[[[120.4158,-8.59281],[120.41588,-8.59327],[120.41765,-8.58936],[120.41689,-8.58742],[120.41796,-8.58582],[120.41804,-8.58438],[120.41581,-8.58053],[120.41542,-8.58285],[120.41632,-8.58547],[120.41623,-8.58918],[120.41547,-8.59095],[120.4158,-8.59281]]]},"properties":{"date":"2023-09-15","year":2023,"res":0.5,"name":"Vivid"}},{"type":"Feature","geometry":{"type":"Polygon","coordinates":[[[120.54176,-8.78913],[120.54415,-8.7896],[120.5505,-8.78906],[120.55063,-8.78682],[120.55229,-8.78427],[120.55192,-8.78141],[120.55344,-8.77798],[120.55355,-8.77386],[120.55494,-8.77121],[120.55495,-8.76874],[120.55351,-8.76513],[120.55411,-8.75918],[120.55384,-8.75496],[120.55097,-8.74509],[120.55201,-8.74315],[120.55491,-8.74091],[120.55613,-8.72956],[120.55281,-8.72286],[120.55353,-8.72014],[120.55302,-8.71546],[120.55375,-8.71131],[120.55246,-8.70827],[120.55244,-8.70444],[120.55129,-8.70117],[120.55536,-8.69964],[120.562,-8.69886],[120.56912,-8.70041],[120.56172,-8.69847],[120.55617,-8.69944],[120.5487,-8.69929],[120.54216,-8.70093],[120.53957,-8.70328],[120.53767,-8.70353],[120.53191,-8.70646],[120.52721,-8.70631],[120.51995,-8.7044],[120.51574,-8.70445],[120.51306,-8.70244],[120.50874,-8.70144],[120.49903,-8.70165],[120.49804,-8.70117],[120.49955,-8.70242],[120.4999,-8.70838],[120.50056,-8.71016],[120.50008,-8.7133],[120.49811,-8.71699],[120.49849,-8.72221],[120.49992,-8.72585],[120.49892,-8.72836],[120.49966,-8.73245],[120.49904,-8.73623],[120.49953,-8.73751],[120.49833,-8.74106],[120.49805,-8.74527],[120.49891,-8.75159],[120.50012,-8.75406],[120.50054,-8.7632],[120.50122,-8.76435],[120.49808,-8.77259],[120.49857,-8.78062],[120.49806,-8.7844],[120.49859,-8.78677],[120.49804,-8.78906],[120.50512,-8.79244],[120.51551,-8.793],[120.52057,-8.7942],[120.52271,-8.79413],[120.52477,-8.79263],[120.53002,-8.79125],[120.53575,-8.78998],[120.53815,-8.79065],[120.54176,-8.78913]]]},"properties":{"date":"2023-09-15","year":2023,"res":0.5,"name":"Vivid"}},{"type":"Feature","geometry":{"type":"Polygon","coordinates":[[[120.57607,-8.70111],[120.57572,-8.70111],[120.57611,-8.70116],[120.57607,-8.70111]]]},"properties":{"date":"2023-09-15","year":2023,"res":0.5,"name":"Vivid"}},{"type":"Feature","geometry":{"type":"Polygon","coordinates":[[[120.57171,-8.7009],[120.57126,-8.70096],[120.57507,-8.70104],[120.57171,-8.7009]]]},"properties":{"date":"2023-09-15","year":2023,"res":0.5,"name":"Vivid"}},{"type":"Feature","geometry":{"type":"Polygon","coordinates":[[[120.56996,-8.70058],[120.57119,-8.70096],[120.57085,-8.70062],[120.56996,-8.70058]]]},"properties":{"date":"2023-09-15","year":2023,"res":0.5,"name":"Vivid"}},{"type":"Feature","geometry":{"type":"Polygon","coordinates":[[[120.43051,-8.78903],[120.42361,-8.79166],[120.42281,-8.7929],[120.42724,-8.79342],[120.43179,-8.79183],[120.43677,-8.79155],[120.44378,-8.78946],[120.44921,-8.78906],[120.45267,-8.79001],[120.45379,-8.78985],[120.45409,-8.78906],[120.45219,-8.78719],[120.4493,-8.78745],[120.43746,-8.78606],[120.43474,-8.78715],[120.43276,-8.78708],[120.431,-8.78806],[120.43051,-8.78903]]]},"properties":{"date":"2023-09-15","year":2023,"res":0.5,"name":"Vivid"}},{"type":"Feature","geometry":{"type":"Polygon","coordinates":[[[120.45405,-8.61346],[120.44383,-8.61365],[120.44176,-8.61538],[120.44011,-8.61577],[120.44706,-8.61514],[120.44761,-8.61408],[120.45207,-8.6147],[120.45405,-8.61346]]]},"properties":{"date":"2023-09-15","year":2023,"res":0.5,"name":"Vivid"}},{"type":"Feature","geometry":{"type":"Polygon","coordinates":[[[120.45407,-8.61328],[120.4541,-8.61329],[120.4541,-8.61328],[120.45407,-8.61328]]]},"properties":{"date":"2023-09-15","year":2023,"res":0.5,"name":"Vivid"}},{"type":"Feature","geometry":{"type":"Polygon","coordinates":[[[120.36314,-8.87686],[120.39837,-8.87693],[120.3986,-8.8283],[120.39955,-8.82626],[120.40145,-8.82589],[120.4023,-8.82505],[120.40316,-8.82132],[120.40233,-8.81815],[120.40254,-8.81477],[120.40117,-8.81252],[120.40093,-8.80777],[120.40113,-8.80348],[120.40291,-8.79784],[120.40227,-8.79588],[120.40027,-8.7942],[120.39878,-8.79101],[120.39876,-8.78846],[120.39937,-8.78771],[120.40523,-8.78692],[120.40671,-8.78841],[120.40821,-8.78818],[120.41032,-8.78894],[120.41094,-8.7822],[120.41142,-8.78194],[120.41116,-8.78009],[120.41264,-8.7777],[120.4122,-8.77469],[120.41264,-8.77233],[120.4109,-8.76633],[120.41156,-8.76484],[120.4102,-8.75948],[120.41106,-8.7561],[120.41023,-8.75503],[120.41033,-8.75198],[120.41151,-8.75111],[120.4118,-8.74741],[120.41015,-8.7451],[120.41053,-8.74344],[120.41247,-8.74156],[120.41204,-8.73908],[120.41278,-8.73622],[120.4122,-8.73143],[120.41318,-8.72866],[120.41256,-8.72368],[120.41398,-8.72011],[120.41338,-8.71436],[120.41422,-8.70683],[120.41332,-8.70595],[120.4121,-8.70254],[120.41028,-8.7012],[120.40566,-8.70221],[120.40437,-8.70197],[120.39972,-8.70331],[120.39798,-8.70271],[120.39329,-8.70369],[120.39167,-8.70307],[120.38084,-8.70423],[120.37719,-8.7038],[120.37548,-8.70247],[120.36845,-8.70214],[120.36622,-8.70117],[120.36279,-8.70139],[120.36284,-8.70508],[120.36086,-8.71369],[120.3607,-8.72036],[120.36297,-8.73731],[120.36235,-8.74267],[120.363,-8.74514],[120.3616,-8.75045],[120.36153,-8.75331],[120.36232,-8.7565],[120.36165,-8.76118],[120.36207,-8.76423],[120.36139,-8.76635],[120.36182,-8.76968],[120.36124,-8.77575],[120.35998,-8.78007],[120.36145,-8.78664],[120.36314,-8.78906],[120.36006,-8.79714],[120.36028,-8.80035],[120.35903,-8.80137],[120.35802,-8.80805],[120.35857,-8.811],[120.36033,-8.8143],[120.3604,-8.81924],[120.36196,-8.8241],[120.36133,-8.82663],[120.36323,-8.83301],[120.36179,-8.83929],[120.35761,-8.84639],[120.35735,-8.85988],[120.35871,-8.86711],[120.36144,-8.87473],[120.36314,-8.87686]]]},"properties":{"date":"2023-09-15","year":2023,"res":0.5,"name":"Vivid"}},{"type":"Feature","geometry":{"type":"Polygon","coordinates":[[[120.41026,-8.789],[120.41072,-8.78993],[120.41262,-8.78996],[120.4153,-8.79152],[120.41776,-8.79148],[120.41957,-8.79033],[120.42067,-8.79038],[120.42189,-8.79249],[120.42273,-8.79262],[120.42361,-8.79166],[120.43038,-8.78909],[120.42803,-8.78735],[120.42478,-8.7866],[120.42039,-8.78727],[120.41658,-8.78661],[120.41465,-8.78739],[120.4124,-8.78738],[120.41026,-8.789]]]},"properties":{"date":"2023-09-15","year":2023,"res":0.5,"name":"Vivid"}},{"type":"Feature","geometry":{"type":"Polygon","coordinates":[[[120.23437,-8.78906],[120.23438,-8.78906],[120.23437,-8.78906]]]},"properties":{"date":"2023-09-20","year":2023,"res":0.46,"name":"Vivid"}},{"type":"Feature","geometry":{"type":"Polygon","coordinates":[[[120.23437,-8.74513],[120.23437,-8.74515],[120.23438,-8.74515],[120.23437,-8.74513]]]},"properties":{"date":"2023-09-20","year":2023,"res":0.46,"name":"Vivid"}},{"type":"Feature","geometry":{"type":"Polygon","coordinates":[[[120.23439,-8.56948],[120.23437,-8.61327],[120.23569,-8.6115],[120.23487,-8.60202],[120.23571,-8.59894],[120.23575,-8.59537],[120.23554,-8.59041],[120.23452,-8.58739],[120.23493,-8.57614],[120.23439,-8.56948]]]},"properties":{"date":"2023-09-20","year":2023,"res":0.46,"name":"Vivid"}},{"type":"Feature","geometry":{"type":"Polygon","coordinates":[[[120.23438,-8.52135],[120.23437,-8.52134],[120.23437,-8.52136],[120.23438,-8.52135]]]},"properties":{"date":"2023-09-20","year":2023,"res":0.46,"name":"Vivid"}},{"type":"Feature","geometry":{"type":"Polygon","coordinates":[[[120.23438,-8.48146],[120.23437,-8.48145],[120.23437,-8.48146],[120.23438,-8.48146]]]},"properties":{"date":"2023-09-20","year":2023,"res":0.46,"name":"Vivid"}},{"type":"Feature","geometry":{"type":"Polygon","coordinates":[[[120.23441,-8.70125],[120.23437,-8.74511],[120.23473,-8.74126],[120.23841,-8.73497],[120.23846,-8.73129],[120.24037,-8.72824],[120.24098,-8.72533],[120.23971,-8.71977],[120.23988,-8.71625],[120.23871,-8.71471],[120.23733,-8.70702],[120.23646,-8.70613],[120.23621,-8.70269],[120.23441,-8.70125]]]},"properties":{"date":"2023-09-20","year":2023,"res":0.46,"name":"Vivid"}},{"type":"Feature","geometry":{"type":"Polygon","coordinates":[[[120.23443,-8.65732],[120.23437,-8.70117],[120.23487,-8.69891],[120.23438,-8.69763],[120.23496,-8.69052],[120.23457,-8.68782],[120.23502,-8.68694],[120.23451,-8.68571],[120.23505,-8.6837],[120.23446,-8.67823],[120.23605,-8.66821],[120.23558,-8.66545],[120.2346,-8.66434],[120.23532,-8.65894],[120.23458,-8.6586],[120.23443,-8.65732]]]},"properties":{"date":"2023-09-20","year":2023,"res":0.46,"name":"Vivid"}},{"type":"Feature","geometry":{"type":"Polygon","coordinates":[[[120.23445,-8.61333],[120.23437,-8.65723],[120.23516,-8.65639],[120.23602,-8.65185],[120.23681,-8.65146],[120.23729,-8.64723],[120.2369,-8.64212],[120.23606,-8.64026],[120.23494,-8.6321],[120.23487,-8.6294],[120.23596,-8.62697],[120.23562,-8.62469],[120.23626,-8.62292],[120.23602,-8.62047],[120.23496,-8.61907],[120.23445,-8.61333]]]},"properties":{"date":"2023-09-20","year":2023,"res":0.46,"name":"Vivid"}},{"type":"Feature","geometry":{"type":"Polygon","coordinates":[[[120.23452,-8.52548],[120.23437,-8.56933],[120.23524,-8.56612],[120.23479,-8.5612],[120.23568,-8.55979],[120.2358,-8.55715],[120.23455,-8.55508],[120.23502,-8.54948],[120.2346,-8.5472],[120.23497,-8.54551],[120.23716,-8.54271],[120.23745,-8.53964],[120.23665,-8.53718],[120.23822,-8.53258],[120.23548,-8.52843],[120.23452,-8.52548]]]},"properties":{"date":"2023-09-20","year":2023,"res":0.46,"name":"Vivid"}},{"type":"Feature","geometry":{"type":"Polygon","coordinates":[[[120.23438,-8.43774],[120.23437,-8.48144],[120.23447,-8.48007],[120.23584,-8.47988],[120.23792,-8.47802],[120.24079,-8.47307],[120.23885,-8.46855],[120.23721,-8.46644],[120.23688,-8.46367],[120.23696,-8.46263],[120.23816,-8.46166],[120.23787,-8.4591],[120.23909,-8.45607],[120.23867,-8.45483],[120.23981,-8.45072],[120.23912,-8.44906],[120.2395,-8.44644],[120.23808,-8.44342],[120.23697,-8.44257],[120.23712,-8.44197],[120.23588,-8.44153],[120.23438,-8.43774]]]},"properties":{"date":"2023-09-20","year":2023,"res":0.46,"name":"Vivid"}},{"type":"Feature","geometry":{"type":"Polygon","coordinates":[[[120.46927,-8.6132],[120.46945,-8.62506],[120.47078,-8.62863],[120.47064,-8.63236],[120.47149,-8.63556],[120.4703,-8.64117],[120.4709,-8.65058],[120.47012,-8.65723],[120.47149,-8.65896],[120.47203,-8.66235],[120.47087,-8.66699],[120.47096,-8.67035],[120.47184,-8.67325],[120.47047,-8.67982],[120.47075,-8.68206],[120.46983,-8.69024],[120.4709,-8.69455],[120.47056,-8.69759],[120.46904,-8.70156],[120.47301,-8.70383],[120.47579,-8.70368],[120.47951,-8.70525],[120.48453,-8.70553],[120.48641,-8.70507],[120.48839,-8.70589],[120.49151,-8.70584],[120.49421,-8.70452],[120.49591,-8.70145],[120.49874,-8.70093],[120.49919,-8.69964],[120.50041,-8.69945],[120.50147,-8.69546],[120.50291,-8.69379],[120.50385,-8.6888],[120.50299,-8.68099],[120.5036,-8.67207],[120.50322,-8.66948],[120.49921,-8.65874],[120.49804,-8.65723],[120.49985,-8.65547],[120.50066,-8.65309],[120.49999,-8.64579],[120.49812,-8.63939],[120.49919,-8.6292],[120.49824,-8.62486],[120.49884,-8.61949],[120.49824,-8.6185],[120.49841,-8.61455],[120.49765,-8.61316],[120.48765,-8.61288],[120.48581,-8.61219],[120.47914,-8.6127],[120.47592,-8.61214],[120.46927,-8.6132]]]},"properties":{"date":"2025-04-04","year":2025,"res":0.31,"name":"Vivid"}},{"type":"Feature","geometry":{"type":"Polygon","coordinates":[[[120.5858,-8.61334],[120.58751,-8.61107],[120.58813,-8.60709],[120.59033,-8.60092],[120.58932,-8.5963],[120.58997,-8.58696],[120.58854,-8.58059],[120.58636,-8.57664],[120.58595,-8.57265],[120.58614,-8.56558],[120.58709,-8.56096],[120.59016,-8.55734],[120.58942,-8.54841],[120.59007,-8.54589],[120.59114,-8.54527],[120.59107,-8.5367],[120.58944,-8.52856],[120.58239,-8.52308],[120.57805,-8.5227],[120.57612,-8.52163],[120.5639,-8.52232],[120.5597,-8.52102],[120.55529,-8.52168],[120.55033,-8.52347],[120.54471,-8.52353],[120.54336,-8.52514],[120.54082,-8.52558],[120.53872,-8.52724],[120.53497,-8.52777],[120.53258,-8.52932],[120.52728,-8.53064],[120.52155,-8.5308],[120.51999,-8.53167],[120.51095,-8.53062],[120.50629,-8.52944],[120.50519,-8.52822],[120.50349,-8.52389],[120.5016,-8.52339],[120.49846,-8.52412],[120.49805,-8.52542],[120.5009,-8.52545],[120.50265,-8.52675],[120.50398,-8.53074],[120.50305,-8.53507],[120.5039,-8.53875],[120.50388,-8.542],[120.50336,-8.54288],[120.50317,-8.54981],[120.50216,-8.55201],[120.50228,-8.55874],[120.5019,-8.56018],[120.50061,-8.56144],[120.49914,-8.56873],[120.49804,-8.56933],[120.49914,-8.57268],[120.49931,-8.57743],[120.50131,-8.57988],[120.50131,-8.58747],[120.50031,-8.58888],[120.49928,-8.58923],[120.49827,-8.59332],[120.49827,-8.60272],[120.49928,-8.60703],[120.49806,-8.61088],[120.49804,-8.61328],[120.49872,-8.61465],[120.50142,-8.6159],[120.50207,-8.61544],[120.50704,-8.61548],[120.50882,-8.6145],[120.5121,-8.61448],[120.51633,-8.61352],[120.52818,-8.6144],[120.542,-8.61328],[120.54601,-8.61449],[120.55151,-8.61432],[120.55362,-8.61498],[120.56171,-8.61508],[120.56596,-8.61596],[120.5858,-8.61334]]]},"properties":{"date":"2025-04-04","year":2025,"res":0.31,"name":"Vivid"}},{"type":"Feature","geometry":{"type":"Polygon","coordinates":[[[120.58586,-8.78908],[120.58638,-8.78734],[120.58723,-8.78679],[120.58776,-8.78246],[120.58643,-8.7799],[120.58691,-8.77611],[120.58628,-8.771],[120.58679,-8.76801],[120.58638,-8.76389],[120.58726,-8.76172],[120.58634,-8.75967],[120.58596,-8.75576],[120.58595,-8.74392],[120.58789,-8.73627],[120.58766,-8.7321],[120.58679,-8.73049],[120.58638,-8.72306],[120.58718,-8.71888],[120.58638,-8.71601],[120.58688,-8.71501],[120.5865,-8.71123],[120.58697,-8.70681],[120.58638,-8.70206],[120.58582,-8.70113],[120.58087,-8.70008],[120.5787,-8.70018],[120.57636,-8.70115],[120.57146,-8.70115],[120.562,-8.69886],[120.55211,-8.70044],[120.55129,-8.70117],[120.55244,-8.70444],[120.55246,-8.70827],[120.55375,-8.71131],[120.55302,-8.71546],[120.55353,-8.72014],[120.55281,-8.72286],[120.55614,-8.72977],[120.55491,-8.74091],[120.55201,-8.74315],[120.55097,-8.74509],[120.55384,-8.75496],[120.55411,-8.75918],[120.55351,-8.76513],[120.55495,-8.76874],[120.55495,-8.77112],[120.55355,-8.77386],[120.55344,-8.77798],[120.55192,-8.78141],[120.55229,-8.78427],[120.55063,-8.78682],[120.5505,-8.78906],[120.55582,-8.78933],[120.5618,-8.79127],[120.5656,-8.79068],[120.56653,-8.78962],[120.56933,-8.78909],[120.57327,-8.78975],[120.57428,-8.7892],[120.57667,-8.78979],[120.581,-8.78942],[120.58418,-8.79036],[120.58586,-8.78908]]]},"properties":{"date":"2025-04-04","year":2025,"res":0.31,"name":"Vivid"}},{"type":"Feature","geometry":{"type":"Polygon","coordinates":[[[120.50308,-8.43742],[120.50414,-8.44482],[120.50277,-8.45249],[120.50345,-8.46065],[120.5046,-8.46455],[120.50371,-8.47145],[120.50453,-8.47589],[120.50402,-8.48236],[120.50494,-8.48419],[120.50483,-8.48633],[120.50384,-8.48849],[120.50387,-8.49186],[120.50528,-8.5046],[120.50736,-8.50979],[120.50603,-8.51652],[120.50509,-8.51817],[120.50397,-8.5184],[120.50453,-8.51874],[120.50495,-8.52133],[120.50387,-8.52539],[120.50585,-8.52921],[120.50895,-8.53029],[120.51999,-8.53167],[120.52184,-8.53076],[120.52728,-8.53064],[120.53258,-8.52932],[120.53497,-8.52777],[120.53872,-8.52724],[120.54082,-8.52558],[120.54336,-8.52514],[120.54471,-8.52353],[120.55033,-8.52347],[120.55529,-8.52168],[120.5597,-8.52102],[120.5639,-8.52232],[120.57612,-8.52163],[120.57805,-8.5227],[120.58239,-8.52308],[120.58594,-8.52539],[120.58644,-8.52389],[120.58595,-8.52059],[120.58662,-8.51465],[120.58597,-8.51244],[120.58603,-8.50826],[120.58736,-8.50476],[120.58609,-8.49982],[120.58624,-8.49363],[120.58645,-8.49238],[120.58759,-8.49121],[120.5876,-8.48975],[120.58973,-8.48616],[120.58851,-8.48395],[120.58594,-8.48148],[120.58594,-8.47875],[120.58802,-8.47857],[120.58877,-8.47778],[120.58901,-8.47599],[120.58741,-8.46415],[120.58814,-8.45951],[120.5874,-8.45396],[120.58734,-8.45015],[120.58791,-8.44861],[120.58738,-8.44309],[120.58842,-8.44236],[120.58875,-8.44023],[120.58741,-8.4375],[120.58737,-8.43317],[120.58767,-8.43081],[120.5887,-8.43031],[120.58939,-8.42853],[120.58784,-8.41857],[120.58634,-8.41703],[120.58594,-8.41469],[120.58719,-8.41142],[120.5862,-8.40717],[120.50382,-8.40717],[120.50455,-8.40944],[120.50576,-8.41069],[120.50624,-8.41536],[120.50753,-8.41769],[120.50774,-8.42486],[120.50871,-8.42913],[120.50813,-8.4312],[120.50308,-8.43742]]]},"properties":{"date":"2025-05-29","year":2025,"res":0.34,"name":"Vivid"}},{"type":"Feature","geometry":{"type":"Polygon","coordinates":[[[120.50387,-8.40739],[120.41898,-8.40717],[120.41795,-8.412],[120.41891,-8.41715],[120.41827,-8.42192],[120.41877,-8.42854],[120.41837,-8.43],[120.41967,-8.43316],[120.41871,-8.4375],[120.42019,-8.43908],[120.42044,-8.44364],[120.42197,-8.44691],[120.42182,-8.45145],[120.4203,-8.45685],[120.42029,-8.46186],[120.41934,-8.46828],[120.41924,-8.47935],[120.41798,-8.48144],[120.4181,-8.48407],[120.42359,-8.48403],[120.42762,-8.48483],[120.4303,-8.48385],[120.43285,-8.48404],[120.43488,-8.48499],[120.43866,-8.48508],[120.44461,-8.48361],[120.4541,-8.48306],[120.45582,-8.48329],[120.45783,-8.48473],[120.46111,-8.48509],[120.46278,-8.48454],[120.4658,-8.48521],[120.46991,-8.48447],[120.47405,-8.48525],[120.48053,-8.48357],[120.48901,-8.48526],[120.49253,-8.48318],[120.49804,-8.48238],[120.49893,-8.48336],[120.49921,-8.48546],[120.49895,-8.49552],[120.49663,-8.50436],[120.49543,-8.50668],[120.49525,-8.50986],[120.49427,-8.5117],[120.4946,-8.515],[120.49804,-8.5182],[120.50144,-8.5177],[120.50326,-8.51834],[120.50509,-8.51817],[120.50681,-8.51401],[120.50736,-8.50979],[120.50528,-8.5046],[120.50387,-8.49186],[120.50384,-8.48849],[120.50483,-8.48633],[120.50494,-8.48419],[120.50402,-8.48236],[120.50453,-8.47589],[120.50371,-8.47145],[120.5046,-8.46455],[120.50345,-8.46065],[120.50277,-8.45249],[120.50414,-8.44482],[120.50302,-8.4375],[120.50813,-8.4312],[120.50871,-8.42913],[120.50774,-8.42486],[120.50753,-8.41769],[120.50624,-8.41536],[120.50576,-8.41069],[120.50455,-8.40944],[120.50387,-8.40739]]]},"properties":{"date":"2025-07-17","year":2025,"res":0.34,"name":"Vivid"}},{"type":"Feature","geometry":{"type":"Polygon","coordinates":[[[120.41023,-8.61306],[120.41093,-8.61404],[120.41442,-8.61449],[120.42463,-8.61971],[120.42746,-8.61995],[120.42952,-8.61912],[120.43104,-8.61726],[120.43574,-8.61739],[120.43945,-8.61661],[120.44021,-8.61554],[120.44176,-8.61538],[120.44383,-8.61365],[120.45365,-8.61366],[120.45467,-8.61213],[120.46298,-8.6118],[120.46639,-8.61215],[120.46754,-8.61314],[120.469,-8.61328],[120.47592,-8.61214],[120.47914,-8.6127],[120.48581,-8.61219],[120.48765,-8.61288],[120.49827,-8.61309],[120.49806,-8.61088],[120.49928,-8.60703],[120.49827,-8.60272],[120.49827,-8.59332],[120.49928,-8.58923],[120.50034,-8.58884],[120.50138,-8.5866],[120.50095,-8.58435],[120.5013,-8.57968],[120.49931,-8.57743],[120.49914,-8.57268],[120.49804,-8.56933],[120.49914,-8.56873],[120.50061,-8.56144],[120.5019,-8.56018],[120.50228,-8.55874],[120.50216,-8.55201],[120.50317,-8.54981],[120.50336,-8.54288],[120.50388,-8.542],[120.5039,-8.53875],[120.50305,-8.53507],[120.50398,-8.53074],[120.50265,-8.52675],[120.50152,-8.52571],[120.49804,-8.52539],[120.49882,-8.52389],[120.5016,-8.52339],[120.50349,-8.52389],[120.50387,-8.52539],[120.50495,-8.52133],[120.50453,-8.51874],[120.50385,-8.51822],[120.50144,-8.5177],[120.49804,-8.5182],[120.49456,-8.51481],[120.49422,-8.51201],[120.49525,-8.50986],[120.49512,-8.50797],[120.49895,-8.49552],[120.49921,-8.48546],[120.49823,-8.48248],[120.49253,-8.48318],[120.48901,-8.48526],[120.48053,-8.48357],[120.47405,-8.48525],[120.46991,-8.48447],[120.4658,-8.48521],[120.46278,-8.48454],[120.46111,-8.48509],[120.45783,-8.48473],[120.45582,-8.48329],[120.4541,-8.48306],[120.44461,-8.48361],[120.43866,-8.48508],[120.43488,-8.48499],[120.43285,-8.48404],[120.4303,-8.48385],[120.42762,-8.48483],[120.42359,-8.48403],[120.41347,-8.48429],[120.41015,-8.48381],[120.40923,-8.48652],[120.4094,-8.4894],[120.41006,-8.48983],[120.41015,-8.4941],[120.4093,-8.49722],[120.4096,-8.49966],[120.40883,-8.50084],[120.40979,-8.51069],[120.40935,-8.51644],[120.40831,-8.51974],[120.41142,-8.53061],[120.4128,-8.53946],[120.41032,-8.54697],[120.41076,-8.55056],[120.41021,-8.55818],[120.41087,-8.56659],[120.41015,-8.56936],[120.41149,-8.5724],[120.41336,-8.57335],[120.415,-8.57598],[120.41535,-8.58006],[120.41641,-8.5808],[120.41686,-8.58287],[120.41804,-8.58438],[120.41796,-8.58582],[120.41689,-8.58742],[120.41765,-8.58936],[120.41588,-8.59308],[120.41626,-8.59626],[120.41288,-8.59834],[120.41233,-8.60084],[120.41089,-8.60245],[120.41192,-8.60763],[120.4115,-8.61135],[120.41023,-8.61306]]]},"properties":{"date":"2025-08-09","year":2025,"res":0.34,"name":"Vivid"}},{"type":"Feature","geometry":{"type":"Polygon","coordinates":[[[119.90398,-8.70106],[119.90323,-8.70155],[119.89943,-8.70151],[119.89682,-8.70057],[119.89164,-8.70069],[119.88968,-8.69907],[119.88697,-8.69895],[119.88406,-8.6998],[119.88237,-8.70153],[119.88206,-8.70313],[119.8821,-8.70438],[119.88326,-8.70501],[119.88421,-8.70679],[119.88477,-8.71004],[119.88544,-8.71045],[119.88628,-8.71333],[119.88752,-8.71449],[119.88793,-8.7163],[119.88561,-8.72125],[119.88317,-8.72264],[119.8809,-8.72538],[119.87952,-8.72991],[119.87984,-8.73217],[119.87889,-8.73617],[119.88241,-8.74111],[119.88291,-8.74596],[119.88188,-8.74941],[119.88189,-8.75261],[119.88011,-8.75515],[119.88033,-8.75786],[119.87881,-8.76182],[119.87864,-8.76945],[119.87734,-8.77221],[119.87742,-8.7777],[119.87762,-8.77948],[119.88202,-8.78396],[119.88282,-8.78906],[119.88809,-8.79077],[119.90315,-8.7901],[119.90588,-8.78897],[119.90773,-8.78449],[119.90764,-8.77885],[119.90677,-8.77616],[119.9075,-8.77285],[119.90672,-8.76926],[119.90728,-8.76023],[119.90534,-8.74512],[119.90618,-8.73962],[119.90744,-8.73615],[119.90681,-8.73132],[119.90773,-8.72639],[119.90627,-8.71602],[119.90798,-8.70728],[119.90642,-8.70125],[119.90398,-8.70106]]]},"properties":{"date":"2016-01-12","year":2016,"res":0.5,"name":"Vivid"}},{"type":"Feature","geometry":{"type":"Polygon","coordinates":[[[119.97152,-8.70082],[119.97071,-8.70117],[119.97057,-8.70392],[119.9697,-8.7061],[119.97066,-8.71248],[119.97152,-8.71353],[119.97136,-8.72015],[119.96951,-8.72604],[119.97026,-8.72795],[119.9699,-8.7293],[119.97088,-8.73037],[119.97088,-8.73421],[119.96913,-8.74029],[119.97,-8.74269],[119.96942,-8.74425],[119.9711,-8.7458],[119.97168,-8.74935],[119.97161,-8.75254],[119.9705,-8.75504],[119.97075,-8.75748],[119.96973,-8.76184],[119.96962,-8.76731],[119.97023,-8.76943],[119.9692,-8.77259],[119.96922,-8.77476],[119.97049,-8.77852],[119.97026,-8.78289],[119.97109,-8.78582],[119.97071,-8.78906],[119.97357,-8.78882],[119.97443,-8.7876],[119.97602,-8.78708],[119.9803,-8.78778],[119.98349,-8.78701],[119.98754,-8.78766],[119.98887,-8.78725],[119.99272,-8.78891],[119.99405,-8.78851],[119.99748,-8.78906],[120.0022,-8.78775],[120.00612,-8.78792],[120.00915,-8.78732],[120.01135,-8.78756],[120.01351,-8.78903],[120.01527,-8.78934],[120.01721,-8.7916],[120.02365,-8.79569],[120.02817,-8.79597],[120.02975,-8.79709],[120.03798,-8.79924],[120.04334,-8.79946],[120.04529,-8.80009],[120.05341,-8.7961],[120.05454,-8.79344],[120.05586,-8.79302],[120.0588,-8.78861],[120.05901,-8.78044],[120.05726,-8.77647],[120.05718,-8.77429],[120.05731,-8.7704],[120.05887,-8.76724],[120.05872,-8.75934],[120.05998,-8.75668],[120.0586,-8.74511],[120.05948,-8.74454],[120.05971,-8.74278],[120.05889,-8.7411],[120.05862,-8.73728],[120.05939,-8.73443],[120.0595,-8.72864],[120.06119,-8.72782],[120.06178,-8.72046],[120.06102,-8.71905],[120.06166,-8.71593],[120.06107,-8.71256],[120.05995,-8.71081],[120.0601,-8.7043],[120.05929,-8.70181],[120.05857,-8.70117],[120.0532,-8.70346],[120.0438,-8.70386],[120.04211,-8.70492],[120.03936,-8.70539],[120.03033,-8.70405],[120.0281,-8.70306],[120.02152,-8.70284],[120.02089,-8.70212],[120.01468,-8.70117],[120.01418,-8.70255],[120.01277,-8.70319],[120.00953,-8.70319],[120.0081,-8.70412],[120.00367,-8.70396],[120.00231,-8.70315],[119.99581,-8.70255],[119.99268,-8.70045],[119.9895,-8.70073],[119.98417,-8.69831],[119.97625,-8.70138],[119.97152,-8.70082]]]},"properties":{"date":"2017-07-15","year":2017,"res":0.5,"name":"Vivid"}},{"type":"Feature","geometry":{"type":"Polygon","coordinates":[[[119.90652,-8.70101],[119.90798,-8.70728],[119.90627,-8.71602],[119.90773,-8.72639],[119.90681,-8.73132],[119.90752,-8.73414],[119.90534,-8.74512],[119.90728,-8.76023],[119.90672,-8.76926],[119.9075,-8.77285],[119.90677,-8.77616],[119.90764,-8.77885],[119.90773,-8.78449],[119.90579,-8.78906],[119.90868,-8.78938],[119.91095,-8.79095],[119.91767,-8.78858],[119.91927,-8.78873],[119.91983,-8.78906],[119.91807,-8.79006],[119.91779,-8.79155],[119.92399,-8.79358],[119.9257,-8.793],[119.9273,-8.78688],[119.92906,-8.78592],[119.93365,-8.78653],[119.93377,-8.78863],[119.93452,-8.78906],[119.93679,-8.78826],[119.94186,-8.78867],[119.94663,-8.78778],[119.95168,-8.78947],[119.95589,-8.78826],[119.95906,-8.78904],[119.95907,-8.78839],[119.96362,-8.78514],[119.96627,-8.77675],[119.96616,-8.774],[119.96498,-8.77053],[119.96546,-8.76724],[119.96447,-8.76594],[119.96497,-8.75864],[119.96292,-8.75364],[119.96334,-8.75197],[119.9623,-8.74873],[119.95913,-8.74512],[119.96071,-8.74029],[119.9606,-8.73819],[119.96136,-8.73708],[119.96162,-8.73245],[119.96221,-8.73128],[119.96206,-8.72863],[119.96138,-8.72782],[119.96196,-8.72393],[119.96176,-8.71906],[119.96071,-8.71771],[119.96042,-8.71464],[119.96115,-8.71159],[119.96048,-8.70877],[119.96074,-8.7058],[119.95932,-8.7008],[119.95347,-8.69905],[119.94806,-8.69899],[119.94706,-8.69807],[119.94252,-8.69844],[119.9405,-8.69942],[119.93413,-8.69977],[119.93143,-8.70107],[119.92786,-8.70058],[119.92711,-8.70124],[119.92526,-8.70124],[119.92198,-8.69994],[119.9156,-8.6988],[119.90699,-8.69966],[119.9074,-8.7008],[119.90652,-8.70101]]]},"properties":{"date":"2017-07-15","year":2017,"res":0.5,"name":"Vivid"}},{"type":"Feature","geometry":{"type":"Polygon","coordinates":[[[119.90712,-8.68787],[119.90784,-8.68699],[119.90889,-8.68173],[119.90894,-8.67335],[119.90833,-8.66731],[119.90602,-8.66032],[119.90666,-8.66641],[119.90626,-8.67233],[119.9072,-8.67398],[119.90692,-8.67823],[119.90797,-8.68054],[119.90712,-8.68787]]]},"properties":{"date":"2017-07-15","year":2017,"res":0.5,"name":"Vivid"}},{"type":"Feature","geometry":{"type":"Polygon","coordinates":[[[119.97162,-8.70085],[119.97162,-8.70084],[119.97162,-8.70085]]]},"properties":{"date":"2018-06-17","year":2018,"res":0.5,"name":"Vivid"}},{"type":"Feature","geometry":{"type":"Polygon","coordinates":[[[119.97161,-8.70083],[119.97161,-8.70084],[119.97161,-8.70083]]]},"properties":{"date":"2018-06-17","year":2018,"res":0.5,"name":"Vivid"}},{"type":"Feature","geometry":{"type":"Polygon","coordinates":[[[119.97158,-8.70082],[119.9716,-8.70083],[119.9716,-8.70082],[119.97158,-8.70082]]]},"properties":{"date":"2018-06-17","year":2018,"res":0.5,"name":"Vivid"}},{"type":"Feature","geometry":{"type":"Polygon","coordinates":[[[119.97129,-8.70079],[119.97128,-8.70079],[119.97129,-8.70079]]]},"properties":{"date":"2018-06-17","year":2018,"res":0.5,"name":"Vivid"}},{"type":"Feature","geometry":{"type":"Polygon","coordinates":[[[119.97139,-8.70077],[119.97158,-8.70082],[119.97152,-8.70078],[119.97139,-8.70077]]]},"properties":{"date":"2018-06-17","year":2018,"res":0.5,"name":"Vivid"}},{"type":"Feature","geometry":{"type":"Polygon","coordinates":[]},"properties":{"date":"2018-06-17","year":2018,"res":0.5,"name":"Vivid"}},{"type":"Feature","geometry":{"type":"Polygon","coordinates":[[[119.97133,-8.70078],[119.97132,-8.70078],[119.97133,-8.70078]]]},"properties":{"date":"2018-06-17","year":2018,"res":0.5,"name":"Vivid"}},{"type":"Feature","geometry":{"type":"Polygon","coordinates":[[[119.97133,-8.70078],[119.97134,-8.70078],[119.97134,-8.70077],[119.97133,-8.70078]]]},"properties":{"date":"2018-06-17","year":2018,"res":0.5,"name":"Vivid"}},{"type":"Feature","geometry":{"type":"Polygon","coordinates":[]},"properties":{"date":"2018-06-17","year":2018,"res":0.5,"name":"Vivid"}},{"type":"Feature","geometry":{"type":"Polygon","coordinates":[[[119.97073,-8.61329],[119.97075,-8.61329],[119.97073,-8.61329]]]},"properties":{"date":"2018-06-17","year":2018,"res":0.5,"name":"Vivid"}},{"type":"Feature","geometry":{"type":"Polygon","coordinates":[[[119.97073,-8.61328],[119.97072,-8.61328],[119.97072,-8.61329],[119.97073,-8.61328]]]},"properties":{"date":"2018-06-17","year":2018,"res":0.5,"name":"Vivid"}},{"type":"Feature","geometry":{"type":"Polygon","coordinates":[[[119.97072,-8.61328],[119.97071,-8.61328],[119.97072,-8.61328]]]},"properties":{"date":"2018-06-17","year":2018,"res":0.5,"name":"Vivid"}},{"type":"Feature","geometry":{"type":"Polygon","coordinates":[[[119.97172,-8.70092],[119.97169,-8.7009],[119.9717,-8.70092],[119.97172,-8.70092]]]},"properties":{"date":"2018-06-17","year":2018,"res":0.5,"name":"Vivid"}},{"type":"Feature","geometry":{"type":"Polygon","coordinates":[]},"properties":{"date":"2018-06-17","year":2018,"res":0.5,"name":"Vivid"}},{"type":"Feature","geometry":{"type":"Polygon","coordinates":[]},"properties":{"date":"2018-06-17","year":2018,"res":0.5,"name":"Vivid"}},{"type":"Feature","geometry":{"type":"Polygon","coordinates":[]},"properties":{"date":"2018-06-17","year":2018,"res":0.5,"name":"Vivid"}},{"type":"Feature","geometry":{"type":"Polygon","coordinates":[[[119.98307,-8.69889],[119.98345,-8.69843],[119.97929,-8.69838],[119.97627,-8.70035],[119.97176,-8.70092],[119.97625,-8.70138],[119.98307,-8.69889]]]},"properties":{"date":"2018-06-17","year":2018,"res":0.5,"name":"Vivid"}},{"type":"Feature","geometry":{"type":"Polygon","coordinates":[[[119.99322,-8.7008],[119.99581,-8.70255],[120.00035,-8.70283],[119.99771,-8.70117],[119.99789,-8.69952],[119.99619,-8.69896],[119.98896,-8.69854],[119.98779,-8.69904],[119.98605,-8.69814],[119.9842,-8.69836],[119.9895,-8.70073],[119.99177,-8.70034],[119.99322,-8.7008]]]},"properties":{"date":"2018-06-17","year":2018,"res":0.5,"name":"Vivid"}},{"type":"Feature","geometry":{"type":"Polygon","coordinates":[[[119.9842,-8.69836],[119.9842,-8.69835],[119.9842,-8.69836]]]},"properties":{"date":"2018-06-17","year":2018,"res":0.5,"name":"Vivid"}},{"type":"Feature","geometry":{"type":"Polygon","coordinates":[[[119.9842,-8.69833],[119.9842,-8.69835],[119.9842,-8.69833]]]},"properties":{"date":"2018-06-17","year":2018,"res":0.5,"name":"Vivid"}},{"type":"Feature","geometry":{"type":"Polygon","coordinates":[[[119.98417,-8.69831],[119.98418,-8.69832],[119.98419,-8.69832],[119.98417,-8.69831]]]},"properties":{"date":"2018-06-17","year":2018,"res":0.5,"name":"Vivid"}},{"type":"Feature","geometry":{"type":"Polygon","coordinates":[[[120.02249,-8.61452],[120.02164,-8.61466],[120.02136,-8.61589],[120.02412,-8.61555],[120.02702,-8.61604],[120.03097,-8.61504],[120.03568,-8.61531],[120.03777,-8.61604],[120.04297,-8.61608],[120.0478,-8.61506],[120.055,-8.61511],[120.05781,-8.61451],[120.05855,-8.61334],[120.04644,-8.61262],[120.0372,-8.61371],[120.02808,-8.61331],[120.02449,-8.61458],[120.02332,-8.61398],[120.02249,-8.61452]]]},"properties":{"date":"2018-06-17","year":2018,"res":0.5,"name":"Vivid"}},{"type":"Feature","geometry":{"type":"Polygon","coordinates":[[[120.0146,-8.61331],[120.01459,-8.61332],[120.0146,-8.61332],[120.0146,-8.61331]]]},"properties":{"date":"2018-06-17","year":2018,"res":0.5,"name":"Vivid"}},{"type":"Feature","geometry":{"type":"Polygon","coordinates":[[[120.01469,-8.61329],[120.01468,-8.61329],[120.01469,-8.61329]]]},"properties":{"date":"2018-06-17","year":2018,"res":0.5,"name":"Vivid"}},{"type":"Feature","geometry":{"type":"Polygon","coordinates":[[[119.9594,-8.70083],[119.96074,-8.7058],[119.96048,-8.70877],[119.96115,-8.71159],[119.96042,-8.71464],[119.96071,-8.71771],[119.96176,-8.71906],[119.96196,-8.72393],[119.96138,-8.72782],[119.96206,-8.72863],[119.96221,-8.73128],[119.96162,-8.73245],[119.96136,-8.73708],[119.9606,-8.73819],[119.96071,-8.74029],[119.95913,-8.74512],[119.9623,-8.74873],[119.96334,-8.75197],[119.96292,-8.75364],[119.96497,-8.75864],[119.96447,-8.76594],[119.96546,-8.76724],[119.96498,-8.77053],[119.96616,-8.774],[119.96627,-8.77675],[119.96362,-8.78514],[119.95907,-8.78839],[119.95897,-8.78906],[119.96347,-8.78939],[119.96517,-8.78867],[119.97012,-8.78934],[119.97071,-8.78906],[119.97109,-8.78582],[119.9704,-8.78423],[119.97049,-8.77852],[119.96922,-8.77476],[119.9692,-8.77259],[119.97023,-8.76943],[119.96962,-8.76731],[119.96973,-8.76184],[119.97075,-8.75748],[119.9705,-8.75504],[119.97161,-8.75254],[119.97168,-8.74935],[119.9711,-8.7458],[119.96942,-8.74425],[119.97,-8.74269],[119.96913,-8.74029],[119.97088,-8.73421],[119.97088,-8.73037],[119.9699,-8.7293],[119.97026,-8.72795],[119.96951,-8.72604],[119.97136,-8.72015],[119.97152,-8.71353],[119.97066,-8.71248],[119.9697,-8.7061],[119.97084,-8.70151],[119.96639,-8.70201],[119.96393,-8.70086],[119.9594,-8.70083]]]},"properties":{"date":"2018-06-17","year":2018,"res":0.5,"name":"Vivid"}},{"type":"Feature","geometry":{"type":"Polygon","coordinates":[[[120.05789,-8.52538],[120.0586,-8.52539],[120.05853,-8.52426],[120.05745,-8.52224],[120.05732,-8.51916],[120.05628,-8.51812],[120.05587,-8.51575],[120.05661,-8.51461],[120.05626,-8.5107],[120.05735,-8.50789],[120.0567,-8.49572],[120.05722,-8.4884],[120.05798,-8.48669],[120.0577,-8.48462],[120.0586,-8.48142],[120.06051,-8.47809],[120.06021,-8.47427],[120.06071,-8.4734],[120.06052,-8.47044],[120.06121,-8.46906],[120.06004,-8.46372],[120.05778,-8.45771],[120.05794,-8.45282],[120.05741,-8.45121],[120.05816,-8.44935],[120.05752,-8.44263],[120.05795,-8.43905],[120.05877,-8.4378],[120.0512,-8.43923],[120.04562,-8.43927],[120.04189,-8.43845],[120.03421,-8.44006],[120.03187,-8.43945],[120.02695,-8.44022],[120.02564,-8.43873],[120.02296,-8.44009],[120.01898,-8.44045],[120.0191,-8.4427],[120.01793,-8.4464],[120.01783,-8.45369],[120.01909,-8.4581],[120.01904,-8.46153],[120.01799,-8.46473],[120.01725,-8.47219],[120.01933,-8.48144],[120.01807,-8.48273],[120.01689,-8.48758],[120.01729,-8.48952],[120.01623,-8.49321],[120.01652,-8.49879],[120.01585,-8.50487],[120.01628,-8.50792],[120.01578,-8.50986],[120.01644,-8.51274],[120.01662,-8.51945],[120.01739,-8.52164],[120.01881,-8.5229],[120.01947,-8.52539],[120.01911,-8.52633],[120.02059,-8.52713],[120.02599,-8.5268],[120.0319,-8.5259],[120.03301,-8.52524],[120.03923,-8.5262],[120.04215,-8.52552],[120.04389,-8.52613],[120.05434,-8.52687],[120.05606,-8.5255],[120.05789,-8.52538]]]},"properties":{"date":"2018-06-17","year":2018,"res":0.5,"name":"Vivid"}},{"type":"Feature","geometry":{"type":"Polygon","coordinates":[[[120.05873,-8.78853],[120.05863,-8.78901],[120.05944,-8.78848],[120.06022,-8.78234],[120.05993,-8.78097],[120.05901,-8.78044],[120.05873,-8.78853]]]},"properties":{"date":"2018-06-17","year":2018,"res":0.5,"name":"Vivid"}},{"type":"Feature","geometry":{"type":"Polygon","coordinates":[[[120.05884,-8.76738],[120.05731,-8.7704],[120.05718,-8.77395],[120.05726,-8.77647],[120.05865,-8.77946],[120.05973,-8.77478],[120.05927,-8.77121],[120.06041,-8.76532],[120.06,-8.75988],[120.0608,-8.75736],[120.05995,-8.75588],[120.05872,-8.75934],[120.05884,-8.76738]]]},"properties":{"date":"2018-06-17","year":2018,"res":0.5,"name":"Vivid"}},{"type":"Feature","geometry":{"type":"Polygon","coordinates":[[[120.05934,-8.75133],[120.05959,-8.75178],[120.05915,-8.74651],[120.05874,-8.74902],[120.05934,-8.75133]]]},"properties":{"date":"2018-06-17","year":2018,"res":0.5,"name":"Vivid"}},{"type":"Feature","geometry":{"type":"Polygon","coordinates":[[[120.05915,-8.74646],[120.05915,-8.74647],[120.05915,-8.74646]]]},"properties":{"date":"2018-06-17","year":2018,"res":0.5,"name":"Vivid"}},{"type":"Feature","geometry":{"type":"Polygon","coordinates":[[[120.05889,-8.74602],[120.05914,-8.74642],[120.05871,-8.74533],[120.05889,-8.74602]]]},"properties":{"date":"2018-06-17","year":2018,"res":0.5,"name":"Vivid"}},{"type":"Feature","geometry":{"type":"Polygon","coordinates":[[[120.05861,-8.74514],[120.05871,-8.74525],[120.05867,-8.74517],[120.05861,-8.74514]]]},"properties":{"date":"2018-06-17","year":2018,"res":0.5,"name":"Vivid"}},{"type":"Feature","geometry":{"type":"Polygon","coordinates":[[[120.0586,-8.74511],[120.0586,-8.74509],[120.0586,-8.74511]]]},"properties":{"date":"2018-06-17","year":2018,"res":0.5,"name":"Vivid"}},{"type":"Feature","geometry":{"type":"Polygon","coordinates":[[[120.05871,-8.745],[120.05871,-8.74498],[120.0587,-8.74499],[120.05871,-8.745]]]},"properties":{"date":"2018-06-17","year":2018,"res":0.5,"name":"Vivid"}},{"type":"Feature","geometry":{"type":"Polygon","coordinates":[]},"properties":{"date":"2018-06-17","year":2018,"res":0.5,"name":"Vivid"}},{"type":"Feature","geometry":{"type":"Polygon","coordinates":[[[120.05927,-8.7018],[120.05926,-8.7018],[120.05927,-8.7018]]]},"properties":{"date":"2018-06-17","year":2018,"res":0.5,"name":"Vivid"}},{"type":"Feature","geometry":{"type":"Polygon","coordinates":[[[120.05925,-8.70178],[120.05924,-8.70177],[120.05924,-8.70178],[120.05925,-8.70178]]]},"properties":{"date":"2018-06-17","year":2018,"res":0.5,"name":"Vivid"}},{"type":"Feature","geometry":{"type":"Polygon","coordinates":[[[120.05863,-8.70121],[120.05864,-8.70124],[120.05866,-8.70124],[120.05863,-8.70121]]]},"properties":{"date":"2018-06-17","year":2018,"res":0.5,"name":"Vivid"}},{"type":"Feature","geometry":{"type":"Polygon","coordinates":[[[120.05989,-8.75561],[120.05989,-8.75547],[120.05984,-8.75535],[120.05989,-8.75561]]]},"properties":{"date":"2018-06-17","year":2018,"res":0.5,"name":"Vivid"}},{"type":"Feature","geometry":{"type":"Polygon","coordinates":[[[120.05979,-8.75524],[120.05984,-8.75533],[120.05983,-8.75515],[120.05979,-8.75524]]]},"properties":{"date":"2018-06-17","year":2018,"res":0.5,"name":"Vivid"}},{"type":"Feature","geometry":{"type":"Polygon","coordinates":[[[120.05994,-8.75472],[120.0599,-8.75477],[120.05993,-8.75475],[120.05994,-8.75472]]]},"properties":{"date":"2018-06-17","year":2018,"res":0.5,"name":"Vivid"}},{"type":"Feature","geometry":{"type":"Polygon","coordinates":[[[120.05993,-8.75464],[120.05992,-8.75471],[120.05993,-8.75472],[120.05993,-8.75464]]]},"properties":{"date":"2018-06-17","year":2018,"res":0.5,"name":"Vivid"}},{"type":"Feature","geometry":{"type":"Polygon","coordinates":[[[120.05991,-8.75461],[120.0599,-8.75463],[120.05992,-8.75463],[120.05991,-8.75461]]]},"properties":{"date":"2018-06-17","year":2018,"res":0.5,"name":"Vivid"}},{"type":"Feature","geometry":{"type":"Polygon","coordinates":[[[120.05989,-8.75458],[120.05989,-8.75459],[120.05989,-8.75456],[120.05989,-8.75458]]]},"properties":{"date":"2018-06-17","year":2018,"res":0.5,"name":"Vivid"}},{"type":"Feature","geometry":{"type":"Polygon","coordinates":[]},"properties":{"date":"2018-06-17","year":2018,"res":0.5,"name":"Vivid"}},{"type":"Feature","geometry":{"type":"Polygon","coordinates":[[[120.05981,-8.7544],[120.05981,-8.75441],[120.05981,-8.7544]]]},"properties":{"date":"2018-06-17","year":2018,"res":0.5,"name":"Vivid"}},{"type":"Feature","geometry":{"type":"Polygon","coordinates":[[[120.05936,-8.74458],[120.059,-8.74482],[120.0602,-8.74398],[120.06057,-8.7424],[120.06166,-8.74145],[120.06198,-8.73926],[120.06367,-8.73745],[120.06395,-8.7359],[120.06345,-8.73232],[120.0622,-8.72982],[120.06257,-8.72629],[120.0617,-8.72106],[120.06119,-8.72782],[120.0595,-8.72864],[120.05939,-8.73443],[120.05862,-8.73728],[120.05889,-8.7411],[120.0597,-8.74266],[120.05936,-8.74458]]]},"properties":{"date":"2018-06-17","year":2018,"res":0.5,"name":"Vivid"}},{"type":"Feature","geometry":{"type":"Polygon","coordinates":[[[120.06148,-8.72002],[120.06167,-8.71618],[120.06102,-8.71905],[120.06148,-8.72002]]]},"properties":{"date":"2018-06-17","year":2018,"res":0.5,"name":"Vivid"}},{"type":"Feature","geometry":{"type":"Polygon","coordinates":[[[120.05998,-8.70649],[120.06021,-8.70686],[120.06011,-8.70455],[120.05998,-8.70649]]]},"properties":{"date":"2018-06-17","year":2018,"res":0.5,"name":"Vivid"}},{"type":"Feature","geometry":{"type":"Polygon","coordinates":[[[120.05985,-8.70399],[120.0603,-8.70273],[120.05929,-8.70181],[120.05985,-8.70399]]]},"properties":{"date":"2018-06-17","year":2018,"res":0.5,"name":"Vivid"}},{"type":"Feature","geometry":{"type":"Polygon","coordinates":[[[119.97075,-8.61328],[119.97075,-8.61326],[119.97074,-8.61327],[119.97075,-8.61328]]]},"properties":{"date":"2018-06-17","year":2018,"res":0.5,"name":"Vivid"}},{"type":"Feature","geometry":{"type":"Polygon","coordinates":[[[119.97075,-8.61326],[119.97103,-8.61322],[119.97084,-8.6132],[119.97075,-8.61326]]]},"properties":{"date":"2018-06-17","year":2018,"res":0.5,"name":"Vivid"}},{"type":"Feature","geometry":{"type":"Polygon","coordinates":[[[119.97108,-8.61322],[119.97103,-8.61322],[119.97108,-8.61322]]]},"properties":{"date":"2018-06-17","year":2018,"res":0.5,"name":"Vivid"}},{"type":"Feature","geometry":{"type":"Polygon","coordinates":[[[120.00843,-8.70395],[120.00862,-8.70378],[120.00787,-8.70402],[120.00843,-8.70395]]]},"properties":{"date":"2018-06-17","year":2018,"res":0.5,"name":"Vivid"}},{"type":"Feature","geometry":{"type":"Polygon","coordinates":[[[120.00682,-8.70392],[120.00685,-8.70392],[120.00682,-8.70392]]]},"properties":{"date":"2018-06-17","year":2018,"res":0.5,"name":"Vivid"}},{"type":"Feature","geometry":{"type":"Polygon","coordinates":[[[120.00947,-8.70326],[120.00888,-8.70326],[120.00862,-8.70378],[120.00947,-8.70326]]]},"properties":{"date":"2018-06-17","year":2018,"res":0.5,"name":"Vivid"}},{"type":"Feature","geometry":{"type":"Polygon","coordinates":[[[120.00051,-8.70284],[120.00067,-8.70301],[120.00088,-8.70297],[120.00051,-8.70284]]]},"properties":{"date":"2018-06-17","year":2018,"res":0.5,"name":"Vivid"}},{"type":"Feature","geometry":{"type":"Polygon","coordinates":[[[120.00037,-8.70283],[120.00036,-8.70283],[120.00037,-8.70283]]]},"properties":{"date":"2018-06-17","year":2018,"res":0.5,"name":"Vivid"}},{"type":"Feature","geometry":{"type":"Polygon","coordinates":[[[120.02657,-8.70312],[120.02647,-8.70308],[120.02639,-8.70309],[120.02657,-8.70312]]]},"properties":{"date":"2018-06-17","year":2018,"res":0.5,"name":"Vivid"}},{"type":"Feature","geometry":{"type":"Polygon","coordinates":[[[120.01025,-8.70311],[120.01054,-8.70308],[120.01016,-8.70312],[120.01025,-8.70311]]]},"properties":{"date":"2018-06-17","year":2018,"res":0.5,"name":"Vivid"}},{"type":"Feature","geometry":{"type":"Polygon","coordinates":[[[120.01078,-8.70307],[120.01075,-8.70309],[120.01081,-8.70307],[120.01078,-8.70307]]]},"properties":{"date":"2018-06-17","year":2018,"res":0.5,"name":"Vivid"}},{"type":"Feature","geometry":{"type":"Polygon","coordinates":[[[120.02638,-8.70309],[120.02627,-8.70306],[120.02631,-8.7031],[120.02638,-8.70309]]]},"properties":{"date":"2018-06-17","year":2018,"res":0.5,"name":"Vivid"}},{"type":"Feature","geometry":{"type":"Polygon","coordinates":[[[120.02781,-8.70306],[120.0281,-8.70306],[120.0269,-8.70311],[120.02781,-8.70306]]]},"properties":{"date":"2018-06-17","year":2018,"res":0.5,"name":"Vivid"}},{"type":"Feature","geometry":{"type":"Polygon","coordinates":[[[120.02279,-8.70283],[120.02089,-8.70212],[120.02152,-8.70284],[120.02279,-8.70283]]]},"properties":{"date":"2018-06-17","year":2018,"res":0.5,"name":"Vivid"}},{"type":"Feature","geometry":{"type":"Polygon","coordinates":[[[120.01454,-8.70156],[120.0113,-8.70308],[120.01307,-8.70311],[120.01418,-8.70255],[120.01454,-8.70156]]]},"properties":{"date":"2018-06-17","year":2018,"res":0.5,"name":"Vivid"}},{"type":"Feature","geometry":{"type":"Polygon","coordinates":[[[120.02088,-8.70212],[120.02087,-8.70212],[120.02083,-8.70212],[120.02088,-8.70212]]]},"properties":{"date":"2018-06-17","year":2018,"res":0.5,"name":"Vivid"}},{"type":"Feature","geometry":{"type":"Polygon","coordinates":[[[120.02055,-8.70217],[120.01665,-8.70137],[120.01852,-8.70207],[120.02055,-8.70217]]]},"properties":{"date":"2018-06-17","year":2018,"res":0.5,"name":"Vivid"}},{"type":"Feature","geometry":{"type":"Polygon","coordinates":[[[120.01664,-8.70135],[120.01657,-8.70131],[120.01657,-8.70134],[120.01664,-8.70135]]]},"properties":{"date":"2018-06-17","year":2018,"res":0.5,"name":"Vivid"}},{"type":"Feature","geometry":{"type":"Polygon","coordinates":[[[120.01524,-8.70132],[120.01525,-8.70132],[120.01524,-8.70132]]]},"properties":{"date":"2018-06-17","year":2018,"res":0.5,"name":"Vivid"}},{"type":"Feature","geometry":{"type":"Polygon","coordinates":[[[120.01493,-8.70127],[120.01503,-8.70132],[120.0152,-8.70132],[120.01493,-8.70127]]]},"properties":{"date":"2018-06-17","year":2018,"res":0.5,"name":"Vivid"}},{"type":"Feature","geometry":{"type":"Polygon","coordinates":[[[120.01473,-8.70124],[120.01493,-8.70127],[120.01468,-8.70117],[120.01473,-8.70124]]]},"properties":{"date":"2018-06-17","year":2018,"res":0.5,"name":"Vivid"}},{"type":"Feature","geometry":{"type":"Polygon","coordinates":[[[120.05857,-8.70117],[120.05858,-8.70117],[120.05857,-8.70117]]]},"properties":{"date":"2018-06-17","year":2018,"res":0.5,"name":"Vivid"}},{"type":"Feature","geometry":{"type":"Polygon","coordinates":[[[120.05879,-8.60824],[120.05866,-8.60608],[120.05774,-8.60483],[120.05745,-8.60298],[120.05827,-8.60105],[120.0583,-8.59406],[120.05771,-8.59254],[120.05849,-8.59047],[120.05778,-8.58915],[120.05778,-8.58306],[120.05727,-8.58268],[120.05689,-8.5789],[120.05809,-8.57369],[120.05938,-8.5719],[120.05857,-8.56967],[120.05941,-8.5652],[120.05749,-8.56098],[120.05712,-8.55642],[120.05571,-8.55273],[120.05579,-8.5441],[120.05653,-8.54235],[120.05526,-8.53875],[120.05701,-8.53061],[120.05848,-8.52829],[120.0586,-8.52539],[120.05606,-8.5255],[120.05428,-8.52687],[120.04389,-8.52613],[120.04215,-8.52552],[120.03923,-8.5262],[120.03397,-8.52539],[120.03354,-8.52883],[120.0343,-8.53236],[120.033,-8.53471],[120.03343,-8.53586],[120.03171,-8.53835],[120.03009,-8.54455],[120.03264,-8.55531],[120.03158,-8.56041],[120.03297,-8.56934],[120.03205,-8.57439],[120.03313,-8.57893],[120.03326,-8.58575],[120.03254,-8.59045],[120.03183,-8.59127],[120.03212,-8.59719],[120.03325,-8.60004],[120.03309,-8.60368],[120.03195,-8.60566],[120.03279,-8.60925],[120.0342,-8.61095],[120.03386,-8.61253],[120.03538,-8.61356],[120.04423,-8.61328],[120.04644,-8.61262],[120.05054,-8.6132],[120.05327,-8.61272],[120.05475,-8.61351],[120.05585,-8.61307],[120.05773,-8.61348],[120.05959,-8.61245],[120.05879,-8.60824]]]},"properties":{"date":"2019-05-15","year":2019,"res":0.31,"name":"Vivid"}},{"type":"Feature","geometry":{"type":"Polygon","coordinates":[[[120.05872,-8.52539],[120.05888,-8.52546],[120.05891,-8.5254],[120.05872,-8.52539]]]},"properties":{"date":"2019-05-15","year":2019,"res":0.31,"name":"Vivid"}},{"type":"Feature","geometry":{"type":"Polygon","coordinates":[[[120.05971,-8.61301],[120.0597,-8.61301],[120.05971,-8.61301],[120.05971,-8.61301]]]},"properties":{"date":"2019-05-15","year":2019,"res":0.31,"name":"Vivid"}},{"type":"Feature","geometry":{"type":"Polygon","coordinates":[[[120.05973,-8.61293],[120.05972,-8.613],[120.05979,-8.61291],[120.05973,-8.61293]]]},"properties":{"date":"2019-05-15","year":2019,"res":0.31,"name":"Vivid"}},{"type":"Feature","geometry":{"type":"Polygon","coordinates":[[[120.06035,-8.61273],[120.06006,-8.61281],[120.06048,-8.6127],[120.06035,-8.61273]]]},"properties":{"date":"2019-05-15","year":2019,"res":0.31,"name":"Vivid"}},{"type":"Feature","geometry":{"type":"Polygon","coordinates":[[[120.06049,-8.6127],[120.06048,-8.61269],[120.06048,-8.6127],[120.06049,-8.6127]]]},"properties":{"date":"2019-05-15","year":2019,"res":0.31,"name":"Vivid"}},{"type":"Feature","geometry":{"type":"Polygon","coordinates":[[[120.06106,-8.61223],[120.0611,-8.61271],[120.06632,-8.61204],[120.07039,-8.61084],[120.07279,-8.61134],[120.07707,-8.61046],[120.08076,-8.61051],[120.07629,-8.60981],[120.07311,-8.6104],[120.07097,-8.61006],[120.06106,-8.61223]]]},"properties":{"date":"2019-05-15","year":2019,"res":0.31,"name":"Vivid"}},{"type":"Feature","geometry":{"type":"Polygon","coordinates":[[[120.05977,-8.52573],[120.06015,-8.52572],[120.05898,-8.5254],[120.05977,-8.52573]]]},"properties":{"date":"2019-05-15","year":2019,"res":0.31,"name":"Vivid"}},{"type":"Feature","geometry":{"type":"Polygon","coordinates":[[[120.05836,-8.6136],[120.05832,-8.614],[120.05854,-8.61352],[120.05836,-8.6136]]]},"properties":{"date":"2019-05-15","year":2019,"res":0.31,"name":"Vivid"}},{"type":"Feature","geometry":{"type":"Polygon","coordinates":[]},"properties":{"date":"2019-05-15","year":2019,"res":0.31,"name":"Vivid"}},{"type":"Feature","geometry":{"type":"Polygon","coordinates":[[[120.05866,-8.482],[120.05722,-8.4884],[120.05667,-8.49656],[120.05708,-8.49773],[120.05767,-8.49361],[120.0573,-8.48998],[120.05848,-8.48436],[120.06504,-8.48559],[120.06765,-8.48835],[120.06889,-8.48869],[120.06897,-8.48938],[120.07013,-8.48951],[120.07046,-8.49091],[120.07166,-8.49146],[120.0741,-8.49855],[120.07616,-8.50054],[120.07847,-8.50476],[120.08215,-8.5078],[120.08452,-8.51279],[120.0866,-8.50734],[120.08586,-8.50442],[120.08681,-8.4961],[120.08171,-8.48512],[120.08,-8.48401],[120.07997,-8.48324],[120.07824,-8.48144],[120.08023,-8.47882],[120.08206,-8.47434],[120.08183,-8.47041],[120.08328,-8.46616],[120.08242,-8.46383],[120.0827,-8.45775],[120.08195,-8.45504],[120.08338,-8.45006],[120.08316,-8.44671],[120.08379,-8.44489],[120.08105,-8.44022],[120.07373,-8.43826],[120.06943,-8.4378],[120.06426,-8.43861],[120.0622,-8.4376],[120.0586,-8.4375],[120.05752,-8.44263],[120.05816,-8.44935],[120.05741,-8.45121],[120.05794,-8.45282],[120.05778,-8.45771],[120.06004,-8.46372],[120.06121,-8.46906],[120.06052,-8.47044],[120.06071,-8.4734],[120.06021,-8.47427],[120.06051,-8.47809],[120.05866,-8.482]]]},"properties":{"date":"2019-05-15","year":2019,"res":0.31,"name":"Vivid"}},{"type":"Feature","geometry":{"type":"Polygon","coordinates":[[[120.08595,-8.69857],[120.08596,-8.69857],[120.08596,-8.69856],[120.08595,-8.69857]]]},"properties":{"date":"2019-05-15","year":2019,"res":0.31,"name":"Vivid"}},{"type":"Feature","geometry":{"type":"Polygon","coordinates":[]},"properties":{"date":"2019-05-15","year":2019,"res":0.31,"name":"Vivid"}},{"type":"Feature","geometry":{"type":"Polygon","coordinates":[[[120.08594,-8.69856],[120.08595,-8.69856],[120.08594,-8.69856]]]},"properties":{"date":"2019-05-15","year":2019,"res":0.31,"name":"Vivid"}},{"type":"Feature","geometry":{"type":"Polygon","coordinates":[[[120.08579,-8.66683],[120.08579,-8.66592],[120.08461,-8.66719],[120.08322,-8.67298],[120.08177,-8.67526],[120.08142,-8.67898],[120.08269,-8.68837],[120.0849,-8.69397],[120.08594,-8.69855],[120.0865,-8.69633],[120.08635,-8.68271],[120.08535,-8.6792],[120.08532,-8.67645],[120.08638,-8.67167],[120.08579,-8.66683]]]},"properties":{"date":"2019-05-15","year":2019,"res":0.31,"name":"Vivid"}},{"type":"Feature","geometry":{"type":"Polygon","coordinates":[[[120.08448,-8.62147],[120.08318,-8.6277],[120.084,-8.63561],[120.08453,-8.63383],[120.08412,-8.62784],[120.0851,-8.62421],[120.08448,-8.62147]]]},"properties":{"date":"2019-05-15","year":2019,"res":0.31,"name":"Vivid"}},{"type":"Feature","geometry":{"type":"Polygon","coordinates":[[[120.05861,-8.61328],[120.05862,-8.61329],[120.05862,-8.61328],[120.05861,-8.61328]]]},"properties":{"date":"2019-05-15","year":2019,"res":0.31,"name":"Vivid"}},{"type":"Feature","geometry":{"type":"Polygon","coordinates":[[[120.05827,-8.52401],[120.05739,-8.50673],[120.0572,-8.5089],[120.05626,-8.5107],[120.05661,-8.51461],[120.0559,-8.51654],[120.05639,-8.51837],[120.05732,-8.51916],[120.05728,-8.5214],[120.05827,-8.52401]]]},"properties":{"date":"2019-05-15","year":2019,"res":0.31,"name":"Vivid"}},{"type":"Feature","geometry":{"type":"Polygon","coordinates":[[[120.05739,-8.50668],[120.05739,-8.50672],[120.05739,-8.50668]]]},"properties":{"date":"2019-05-15","year":2019,"res":0.31,"name":"Vivid"}},{"type":"Feature","geometry":{"type":"Polygon","coordinates":[[[120.05726,-8.50612],[120.05738,-8.5066],[120.05733,-8.50516],[120.05726,-8.50612]]]},"properties":{"date":"2019-05-15","year":2019,"res":0.31,"name":"Vivid"}},{"type":"Feature","geometry":{"type":"Polygon","coordinates":[]},"properties":{"date":"2019-05-15","year":2019,"res":0.31,"name":"Vivid"}},{"type":"Feature","geometry":{"type":"Polygon","coordinates":[[[120.05734,-8.50516],[120.05735,-8.50515],[120.05734,-8.50515],[120.05734,-8.50516]]]},"properties":{"date":"2019-05-15","year":2019,"res":0.31,"name":"Vivid"}},{"type":"Feature","geometry":{"type":"Polygon","coordinates":[[[120.05735,-8.50515],[120.05732,-8.505],[120.05731,-8.50508],[120.05735,-8.50515]]]},"properties":{"date":"2019-05-15","year":2019,"res":0.31,"name":"Vivid"}},{"type":"Feature","geometry":{"type":"Polygon","coordinates":[[[120.05718,-8.50344],[120.05726,-8.50443],[120.05735,-8.5038],[120.05718,-8.50344]]]},"properties":{"date":"2019-05-15","year":2019,"res":0.31,"name":"Vivid"}},{"type":"Feature","geometry":{"type":"Polygon","coordinates":[[[120.05718,-8.50324],[120.05721,-8.50278],[120.05719,-8.50259],[120.05718,-8.50324]]]},"properties":{"date":"2019-05-15","year":2019,"res":0.31,"name":"Vivid"}},{"type":"Feature","geometry":{"type":"Polygon","coordinates":[[[120.05718,-8.50259],[120.05719,-8.50259],[120.05719,-8.50258],[120.05718,-8.50259]]]},"properties":{"date":"2019-05-15","year":2019,"res":0.31,"name":"Vivid"}},{"type":"Feature","geometry":{"type":"Polygon","coordinates":[[[120.05712,-8.50096],[120.0572,-8.50158],[120.05709,-8.50063],[120.05712,-8.50096]]]},"properties":{"date":"2019-05-15","year":2019,"res":0.31,"name":"Vivid"}},{"type":"Feature","geometry":{"type":"Polygon","coordinates":[[[120.05858,-8.5249],[120.05853,-8.52488],[120.05858,-8.525],[120.05858,-8.5249]]]},"properties":{"date":"2019-05-15","year":2019,"res":0.31,"name":"Vivid"}},{"type":"Feature","geometry":{"type":"Polygon","coordinates":[]},"properties":{"date":"2019-05-15","year":2019,"res":0.31,"name":"Vivid"}},{"type":"Feature","geometry":{"type":"Polygon","coordinates":[[[120.05847,-8.52484],[120.05845,-8.52481],[120.05851,-8.52486],[120.05847,-8.52484]]]},"properties":{"date":"2019-05-15","year":2019,"res":0.31,"name":"Vivid"}},{"type":"Feature","geometry":{"type":"Polygon","coordinates":[[[120.05846,-8.52443],[120.05847,-8.52443],[120.05846,-8.52443]]]},"properties":{"date":"2019-05-15","year":2019,"res":0.31,"name":"Vivid"}},{"type":"Feature","geometry":{"type":"Polygon","coordinates":[[[120.05847,-8.5244],[120.05847,-8.52442],[120.05848,-8.5244],[120.05847,-8.5244]]]},"properties":{"date":"2019-05-15","year":2019,"res":0.31,"name":"Vivid"}},{"type":"Feature","geometry":{"type":"Polygon","coordinates":[[[120.05848,-8.5244],[120.05853,-8.5243],[120.05848,-8.52435],[120.05848,-8.5244]]]},"properties":{"date":"2019-05-15","year":2019,"res":0.31,"name":"Vivid"}},{"type":"Feature","geometry":{"type":"Polygon","coordinates":[[[119.88268,-8.70096],[119.88406,-8.6998],[119.88697,-8.69895],[119.88968,-8.69907],[119.89164,-8.70069],[119.89682,-8.70057],[119.89931,-8.7015],[119.9074,-8.7008],[119.90699,-8.69966],[119.90583,-8.69963],[119.90089,-8.70117],[119.90379,-8.69681],[119.90519,-8.69014],[119.90712,-8.68802],[119.90797,-8.68054],[119.90692,-8.67823],[119.9072,-8.67398],[119.90626,-8.67233],[119.90666,-8.66641],[119.90602,-8.66032],[119.90091,-8.65723],[119.90252,-8.65615],[119.90346,-8.65241],[119.90622,-8.64801],[119.90551,-8.6378],[119.90623,-8.63248],[119.90441,-8.62245],[119.9042,-8.61723],[119.90281,-8.61471],[119.89867,-8.61178],[119.88556,-8.61152],[119.88398,-8.61303],[119.88282,-8.61328],[119.88196,-8.61651],[119.88174,-8.6195],[119.88268,-8.62564],[119.8822,-8.62815],[119.88284,-8.62921],[119.88291,-8.63303],[119.88379,-8.63643],[119.88405,-8.64859],[119.88288,-8.65826],[119.88183,-8.66113],[119.87964,-8.67413],[119.88268,-8.70096]]]},"properties":{"date":"2019-06-08","year":2019,"res":0.46,"name":"Vivid"}},{"type":"Feature","geometry":{"type":"Polygon","coordinates":[[[120.03442,-8.61343],[120.03386,-8.61253],[120.0342,-8.61095],[120.03279,-8.60925],[120.03195,-8.60566],[120.03309,-8.60368],[120.03327,-8.60078],[120.03212,-8.59719],[120.03183,-8.59131],[120.03254,-8.59045],[120.03326,-8.58575],[120.03313,-8.57893],[120.03205,-8.57439],[120.03297,-8.56934],[120.03158,-8.56041],[120.03264,-8.55531],[120.03009,-8.54455],[120.03171,-8.53835],[120.03343,-8.53586],[120.033,-8.53471],[120.0343,-8.53236],[120.03354,-8.52883],[120.03397,-8.52539],[120.02599,-8.5268],[120.02059,-8.52713],[120.01911,-8.52633],[120.01784,-8.53217],[120.0181,-8.53645],[120.01709,-8.53959],[120.01657,-8.54702],[120.01534,-8.549],[120.01549,-8.55155],[120.0149,-8.55231],[120.0128,-8.55059],[120.00454,-8.54802],[120.00186,-8.54846],[119.99778,-8.54811],[119.99537,-8.54869],[119.99278,-8.54796],[119.98451,-8.54877],[119.97773,-8.55178],[119.97511,-8.55194],[119.9708,-8.55352],[119.97061,-8.55963],[119.97134,-8.56315],[119.97014,-8.56796],[119.97072,-8.56926],[119.9702,-8.57279],[119.97059,-8.57608],[119.96671,-8.57933],[119.96638,-8.58814],[119.96761,-8.59002],[119.9686,-8.59646],[119.96811,-8.5995],[119.96689,-8.60165],[119.96763,-8.60296],[119.96794,-8.60685],[119.96878,-8.60917],[119.97199,-8.61085],[119.97073,-8.61329],[119.97242,-8.61184],[119.97357,-8.60929],[119.97496,-8.6089],[119.98062,-8.60912],[119.98443,-8.60723],[119.98917,-8.6075],[119.9934,-8.60872],[119.99817,-8.60714],[120.00376,-8.60757],[120.0065,-8.60864],[120.00915,-8.60878],[120.00969,-8.6102],[120.01451,-8.61333],[120.01601,-8.61229],[120.02106,-8.61213],[120.02258,-8.61328],[120.02176,-8.61458],[120.02332,-8.61398],[120.02449,-8.61458],[120.02808,-8.61331],[120.03442,-8.61343]]]},"properties":{"date":"2019-06-08","year":2019,"res":0.46,"name":"Vivid"}},{"type":"Feature","geometry":{"type":"Polygon","coordinates":[[[120.08757,-8.75313],[120.08734,-8.75582],[120.08563,-8.75745],[120.08225,-8.76628],[120.08239,-8.76831],[120.08418,-8.77078],[120.08424,-8.77289],[120.08743,-8.77864],[120.08701,-8.78392],[120.08864,-8.78544],[120.09134,-8.78322],[120.09141,-8.78217],[120.08987,-8.77821],[120.08992,-8.773],[120.08894,-8.77118],[120.08884,-8.76706],[120.08971,-8.76245],[120.08884,-8.76073],[120.089,-8.75883],[120.08757,-8.75313]]]},"properties":{"date":"2019-06-22","year":2019,"res":0.31,"name":"Vivid"}},{"type":"Feature","geometry":{"type":"Polygon","coordinates":[[[120.01846,-8.79216],[120.01848,-8.79217],[120.01848,-8.79216],[120.01846,-8.79216]]]},"properties":{"date":"2019-06-22","year":2019,"res":0.31,"name":"Vivid"}},{"type":"Feature","geometry":{"type":"Polygon","coordinates":[[[120.01845,-8.79216],[120.01845,-8.79215],[120.01845,-8.79216]]]},"properties":{"date":"2019-06-22","year":2019,"res":0.31,"name":"Vivid"}},{"type":"Feature","geometry":{"type":"Polygon","coordinates":[[[120.01806,-8.79199],[120.01832,-8.79204],[120.01827,-8.79201],[120.01806,-8.79199]]]},"properties":{"date":"2019-06-22","year":2019,"res":0.31,"name":"Vivid"}},{"type":"Feature","geometry":{"type":"Polygon","coordinates":[[[120.01794,-8.79199],[120.01792,-8.79197],[120.0179,-8.79197],[120.01794,-8.79199]]]},"properties":{"date":"2019-06-22","year":2019,"res":0.31,"name":"Vivid"}},{"type":"Feature","geometry":{"type":"Polygon","coordinates":[[[120.01721,-8.7916],[120.01693,-8.79112],[120.01789,-8.79197],[120.01721,-8.7916]]]},"properties":{"date":"2019-06-22","year":2019,"res":0.31,"name":"Vivid"}},{"type":"Feature","geometry":{"type":"Polygon","coordinates":[[[120.01693,-8.79112],[120.01693,-8.79111],[120.01693,-8.79112],[120.01693,-8.79112]]]},"properties":{"date":"2019-06-22","year":2019,"res":0.31,"name":"Vivid"}},{"type":"Feature","geometry":{"type":"Polygon","coordinates":[[[120.01684,-8.79102],[120.0168,-8.79096],[120.01676,-8.79096],[120.01684,-8.79102]]]},"properties":{"date":"2019-06-22","year":2019,"res":0.31,"name":"Vivid"}},{"type":"Feature","geometry":{"type":"Polygon","coordinates":[[[120.01618,-8.79025],[120.01597,-8.79002],[120.01674,-8.79094],[120.01618,-8.79025]]]},"properties":{"date":"2019-06-22","year":2019,"res":0.31,"name":"Vivid"}},{"type":"Feature","geometry":{"type":"Polygon","coordinates":[[[120.01596,-8.79001],[120.01592,-8.78998],[120.01595,-8.79002],[120.01596,-8.79001]]]},"properties":{"date":"2019-06-22","year":2019,"res":0.31,"name":"Vivid"}},{"type":"Feature","geometry":{"type":"Polygon","coordinates":[]},"properties":{"date":"2019-06-22","year":2019,"res":0.31,"name":"Vivid"}},{"type":"Feature","geometry":{"type":"Polygon","coordinates":[[[120.01469,-8.78909],[120.01468,-8.78906],[120.01468,-8.78908],[120.01469,-8.78909]]]},"properties":{"date":"2019-06-22","year":2019,"res":0.31,"name":"Vivid"}},{"type":"Feature","geometry":{"type":"Polygon","coordinates":[[[120.01461,-8.78906],[120.0146,-8.78907],[120.01462,-8.78906],[120.01461,-8.78906]]]},"properties":{"date":"2019-06-22","year":2019,"res":0.31,"name":"Vivid"}},{"type":"Feature","geometry":{"type":"Polygon","coordinates":[[[120.05813,-8.78981],[120.05804,-8.79012],[120.05849,-8.78901],[120.05813,-8.78981]]]},"properties":{"date":"2019-06-22","year":2019,"res":0.31,"name":"Vivid"}},{"type":"Feature","geometry":{"type":"Polygon","coordinates":[[[120.01366,-8.78904],[120.01364,-8.78905],[120.01366,-8.78905],[120.01366,-8.78904]]]},"properties":{"date":"2019-06-22","year":2019,"res":0.31,"name":"Vivid"}},{"type":"Feature","geometry":{"type":"Polygon","coordinates":[[[119.99588,-8.78905],[119.99606,-8.78905],[119.99574,-8.78903],[119.99588,-8.78905]]]},"properties":{"date":"2019-06-22","year":2019,"res":0.31,"name":"Vivid"}},{"type":"Feature","geometry":{"type":"Polygon","coordinates":[[[120.0138,-8.78899],[120.01381,-8.78899],[120.0138,-8.78899]]]},"properties":{"date":"2019-06-22","year":2019,"res":0.31,"name":"Vivid"}},{"type":"Feature","geometry":{"type":"Polygon","coordinates":[[[120.01387,-8.78899],[120.01389,-8.78898],[120.01386,-8.78898],[120.01387,-8.78899]]]},"properties":{"date":"2019-06-22","year":2019,"res":0.31,"name":"Vivid"}},{"type":"Feature","geometry":{"type":"Polygon","coordinates":[[[119.99023,-8.78786],[119.99254,-8.78901],[119.99539,-8.789],[119.99405,-8.78851],[119.99272,-8.78891],[119.99023,-8.78786]]]},"properties":{"date":"2019-06-22","year":2019,"res":0.31,"name":"Vivid"}},{"type":"Feature","geometry":{"type":"Polygon","coordinates":[[[119.98997,-8.7879],[119.98994,-8.7879],[119.98999,-8.7879],[119.98997,-8.7879]]]},"properties":{"date":"2019-06-22","year":2019,"res":0.31,"name":"Vivid"}},{"type":"Feature","geometry":{"type":"Polygon","coordinates":[[[119.9899,-8.78789],[119.98993,-8.78789],[119.9899,-8.78789]]]},"properties":{"date":"2019-06-22","year":2019,"res":0.31,"name":"Vivid"}},{"type":"Feature","geometry":{"type":"Polygon","coordinates":[[[120.01455,-8.78906],[120.01454,-8.78906],[120.01455,-8.78906]]]},"properties":{"date":"2019-06-22","year":2019,"res":0.31,"name":"Vivid"}},{"type":"Feature","geometry":{"type":"Polygon","coordinates":[[[120.01451,-8.78906],[120.01451,-8.78905],[120.01448,-8.78905],[120.01451,-8.78906]]]},"properties":{"date":"2019-06-22","year":2019,"res":0.31,"name":"Vivid"}},{"type":"Feature","geometry":{"type":"Polygon","coordinates":[[[120.0144,-8.78904],[120.01446,-8.78905],[120.01437,-8.78901],[120.0144,-8.78904]]]},"properties":{"date":"2019-06-22","year":2019,"res":0.31,"name":"Vivid"}},{"type":"Feature","geometry":{"type":"Polygon","coordinates":[[[120.0142,-8.78891],[120.0139,-8.78898],[120.01437,-8.789],[120.0142,-8.78891]]]},"properties":{"date":"2019-06-22","year":2019,"res":0.31,"name":"Vivid"}},{"type":"Feature","geometry":{"type":"Polygon","coordinates":[]},"properties":{"date":"2019-07-24","year":2019,"res":0.5,"name":"Vivid"}},{"type":"Feature","geometry":{"type":"Polygon","coordinates":[[[120.08061,-8.61049],[120.08556,-8.60807],[120.08775,-8.60766],[120.0892,-8.60392],[120.08861,-8.59998],[120.09005,-8.59315],[120.08941,-8.59084],[120.08979,-8.58172],[120.08921,-8.58005],[120.08413,-8.57566],[120.08102,-8.56934],[120.08365,-8.56792],[120.08756,-8.56688],[120.08744,-8.5601],[120.0883,-8.55513],[120.08793,-8.55148],[120.08941,-8.54424],[120.08892,-8.53363],[120.08736,-8.53001],[120.08553,-8.52851],[120.08115,-8.52893],[120.0769,-8.52781],[120.07275,-8.52848],[120.06839,-8.52781],[120.06725,-8.52704],[120.06054,-8.52647],[120.06015,-8.52572],[120.0586,-8.52539],[120.05848,-8.52829],[120.05701,-8.53061],[120.05526,-8.53875],[120.05653,-8.54235],[120.05579,-8.5441],[120.05571,-8.55273],[120.05712,-8.55642],[120.05749,-8.56098],[120.05941,-8.5652],[120.05857,-8.56967],[120.05938,-8.5719],[120.05809,-8.57369],[120.05689,-8.5789],[120.05727,-8.58268],[120.05778,-8.58306],[120.05778,-8.58915],[120.05849,-8.59047],[120.05771,-8.59254],[120.0583,-8.59406],[120.05827,-8.60105],[120.05745,-8.60298],[120.05774,-8.60483],[120.05866,-8.60608],[120.05846,-8.6078],[120.05959,-8.61245],[120.0586,-8.61328],[120.06139,-8.61198],[120.06841,-8.61101],[120.07097,-8.61006],[120.07311,-8.6104],[120.07629,-8.60981],[120.08061,-8.61049]]]},"properties":{"date":"2020-05-02","year":2020,"res":0.46,"name":"Vivid"}},{"type":"Feature","geometry":{"type":"Polygon","coordinates":[[[120.08105,-8.44023],[120.08105,-8.44022],[120.08105,-8.44023]]]},"properties":{"date":"2021-04-14","year":2021,"res":0.5,"name":"Vivid"}},{"type":"Feature","geometry":{"type":"Polygon","coordinates":[[[120.08059,-8.44013],[120.07867,-8.43784],[120.07727,-8.43894],[120.08059,-8.44013]]]},"properties":{"date":"2021-04-14","year":2021,"res":0.5,"name":"Vivid"}},{"type":"Feature","geometry":{"type":"Polygon","coordinates":[]},"properties":{"date":"2022-03-20","year":2022,"res":0.46,"name":"Vivid"}},{"type":"Feature","geometry":{"type":"Polygon","coordinates":[[[120.05862,-8.4375],[120.05862,-8.4375],[120.05862,-8.4375]]]},"properties":{"date":"2022-03-20","year":2022,"res":0.46,"name":"Vivid"}},{"type":"Feature","geometry":{"type":"Polygon","coordinates":[[[120.0586,-8.4375],[120.05861,-8.4375],[120.0586,-8.4375]]]},"properties":{"date":"2022-03-20","year":2022,"res":0.46,"name":"Vivid"}},{"type":"Feature","geometry":{"type":"Polygon","coordinates":[[[119.70899,-8.61334],[119.7072,-8.6133],[119.70763,-8.61723],[119.70845,-8.61828],[119.71299,-8.61882],[119.71429,-8.62047],[119.7183,-8.62178],[119.72104,-8.62429],[119.72548,-8.62541],[119.72763,-8.62714],[119.73224,-8.62709],[119.73502,-8.62771],[119.73645,-8.6272],[119.73799,-8.62511],[119.74031,-8.62458],[119.73934,-8.6215],[119.7394,-8.61429],[119.72019,-8.6144],[119.71815,-8.61342],[119.70899,-8.61334]]]},"properties":{"date":"2022-05-22","year":2022,"res":0.46,"name":"Vivid"}},{"type":"Feature","geometry":{"type":"Polygon","coordinates":[[[119.9708,-8.52015],[119.96792,-8.51895],[119.96042,-8.51819],[119.95533,-8.51655],[119.95316,-8.51642],[119.94998,-8.51771],[119.93307,-8.51804],[119.92797,-8.5173],[119.92676,-8.51782],[119.92451,-8.51703],[119.92067,-8.51728],[119.91935,-8.51499],[119.91731,-8.5144],[119.91608,-8.51499],[119.91388,-8.5201],[119.91467,-8.52218],[119.91561,-8.52283],[119.91581,-8.525],[119.92317,-8.52539],[119.92088,-8.5255],[119.91904,-8.52706],[119.91737,-8.52995],[119.91465,-8.53092],[119.91427,-8.53264],[119.91548,-8.53851],[119.91426,-8.54432],[119.91451,-8.54867],[119.91568,-8.54979],[119.91564,-8.55079],[119.9171,-8.55313],[119.91763,-8.55621],[119.91894,-8.55634],[119.9221,-8.55506],[119.92443,-8.55512],[119.92676,-8.55621],[119.93015,-8.55433],[119.93539,-8.55453],[119.93936,-8.55331],[119.94883,-8.55514],[119.95088,-8.55466],[119.95383,-8.55498],[119.9563,-8.55397],[119.96019,-8.55355],[119.96289,-8.5539],[119.9654,-8.55279],[119.96933,-8.553],[119.97071,-8.55369],[119.97511,-8.55194],[119.97773,-8.55178],[119.98451,-8.54877],[119.98953,-8.54809],[119.99285,-8.54796],[119.99537,-8.54869],[119.99778,-8.54811],[120.00186,-8.54846],[120.00454,-8.54802],[120.0128,-8.55059],[120.01447,-8.55164],[120.01464,-8.55236],[120.01521,-8.55202],[120.01534,-8.549],[120.01657,-8.54702],[120.01709,-8.53959],[120.0181,-8.53645],[120.01784,-8.53217],[120.01947,-8.52539],[120.01881,-8.5229],[120.01739,-8.52164],[120.01662,-8.51945],[120.01644,-8.51274],[120.01578,-8.50986],[120.01628,-8.50792],[120.01585,-8.50487],[120.01652,-8.49879],[120.01623,-8.49321],[120.01729,-8.48952],[120.01689,-8.48758],[120.01807,-8.48273],[120.01933,-8.48144],[120.01725,-8.47219],[120.01799,-8.46473],[120.01904,-8.46153],[120.01909,-8.4581],[120.01783,-8.45369],[120.01793,-8.4464],[120.0191,-8.4427],[120.01902,-8.4407],[120.01524,-8.43949],[120.01468,-8.43752],[120.00564,-8.43758],[120.00249,-8.44275],[120.0013,-8.4485],[119.99985,-8.45137],[119.99977,-8.45967],[119.99909,-8.4623],[120.00041,-8.46787],[120.00017,-8.46993],[120.00245,-8.47919],[120.00446,-8.48144],[120.0018,-8.48327],[120.00058,-8.48561],[119.99901,-8.48696],[119.99629,-8.48834],[119.9949,-8.49209],[119.99256,-8.49415],[119.99244,-8.49521],[119.98989,-8.49917],[119.9877,-8.50107],[119.98645,-8.50366],[119.97936,-8.50858],[119.97585,-8.51321],[119.9737,-8.51782],[119.9708,-8.52015]]]},"properties":{"date":"2022-05-29","year":2022,"res":0.5,"name":"Vivid"}},{"type":"Feature","geometry":{"type":"Polygon","coordinates":[[[119.88282,-8.70117],[119.87959,-8.70418],[119.8793,-8.70577],[119.87954,-8.70837],[119.88037,-8.70903],[119.88051,-8.71206],[119.88127,-8.71316],[119.88098,-8.71578],[119.88155,-8.7173],[119.88078,-8.72066],[119.88155,-8.7242],[119.87997,-8.72675],[119.87977,-8.72881],[119.8809,-8.72538],[119.88317,-8.72264],[119.88561,-8.72125],[119.88793,-8.7163],[119.88752,-8.71449],[119.88628,-8.71333],[119.88544,-8.71045],[119.88477,-8.71004],[119.88421,-8.70679],[119.88326,-8.70501],[119.8821,-8.70438],[119.88282,-8.70117]]]},"properties":{"date":"2022-06-01","year":2022,"res":0.31,"name":"Vivid"}},{"type":"Feature","geometry":{"type":"Polygon","coordinates":[[[119.88216,-8.78827],[119.88282,-8.78906],[119.88202,-8.78396],[119.87762,-8.77948],[119.87733,-8.7728],[119.87864,-8.76945],[119.87881,-8.76182],[119.88033,-8.75786],[119.87985,-8.7561],[119.88039,-8.75467],[119.88158,-8.75375],[119.88203,-8.7519],[119.88188,-8.74941],[119.88291,-8.74596],[119.8824,-8.74205],[119.88224,-8.74777],[119.87923,-8.75551],[119.87964,-8.75709],[119.87739,-8.76391],[119.87661,-8.77121],[119.8778,-8.78136],[119.87933,-8.7859],[119.8804,-8.78732],[119.88216,-8.78827]]]},"properties":{"date":"2022-06-01","year":2022,"res":0.31,"name":"Vivid"}},{"type":"Feature","geometry":{"type":"Polygon","coordinates":[]},"properties":{"date":"2022-06-01","year":2022,"res":0.31,"name":"Vivid"}},{"type":"Feature","geometry":{"type":"Polygon","coordinates":[[[119.88227,-8.74104],[119.88227,-8.74103],[119.88227,-8.74104]]]},"properties":{"date":"2022-06-01","year":2022,"res":0.31,"name":"Vivid"}},{"type":"Feature","geometry":{"type":"Polygon","coordinates":[[[119.88227,-8.74103],[119.88226,-8.74102],[119.88225,-8.74103],[119.88227,-8.74103]]]},"properties":{"date":"2022-06-01","year":2022,"res":0.31,"name":"Vivid"}},{"type":"Feature","geometry":{"type":"Polygon","coordinates":[[[119.88226,-8.74098],[119.88225,-8.74099],[119.88226,-8.74099],[119.88226,-8.74098]]]},"properties":{"date":"2022-06-01","year":2022,"res":0.31,"name":"Vivid"}},{"type":"Feature","geometry":{"type":"Polygon","coordinates":[[[119.88224,-8.74094],[119.88222,-8.74093],[119.88222,-8.74096],[119.88224,-8.74094]]]},"properties":{"date":"2022-06-01","year":2022,"res":0.31,"name":"Vivid"}},{"type":"Feature","geometry":{"type":"Polygon","coordinates":[[[119.8797,-8.72915],[119.87866,-8.73918],[119.88222,-8.74093],[119.87889,-8.73617],[119.87984,-8.73217],[119.8797,-8.72915]]]},"properties":{"date":"2022-06-01","year":2022,"res":0.31,"name":"Vivid"}},{"type":"Feature","geometry":{"type":"Polygon","coordinates":[[[119.99791,-8.69958],[119.9977,-8.69309],[119.9982,-8.69093],[120.00112,-8.68961],[120.00217,-8.68706],[120.00341,-8.68612],[120.00641,-8.68115],[120.00471,-8.67855],[120.002,-8.67609],[119.99988,-8.67154],[119.9984,-8.67072],[119.99761,-8.6657],[119.99835,-8.6643],[119.99759,-8.6612],[119.99756,-8.65575],[119.99926,-8.65239],[120.00108,-8.65102],[120.00187,-8.64786],[120.00458,-8.64254],[120.00268,-8.63812],[120.00288,-8.63007],[120.0015,-8.62835],[120.00085,-8.62578],[119.99858,-8.62198],[119.99873,-8.61916],[119.99762,-8.61328],[120.00004,-8.6157],[120.00147,-8.61603],[120.00768,-8.61499],[120.00922,-8.61378],[120.01309,-8.61393],[120.01437,-8.61309],[120.00969,-8.6102],[120.00915,-8.60878],[120.0065,-8.60864],[120.00376,-8.60757],[119.99817,-8.60714],[119.9934,-8.60872],[119.98917,-8.6075],[119.98443,-8.60723],[119.98062,-8.60912],[119.97496,-8.6089],[119.97357,-8.60929],[119.97242,-8.61184],[119.96996,-8.61391],[119.96666,-8.61364],[119.9635,-8.61122],[119.96092,-8.61023],[119.95619,-8.6099],[119.95335,-8.60897],[119.94877,-8.6099],[119.94301,-8.60935],[119.93865,-8.60994],[119.93563,-8.6092],[119.93229,-8.60969],[119.93075,-8.61041],[119.92888,-8.61288],[119.92395,-8.61428],[119.92392,-8.61495],[119.92253,-8.616],[119.91958,-8.61637],[119.91475,-8.61571],[119.91073,-8.6168],[119.9092,-8.61658],[119.9041,-8.61522],[119.90182,-8.61327],[119.90097,-8.61328],[119.90281,-8.61471],[119.9042,-8.61723],[119.90441,-8.62245],[119.90623,-8.63248],[119.90551,-8.6378],[119.90628,-8.64546],[119.90608,-8.64844],[119.90461,-8.6499],[119.90252,-8.65615],[119.90091,-8.65723],[119.90618,-8.66049],[119.90833,-8.66731],[119.90901,-8.67941],[119.90784,-8.68699],[119.90519,-8.69014],[119.90379,-8.69681],[119.90095,-8.70124],[119.9056,-8.69966],[119.90948,-8.69974],[119.91516,-8.6988],[119.9191,-8.69922],[119.92526,-8.70124],[119.92711,-8.70124],[119.92786,-8.70058],[119.93143,-8.70107],[119.93413,-8.69977],[119.9405,-8.69942],[119.94223,-8.6985],[119.94555,-8.69808],[119.94737,-8.69813],[119.94806,-8.69899],[119.95347,-8.69905],[119.95976,-8.70101],[119.96393,-8.70086],[119.96639,-8.70201],[119.97133,-8.70077],[119.97507,-8.70067],[119.97893,-8.69847],[119.98078,-8.69816],[119.98511,-8.698],[119.98779,-8.69904],[119.98896,-8.69854],[119.99264,-8.69863],[119.99791,-8.69958]]]},"properties":{"date":"2022-06-01","year":2022,"res":0.31,"name":"Vivid"}},{"type":"Feature","geometry":{"type":"Polygon","coordinates":[[[120.0225,-8.61346],[120.02106,-8.61213],[120.01601,-8.61229],[120.01468,-8.61329],[120.01622,-8.61441],[120.02136,-8.61589],[120.0225,-8.61346]]]},"properties":{"date":"2022-06-01","year":2022,"res":0.31,"name":"Vivid"}},{"type":"Feature","geometry":{"type":"Polygon","coordinates":[[[120.01454,-8.61332],[120.01456,-8.61333],[120.01456,-8.61332],[120.01454,-8.61332]]]},"properties":{"date":"2022-06-01","year":2022,"res":0.31,"name":"Vivid"}},{"type":"Feature","geometry":{"type":"Polygon","coordinates":[[[120.01459,-8.61332],[120.01458,-8.61332],[120.01461,-8.6133],[120.01459,-8.61332]]]},"properties":{"date":"2022-06-01","year":2022,"res":0.31,"name":"Vivid"}},{"type":"Feature","geometry":{"type":"Polygon","coordinates":[[[120.01462,-8.61329],[120.01461,-8.6133],[120.01462,-8.6133],[120.01462,-8.61329]]]},"properties":{"date":"2022-06-01","year":2022,"res":0.31,"name":"Vivid"}},{"type":"Feature","geometry":{"type":"Polygon","coordinates":[[[120.01437,-8.70132],[120.01454,-8.70132],[120.01459,-8.70124],[120.01437,-8.70132]]]},"properties":{"date":"2022-06-01","year":2022,"res":0.31,"name":"Vivid"}},{"type":"Feature","geometry":{"type":"Polygon","coordinates":[]},"properties":{"date":"2022-06-01","year":2022,"res":0.31,"name":"Vivid"}},{"type":"Feature","geometry":{"type":"Polygon","coordinates":[[[120.01462,-8.7012],[120.01462,-8.70117],[120.01462,-8.7012]]]},"properties":{"date":"2022-06-01","year":2022,"res":0.31,"name":"Vivid"}},{"type":"Feature","geometry":{"type":"Polygon","coordinates":[[[120.01465,-8.70117],[120.01466,-8.70117],[120.01465,-8.70117]]]},"properties":{"date":"2022-06-01","year":2022,"res":0.31,"name":"Vivid"}},{"type":"Feature","geometry":{"type":"Polygon","coordinates":[[[119.88174,-8.6943],[119.88158,-8.69398],[119.88194,-8.69644],[119.88174,-8.6943]]]},"properties":{"date":"2022-07-09","year":2022,"res":0.5,"name":"Vivid"}},{"type":"Feature","geometry":{"type":"Polygon","coordinates":[[[119.88124,-8.68746],[119.88082,-8.68832],[119.88157,-8.69393],[119.88124,-8.68746]]]},"properties":{"date":"2022-07-09","year":2022,"res":0.5,"name":"Vivid"}},{"type":"Feature","geometry":{"type":"Polygon","coordinates":[[[119.88103,-8.68727],[119.88104,-8.68727],[119.88103,-8.68726],[119.88103,-8.68727]]]},"properties":{"date":"2022-07-09","year":2022,"res":0.5,"name":"Vivid"}},{"type":"Feature","geometry":{"type":"Polygon","coordinates":[[[119.88088,-8.6869],[119.88089,-8.68689],[119.88088,-8.68688],[119.88088,-8.6869]]]},"properties":{"date":"2022-07-09","year":2022,"res":0.5,"name":"Vivid"}},{"type":"Feature","geometry":{"type":"Polygon","coordinates":[[[119.88088,-8.68688],[119.88088,-8.68686],[119.88088,-8.68685],[119.88088,-8.68688]]]},"properties":{"date":"2022-07-09","year":2022,"res":0.5,"name":"Vivid"}},{"type":"Feature","geometry":{"type":"Polygon","coordinates":[[[119.88089,-8.68669],[119.88085,-8.68661],[119.88087,-8.68681],[119.88089,-8.68669]]]},"properties":{"date":"2022-07-09","year":2022,"res":0.5,"name":"Vivid"}},{"type":"Feature","geometry":{"type":"Polygon","coordinates":[[[119.87991,-8.67906],[119.87982,-8.67866],[119.88078,-8.68641],[119.87991,-8.67906]]]},"properties":{"date":"2022-07-09","year":2022,"res":0.5,"name":"Vivid"}},{"type":"Feature","geometry":{"type":"Polygon","coordinates":[[[119.88131,-8.66558],[119.88114,-8.66515],[119.88061,-8.66588],[119.87985,-8.66962],[119.87941,-8.67363],[119.87982,-8.67866],[119.87966,-8.67324],[119.88131,-8.66558]]]},"properties":{"date":"2022-07-09","year":2022,"res":0.5,"name":"Vivid"}},{"type":"Feature","geometry":{"type":"Polygon","coordinates":[[[119.88184,-8.66142],[119.88185,-8.66143],[119.88185,-8.66142],[119.88184,-8.66142]]]},"properties":{"date":"2022-07-09","year":2022,"res":0.5,"name":"Vivid"}},{"type":"Feature","geometry":{"type":"Polygon","coordinates":[[[119.88268,-8.61402],[119.88282,-8.61328],[119.88184,-8.61374],[119.8818,-8.62299],[119.88037,-8.62574],[119.88038,-8.62847],[119.87934,-8.63125],[119.88041,-8.63384],[119.8799,-8.63953],[119.8814,-8.64145],[119.88214,-8.64699],[119.88182,-8.66132],[119.88288,-8.65826],[119.88405,-8.64859],[119.88379,-8.63643],[119.88291,-8.63303],[119.88284,-8.62921],[119.8822,-8.62815],[119.88268,-8.62564],[119.88174,-8.6195],[119.88268,-8.61402]]]},"properties":{"date":"2022-07-09","year":2022,"res":0.5,"name":"Vivid"}},{"type":"Feature","geometry":{"type":"Polygon","coordinates":[[[119.83861,-8.61336],[119.83457,-8.61328],[119.83453,-8.61396],[119.83861,-8.61336]]]},"properties":{"date":"2022-07-09","year":2022,"res":0.5,"name":"Vivid"}},{"type":"Feature","geometry":{"type":"Polygon","coordinates":[[[119.88252,-8.70101],[119.88282,-8.70117],[119.88234,-8.70066],[119.88252,-8.70101]]]},"properties":{"date":"2022-07-09","year":2022,"res":0.5,"name":"Vivid"}},{"type":"Feature","geometry":{"type":"Polygon","coordinates":[[[119.88233,-8.70064],[119.88233,-8.70062],[119.88233,-8.70064]]]},"properties":{"date":"2022-07-09","year":2022,"res":0.5,"name":"Vivid"}},{"type":"Feature","geometry":{"type":"Polygon","coordinates":[]},"properties":{"date":"2022-07-09","year":2022,"res":0.5,"name":"Vivid"}},{"type":"Feature","geometry":{"type":"Polygon","coordinates":[[[119.88232,-8.70061],[119.88233,-8.70062],[119.88233,-8.70061],[119.88232,-8.70061]]]},"properties":{"date":"2022-07-09","year":2022,"res":0.5,"name":"Vivid"}},{"type":"Feature","geometry":{"type":"Polygon","coordinates":[[[119.88244,-8.69934],[119.88253,-8.69897],[119.88242,-8.69966],[119.88244,-8.69934]]]},"properties":{"date":"2022-07-09","year":2022,"res":0.5,"name":"Vivid"}},{"type":"Feature","geometry":{"type":"Polygon","coordinates":[[[119.8826,-8.69847],[119.88242,-8.69815],[119.88253,-8.69892],[119.8826,-8.69847]]]},"properties":{"date":"2022-07-09","year":2022,"res":0.5,"name":"Vivid"}},{"type":"Feature","geometry":{"type":"Polygon","coordinates":[[[119.88242,-8.69815],[119.88242,-8.69814],[119.88242,-8.69815]]]},"properties":{"date":"2022-07-09","year":2022,"res":0.5,"name":"Vivid"}},{"type":"Feature","geometry":{"type":"Polygon","coordinates":[[[119.88241,-8.69812],[119.88228,-8.69781],[119.88229,-8.698],[119.88241,-8.69812]]]},"properties":{"date":"2022-07-09","year":2022,"res":0.5,"name":"Vivid"}},{"type":"Feature","geometry":{"type":"Polygon","coordinates":[[[119.88185,-8.66147],[119.88186,-8.66149],[119.88186,-8.66146],[119.88185,-8.66147]]]},"properties":{"date":"2022-07-09","year":2022,"res":0.5,"name":"Vivid"}},{"type":"Feature","geometry":{"type":"Polygon","coordinates":[[[119.92655,-8.61338],[119.92888,-8.61288],[119.93162,-8.60988],[119.93563,-8.6092],[119.93865,-8.60994],[119.94301,-8.60935],[119.94635,-8.60998],[119.95335,-8.60897],[119.95619,-8.6099],[119.96092,-8.61023],[119.9635,-8.61122],[119.96666,-8.61364],[119.96996,-8.61391],[119.97205,-8.61148],[119.9715,-8.61019],[119.96878,-8.60917],[119.96794,-8.60685],[119.96763,-8.60296],[119.96689,-8.60165],[119.96811,-8.5995],[119.9686,-8.59646],[119.96761,-8.59002],[119.96635,-8.58785],[119.96677,-8.57908],[119.96925,-8.57765],[119.97059,-8.57608],[119.9702,-8.57279],[119.97072,-8.56926],[119.97014,-8.56796],[119.97134,-8.56315],[119.97061,-8.55963],[119.97068,-8.55366],[119.96933,-8.553],[119.9654,-8.55279],[119.96289,-8.5539],[119.96019,-8.55355],[119.9563,-8.55397],[119.95383,-8.55498],[119.95088,-8.55466],[119.94883,-8.55514],[119.93936,-8.55331],[119.93539,-8.55453],[119.93015,-8.55433],[119.92676,-8.55621],[119.92443,-8.55512],[119.9221,-8.55506],[119.91894,-8.55634],[119.91763,-8.55621],[119.91774,-8.55872],[119.92039,-8.56208],[119.92194,-8.56744],[119.92323,-8.56934],[119.92294,-8.57683],[119.92171,-8.58513],[119.92024,-8.58879],[119.91991,-8.59182],[119.92004,-8.59545],[119.92111,-8.59979],[119.92104,-8.60523],[119.92294,-8.61328],[119.92206,-8.61156],[119.91465,-8.60923],[119.90658,-8.60893],[119.90452,-8.60781],[119.89545,-8.60824],[119.8923,-8.60989],[119.88395,-8.60991],[119.88307,-8.61108],[119.88286,-8.61319],[119.88398,-8.61303],[119.88593,-8.61148],[119.89867,-8.61178],[119.90073,-8.61332],[119.90182,-8.61327],[119.9041,-8.61522],[119.91073,-8.6168],[119.91475,-8.61571],[119.91806,-8.61634],[119.92246,-8.61603],[119.92392,-8.61495],[119.92395,-8.61428],[119.92655,-8.61338]]]},"properties":{"date":"2022-07-09","year":2022,"res":0.5,"name":"Vivid"}},{"type":"Feature","geometry":{"type":"Polygon","coordinates":[[[119.87981,-8.70404],[119.87993,-8.70394],[119.87959,-8.70418],[119.87981,-8.70404]]]},"properties":{"date":"2022-07-09","year":2022,"res":0.5,"name":"Vivid"}},{"type":"Feature","geometry":{"type":"Polygon","coordinates":[[[119.88024,-8.70362],[119.88025,-8.70359],[119.88023,-8.70359],[119.88024,-8.70362]]]},"properties":{"date":"2022-07-09","year":2022,"res":0.5,"name":"Vivid"}},{"type":"Feature","geometry":{"type":"Polygon","coordinates":[[[119.8804,-8.70354],[119.88041,-8.70353],[119.88039,-8.70353],[119.8804,-8.70354]]]},"properties":{"date":"2022-07-09","year":2022,"res":0.5,"name":"Vivid"}},{"type":"Feature","geometry":{"type":"Polygon","coordinates":[[[119.88167,-8.70223],[119.88085,-8.70237],[119.88041,-8.70353],[119.88167,-8.70223]]]},"properties":{"date":"2022-07-09","year":2022,"res":0.5,"name":"Vivid"}},{"type":"Feature","geometry":{"type":"Polygon","coordinates":[[[119.88209,-8.70163],[119.88211,-8.70164],[119.88211,-8.70163],[119.88209,-8.70163]]]},"properties":{"date":"2022-07-09","year":2022,"res":0.5,"name":"Vivid"}},{"type":"Feature","geometry":{"type":"Polygon","coordinates":[]},"properties":{"date":"2022-07-09","year":2022,"res":0.5,"name":"Vivid"}},{"type":"Feature","geometry":{"type":"Polygon","coordinates":[[[120.08753,-8.60779],[120.08752,-8.60779],[120.08753,-8.60779]]]},"properties":{"date":"2022-08-07","year":2022,"res":0.46,"name":"Vivid"}},{"type":"Feature","geometry":{"type":"Polygon","coordinates":[[[120.08767,-8.60768],[120.08753,-8.60779],[120.08772,-8.60766],[120.08767,-8.60768]]]},"properties":{"date":"2022-08-07","year":2022,"res":0.46,"name":"Vivid"}},{"type":"Feature","geometry":{"type":"Polygon","coordinates":[[[120.08791,-8.60753],[120.0901,-8.60344],[120.0917,-8.59505],[120.08956,-8.58103],[120.08992,-8.58435],[120.08941,-8.59084],[120.09005,-8.59315],[120.08861,-8.59998],[120.0892,-8.60392],[120.08791,-8.60753]]]},"properties":{"date":"2022-08-07","year":2022,"res":0.46,"name":"Vivid"}},{"type":"Feature","geometry":{"type":"Polygon","coordinates":[[[120.08933,-8.58035],[120.08948,-8.58046],[120.08921,-8.58007],[120.08933,-8.58035]]]},"properties":{"date":"2022-08-07","year":2022,"res":0.46,"name":"Vivid"}},{"type":"Feature","geometry":{"type":"Polygon","coordinates":[[[120.08921,-8.58006],[120.08921,-8.58005],[120.08921,-8.58006]]]},"properties":{"date":"2022-08-07","year":2022,"res":0.46,"name":"Vivid"}},{"type":"Feature","geometry":{"type":"Polygon","coordinates":[[[120.08755,-8.56664],[120.08751,-8.56704],[120.08912,-8.56472],[120.0905,-8.56384],[120.09131,-8.56157],[120.09291,-8.56005],[120.09489,-8.55616],[120.09275,-8.55315],[120.09446,-8.54737],[120.09046,-8.54082],[120.08972,-8.53576],[120.08836,-8.53206],[120.08944,-8.53687],[120.08941,-8.54424],[120.08793,-8.55148],[120.0883,-8.55513],[120.08744,-8.5601],[120.08755,-8.56664]]]},"properties":{"date":"2022-08-07","year":2022,"res":0.46,"name":"Vivid"}},{"type":"Feature","geometry":{"type":"Polygon","coordinates":[[[120.08825,-8.53193],[120.08825,-8.53194],[120.08825,-8.53193]]]},"properties":{"date":"2022-08-07","year":2022,"res":0.46,"name":"Vivid"}},{"type":"Feature","geometry":{"type":"Polygon","coordinates":[[[120.08824,-8.53192],[120.08824,-8.53193],[120.08824,-8.53192]]]},"properties":{"date":"2022-08-07","year":2022,"res":0.46,"name":"Vivid"}},{"type":"Feature","geometry":{"type":"Polygon","coordinates":[[[120.08801,-8.53166],[120.08805,-8.53185],[120.08824,-8.53192],[120.08801,-8.53166]]]},"properties":{"date":"2022-08-07","year":2022,"res":0.46,"name":"Vivid"}},{"type":"Feature","geometry":{"type":"Polygon","coordinates":[[[120.08785,-8.53151],[120.08799,-8.53165],[120.08736,-8.53001],[120.08785,-8.53151]]]},"properties":{"date":"2022-08-07","year":2022,"res":0.46,"name":"Vivid"}},{"type":"Feature","geometry":{"type":"Polygon","coordinates":[[[120.09134,-8.78322],[120.09135,-8.78321],[120.09135,-8.78321],[120.09134,-8.78322]]]},"properties":{"date":"2022-08-07","year":2022,"res":0.46,"name":"Vivid"}},{"type":"Feature","geometry":{"type":"Polygon","coordinates":[[[120.09135,-8.7832],[120.09136,-8.78319],[120.09135,-8.78319],[120.09135,-8.7832]]]},"properties":{"date":"2022-08-07","year":2022,"res":0.46,"name":"Vivid"}},{"type":"Feature","geometry":{"type":"Polygon","coordinates":[[[120.09138,-8.78269],[120.09136,-8.78319],[120.09198,-8.78302],[120.09312,-8.78115],[120.09366,-8.77853],[120.0918,-8.77551],[120.09209,-8.77386],[120.09053,-8.77238],[120.09052,-8.77094],[120.0894,-8.76951],[120.09065,-8.76268],[120.08954,-8.76123],[120.0896,-8.76376],[120.08893,-8.76445],[120.08894,-8.77118],[120.08992,-8.773],[120.08987,-8.77821],[120.09131,-8.78112],[120.09138,-8.78269]]]},"properties":{"date":"2022-08-07","year":2022,"res":0.46,"name":"Vivid"}},{"type":"Feature","geometry":{"type":"Polygon","coordinates":[[[120.08908,-8.75944],[120.08902,-8.75989],[120.08802,-8.75529],[120.08908,-8.75944]]]},"properties":{"date":"2022-08-07","year":2022,"res":0.46,"name":"Vivid"}},{"type":"Feature","geometry":{"type":"Polygon","coordinates":[[[120.088,-8.75528],[120.08799,-8.75527],[120.088,-8.75527],[120.088,-8.75528]]]},"properties":{"date":"2022-08-07","year":2022,"res":0.46,"name":"Vivid"}},{"type":"Feature","geometry":{"type":"Polygon","coordinates":[[[120.08799,-8.75527],[120.08799,-8.75527],[120.08799,-8.75527]]]},"properties":{"date":"2022-08-07","year":2022,"res":0.46,"name":"Vivid"}},{"type":"Feature","geometry":{"type":"Polygon","coordinates":[[[120.08792,-8.75523],[120.08796,-8.75522],[120.08792,-8.7552],[120.08792,-8.75523]]]},"properties":{"date":"2022-08-07","year":2022,"res":0.46,"name":"Vivid"}},{"type":"Feature","geometry":{"type":"Polygon","coordinates":[[[120.08788,-8.7551],[120.08779,-8.75506],[120.08789,-8.75515],[120.08788,-8.7551]]]},"properties":{"date":"2022-08-07","year":2022,"res":0.46,"name":"Vivid"}},{"type":"Feature","geometry":{"type":"Polygon","coordinates":[[[120.08757,-8.75445],[120.08764,-8.75478],[120.08757,-8.75274],[120.08757,-8.75445]]]},"properties":{"date":"2022-08-07","year":2022,"res":0.46,"name":"Vivid"}},{"type":"Feature","geometry":{"type":"Polygon","coordinates":[[[120.08596,-8.69857],[120.08863,-8.6953],[120.08983,-8.69241],[120.091,-8.69202],[120.0933,-8.68381],[120.09318,-8.67915],[120.09267,-8.67726],[120.09144,-8.67606],[120.09084,-8.66912],[120.08733,-8.6641],[120.08579,-8.66592],[120.08638,-8.67167],[120.08532,-8.67645],[120.08535,-8.6792],[120.08635,-8.68271],[120.0865,-8.69633],[120.08596,-8.69857]]]},"properties":{"date":"2022-08-07","year":2022,"res":0.46,"name":"Vivid"}},{"type":"Feature","geometry":{"type":"Polygon","coordinates":[[[119.70704,-8.61321],[119.71815,-8.61342],[119.72019,-8.6144],[119.7394,-8.61429],[119.73908,-8.61325],[119.74025,-8.61231],[119.74165,-8.60939],[119.74288,-8.60252],[119.74195,-8.59708],[119.74315,-8.59544],[119.74386,-8.59184],[119.74557,-8.59036],[119.74804,-8.58994],[119.74816,-8.58401],[119.74548,-8.58138],[119.74342,-8.58078],[119.74326,-8.57904],[119.7422,-8.57768],[119.74273,-8.57587],[119.74227,-8.57326],[119.74319,-8.57192],[119.74326,-8.57028],[119.73932,-8.56993],[119.73907,-8.56936],[119.74193,-8.56861],[119.74272,-8.56559],[119.74224,-8.56374],[119.73956,-8.56238],[119.73952,-8.53955],[119.73911,-8.528],[119.73842,-8.52613],[119.70725,-8.52545],[119.70758,-8.54552],[119.70703,-8.56936],[119.70779,-8.57181],[119.70905,-8.57296],[119.70953,-8.5755],[119.71206,-8.57713],[119.71321,-8.58108],[119.71214,-8.58174],[119.71214,-8.58487],[119.7102,-8.58755],[119.7095,-8.59415],[119.70811,-8.5968],[119.70799,-8.60007],[119.71007,-8.60229],[119.71009,-8.60658],[119.7098,-8.60793],[119.70737,-8.61051],[119.70704,-8.61321]]]},"properties":{"date":"2023-01-12","year":2023,"res":0.5,"name":"Vivid"}},{"type":"Feature","geometry":{"type":"Polygon","coordinates":[[[119.70703,-8.52539],[119.70703,-8.52542],[119.70706,-8.52542],[119.70703,-8.52539]]]},"properties":{"date":"2023-01-12","year":2023,"res":0.5,"name":"Vivid"}},{"type":"Feature","geometry":{"type":"Polygon","coordinates":[[[120.23434,-8.52125],[120.23437,-8.48146],[120.2311,-8.48364],[120.23029,-8.48962],[120.22904,-8.49003],[120.22739,-8.49305],[120.22781,-8.49958],[120.22736,-8.50331],[120.2264,-8.50479],[120.22623,-8.50787],[120.22665,-8.51036],[120.22854,-8.51135],[120.23169,-8.51615],[120.23325,-8.51685],[120.23409,-8.51924],[120.23372,-8.52062],[120.23434,-8.52125]]]},"properties":{"date":"2023-05-07","year":2023,"res":0.5,"name":"Vivid"}},{"type":"Feature","geometry":{"type":"Polygon","coordinates":[[[119.63721,-8.69683],[119.63664,-8.69672],[119.63741,-8.70117],[119.63678,-8.70175],[119.63743,-8.70287],[119.6369,-8.7083],[119.63788,-8.71275],[119.63576,-8.71607],[119.63524,-8.7189],[119.63623,-8.72066],[119.63611,-8.72589],[119.63416,-8.72751],[119.63292,-8.72776],[119.63201,-8.72968],[119.63284,-8.73221],[119.63225,-8.73674],[119.63316,-8.73888],[119.63287,-8.74232],[119.63754,-8.74512],[119.6368,-8.74828],[119.63726,-8.7545],[119.63598,-8.75626],[119.63575,-8.75813],[119.63634,-8.76006],[119.63293,-8.76379],[119.63251,-8.76824],[119.63271,-8.77094],[119.63349,-8.77236],[119.63308,-8.77484],[119.63395,-8.78004],[119.63632,-8.78313],[119.63735,-8.78906],[119.63694,-8.80101],[119.63752,-8.8029],[119.63741,-8.8067],[119.63679,-8.80766],[119.63678,-8.81748],[119.63732,-8.83301],[119.63726,-8.87692],[119.73904,-8.87695],[119.73949,-8.8686],[119.73909,-8.86165],[119.74005,-8.85292],[119.73908,-8.84212],[119.73905,-8.83301],[119.74057,-8.83159],[119.74228,-8.82852],[119.74333,-8.82404],[119.743,-8.81239],[119.74189,-8.80329],[119.74121,-8.80142],[119.7391,-8.7999],[119.73907,-8.78904],[119.74689,-8.78819],[119.74791,-8.78643],[119.74597,-8.78345],[119.74491,-8.77972],[119.74232,-8.77683],[119.74126,-8.76544],[119.74224,-8.75321],[119.74383,-8.74853],[119.7458,-8.74593],[119.73908,-8.74514],[119.73912,-8.73956],[119.73801,-8.73847],[119.73626,-8.72955],[119.73645,-8.72757],[119.7393,-8.72424],[119.73908,-8.70117],[119.74013,-8.69289],[119.74348,-8.68755],[119.74473,-8.68134],[119.74476,-8.67731],[119.74396,-8.67468],[119.74272,-8.67321],[119.74264,-8.67103],[119.73994,-8.66734],[119.73938,-8.66267],[119.73909,-8.6553],[119.7413,-8.65086],[119.74158,-8.64754],[119.74342,-8.64342],[119.74266,-8.64071],[119.7429,-8.6384],[119.74093,-8.63391],[119.74169,-8.63106],[119.74159,-8.62823],[119.74031,-8.62458],[119.73799,-8.62511],[119.73645,-8.6272],[119.73502,-8.62771],[119.73224,-8.62709],[119.72763,-8.62714],[119.72548,-8.62541],[119.72104,-8.62429],[119.7183,-8.62178],[119.71429,-8.62047],[119.71299,-8.61882],[119.70845,-8.61828],[119.70766,-8.61737],[119.70703,-8.61328],[119.70804,-8.61807],[119.71311,-8.61904],[119.71426,-8.62059],[119.71584,-8.62107],[119.71633,-8.62437],[119.71785,-8.62555],[119.71918,-8.62559],[119.71972,-8.62683],[119.72051,-8.62691],[119.72257,-8.63124],[119.72221,-8.63399],[119.72278,-8.63766],[119.72247,-8.6393],[119.7199,-8.64351],[119.71786,-8.64493],[119.71789,-8.64712],[119.71676,-8.64897],[119.71469,-8.65096],[119.71091,-8.65139],[119.71013,-8.65217],[119.70856,-8.65699],[119.70703,-8.6572],[119.71056,-8.65826],[119.71164,-8.65927],[119.71188,-8.66199],[119.71284,-8.66296],[119.71303,-8.66497],[119.71091,-8.6762],[119.70958,-8.67933],[119.70962,-8.68072],[119.70773,-8.68412],[119.70746,-8.68684],[119.70822,-8.68906],[119.70704,-8.69308],[119.70789,-8.69473],[119.70796,-8.69685],[119.70707,-8.69822],[119.70699,-8.70131],[119.70275,-8.70165],[119.6995,-8.70335],[119.69509,-8.70353],[119.68969,-8.70257],[119.68758,-8.70321],[119.68438,-8.70236],[119.67882,-8.70365],[119.67168,-8.70246],[119.66784,-8.70245],[119.66477,-8.7013],[119.65797,-8.70117],[119.65802,-8.69883],[119.65892,-8.69802],[119.65647,-8.69902],[119.65346,-8.69778],[119.64489,-8.6977],[119.63721,-8.69683]]]},"properties":{"date":"2023-05-20","year":2023,"res":0.46,"name":"Vivid"}},{"type":"Feature","geometry":{"type":"Polygon","coordinates":[[[119.70705,-8.61321],[119.70704,-8.61321],[119.70705,-8.61321]]]},"properties":{"date":"2023-05-20","year":2023,"res":0.46,"name":"Vivid"}},{"type":"Feature","geometry":{"type":"Polygon","coordinates":[[[119.70705,-8.6132],[119.70706,-8.61321],[119.70706,-8.6132],[119.70705,-8.6132]]]},"properties":{"date":"2023-05-20","year":2023,"res":0.46,"name":"Vivid"}},{"type":"Feature","geometry":{"type":"Polygon","coordinates":[[[119.70707,-8.61319],[119.70706,-8.61319],[119.70706,-8.6132],[119.70707,-8.61319]]]},"properties":{"date":"2023-05-20","year":2023,"res":0.46,"name":"Vivid"}},{"type":"Feature","geometry":{"type":"Polygon","coordinates":[]},"properties":{"date":"2023-05-20","year":2023,"res":0.46,"name":"Vivid"}},{"type":"Feature","geometry":{"type":"Polygon","coordinates":[]},"properties":{"date":"2023-05-20","year":2023,"res":0.46,"name":"Vivid"}},{"type":"Feature","geometry":{"type":"Polygon","coordinates":[]},"properties":{"date":"2023-05-20","year":2023,"res":0.46,"name":"Vivid"}},{"type":"Feature","geometry":{"type":"Polygon","coordinates":[[[119.70711,-8.61311],[119.70711,-8.61309],[119.70711,-8.61309],[119.70711,-8.61311]]]},"properties":{"date":"2023-05-20","year":2023,"res":0.46,"name":"Vivid"}},{"type":"Feature","geometry":{"type":"Polygon","coordinates":[[[119.70708,-8.56946],[119.70706,-8.56945],[119.70709,-8.56948],[119.70708,-8.56946]]]},"properties":{"date":"2023-05-20","year":2023,"res":0.46,"name":"Vivid"}},{"type":"Feature","geometry":{"type":"Polygon","coordinates":[[[119.70703,-8.56934],[119.70703,-8.56936],[119.70703,-8.56934]]]},"properties":{"date":"2023-05-20","year":2023,"res":0.46,"name":"Vivid"}},{"type":"Feature","geometry":{"type":"Polygon","coordinates":[[[119.70703,-8.5693],[119.70703,-8.56931],[119.70703,-8.5693]]]},"properties":{"date":"2023-05-20","year":2023,"res":0.46,"name":"Vivid"}},{"type":"Feature","geometry":{"type":"Polygon","coordinates":[[[119.70726,-8.56904],[119.70733,-8.56834],[119.70703,-8.5693],[119.70726,-8.56904]]]},"properties":{"date":"2023-05-20","year":2023,"res":0.46,"name":"Vivid"}},{"type":"Feature","geometry":{"type":"Polygon","coordinates":[[[119.70728,-8.52551],[119.70703,-8.52542],[119.70728,-8.52564],[119.70728,-8.52551]]]},"properties":{"date":"2023-05-20","year":2023,"res":0.46,"name":"Vivid"}},{"type":"Feature","geometry":{"type":"Polygon","coordinates":[[[119.7072,-8.6127],[119.70728,-8.61228],[119.70722,-8.61234],[119.7072,-8.6127]]]},"properties":{"date":"2023-05-20","year":2023,"res":0.46,"name":"Vivid"}},{"type":"Feature","geometry":{"type":"Polygon","coordinates":[[[119.70723,-8.5697],[119.70774,-8.57587],[119.70957,-8.57816],[119.71004,-8.58003],[119.7094,-8.58389],[119.70855,-8.58449],[119.70808,-8.58644],[119.70805,-8.59134],[119.70713,-8.59434],[119.70775,-8.59954],[119.70713,-8.60071],[119.70729,-8.61206],[119.70746,-8.61033],[119.7098,-8.60793],[119.71009,-8.60658],[119.71007,-8.60229],[119.70799,-8.60007],[119.70811,-8.5968],[119.7095,-8.59415],[119.7102,-8.58755],[119.71214,-8.58487],[119.71214,-8.58174],[119.71321,-8.58108],[119.71206,-8.57713],[119.70953,-8.5755],[119.70905,-8.57296],[119.70779,-8.57181],[119.70723,-8.5697]]]},"properties":{"date":"2023-05-20","year":2023,"res":0.46,"name":"Vivid"}},{"type":"Feature","geometry":{"type":"Polygon","coordinates":[[[119.70727,-8.55722],[119.70733,-8.55731],[119.70731,-8.55532],[119.70727,-8.55722]]]},"properties":{"date":"2023-05-20","year":2023,"res":0.46,"name":"Vivid"}},{"type":"Feature","geometry":{"type":"Polygon","coordinates":[[[119.70732,-8.55185],[119.70731,-8.55194],[119.70732,-8.55198],[119.70732,-8.55185]]]},"properties":{"date":"2023-05-20","year":2023,"res":0.46,"name":"Vivid"}},{"type":"Feature","geometry":{"type":"Polygon","coordinates":[[[119.70732,-8.55075],[119.70729,-8.55057],[119.70732,-8.55109],[119.70732,-8.55075]]]},"properties":{"date":"2023-05-20","year":2023,"res":0.46,"name":"Vivid"}},{"type":"Feature","geometry":{"type":"Polygon","coordinates":[[[119.70726,-8.55011],[119.70729,-8.55049],[119.70728,-8.54984],[119.70726,-8.55011]]]},"properties":{"date":"2023-05-20","year":2023,"res":0.46,"name":"Vivid"}},{"type":"Feature","geometry":{"type":"Polygon","coordinates":[[[119.70727,-8.54941],[119.70728,-8.54949],[119.70728,-8.5491],[119.70727,-8.54941]]]},"properties":{"date":"2023-05-20","year":2023,"res":0.46,"name":"Vivid"}},{"type":"Feature","geometry":{"type":"Polygon","coordinates":[[[119.70728,-8.54869],[119.70726,-8.54874],[119.70728,-8.54905],[119.70728,-8.54869]]]},"properties":{"date":"2023-05-20","year":2023,"res":0.46,"name":"Vivid"}},{"type":"Feature","geometry":{"type":"Polygon","coordinates":[[[119.7073,-8.54835],[119.70729,-8.54835],[119.70728,-8.54841],[119.7073,-8.54835]]]},"properties":{"date":"2023-05-20","year":2023,"res":0.46,"name":"Vivid"}},{"type":"Feature","geometry":{"type":"Polygon","coordinates":[[[119.7073,-8.54835],[119.7073,-8.54834],[119.7073,-8.54835]]]},"properties":{"date":"2023-05-20","year":2023,"res":0.46,"name":"Vivid"}},{"type":"Feature","geometry":{"type":"Polygon","coordinates":[[[119.70732,-8.52927],[119.70731,-8.52932],[119.70732,-8.5294],[119.70732,-8.52927]]]},"properties":{"date":"2023-05-20","year":2023,"res":0.46,"name":"Vivid"}},{"type":"Feature","geometry":{"type":"Polygon","coordinates":[[[119.70732,-8.52882],[119.70732,-8.52895],[119.70732,-8.52882]]]},"properties":{"date":"2023-05-20","year":2023,"res":0.46,"name":"Vivid"}},{"type":"Feature","geometry":{"type":"Polygon","coordinates":[[[119.83454,-8.70111],[119.83405,-8.70332],[119.83223,-8.70613],[119.83265,-8.70682],[119.83212,-8.71183],[119.83328,-8.71426],[119.83225,-8.71774],[119.83202,-8.72256],[119.83237,-8.72773],[119.83294,-8.72886],[119.83175,-8.73165],[119.83215,-8.73675],[119.83317,-8.73868],[119.83312,-8.74255],[119.83429,-8.74514],[119.83196,-8.74621],[119.82943,-8.74853],[119.82876,-8.75052],[119.82965,-8.75412],[119.82929,-8.7552],[119.82787,-8.75566],[119.82693,-8.75689],[119.82584,-8.76153],[119.82595,-8.76425],[119.82515,-8.76631],[119.8262,-8.76942],[119.82902,-8.77194],[119.82934,-8.77368],[119.83231,-8.77628],[119.83426,-8.78197],[119.8339,-8.78566],[119.83434,-8.78903],[119.8389,-8.78906],[119.84271,-8.78828],[119.84471,-8.7857],[119.84915,-8.7844],[119.85128,-8.78256],[119.85304,-8.78222],[119.85354,-8.78117],[119.85345,-8.77694],[119.85501,-8.7763],[119.85618,-8.77442],[119.85776,-8.77419],[119.85942,-8.77437],[119.86119,-8.77547],[119.86578,-8.776],[119.86648,-8.77735],[119.86869,-8.7782],[119.86954,-8.77927],[119.87146,-8.77947],[119.87467,-8.78189],[119.87714,-8.7821],[119.87876,-8.7859],[119.88039,-8.78773],[119.88217,-8.78843],[119.87933,-8.7859],[119.8778,-8.78136],[119.87661,-8.77121],[119.87739,-8.76391],[119.87964,-8.75709],[119.87923,-8.75551],[119.88158,-8.75048],[119.88245,-8.74624],[119.88241,-8.74111],[119.87925,-8.7397],[119.87864,-8.73845],[119.8793,-8.72992],[119.87997,-8.72675],[119.88156,-8.72406],[119.88078,-8.72066],[119.88155,-8.7173],[119.88098,-8.71578],[119.88127,-8.71316],[119.88051,-8.71206],[119.88037,-8.70903],[119.87954,-8.70837],[119.8793,-8.70577],[119.88085,-8.70237],[119.88263,-8.70117],[119.8814,-8.69361],[119.88159,-8.69126],[119.88093,-8.68991],[119.88103,-8.68726],[119.88005,-8.68353],[119.87941,-8.67376],[119.88045,-8.66639],[119.88161,-8.66436],[119.88165,-8.65829],[119.88227,-8.65723],[119.88176,-8.65576],[119.88226,-8.65161],[119.88191,-8.64468],[119.8814,-8.64145],[119.8799,-8.63953],[119.88041,-8.63384],[119.87934,-8.63125],[119.88038,-8.62847],[119.88037,-8.62574],[119.8818,-8.62299],[119.88184,-8.61374],[119.87113,-8.61333],[119.86844,-8.6146],[119.86455,-8.61488],[119.86351,-8.61589],[119.86118,-8.61613],[119.85851,-8.61528],[119.85158,-8.61473],[119.84666,-8.61555],[119.8427,-8.61542],[119.84043,-8.61491],[119.83886,-8.61328],[119.83756,-8.61391],[119.83512,-8.61372],[119.83414,-8.61463],[119.83379,-8.61634],[119.83426,-8.61845],[119.83346,-8.62333],[119.83428,-8.62436],[119.83394,-8.62623],[119.83442,-8.62846],[119.83422,-8.6326],[119.83308,-8.636],[119.83339,-8.64211],[119.83099,-8.64913],[119.83195,-8.65418],[119.83431,-8.65723],[119.83415,-8.65882],[119.83188,-8.66378],[119.83199,-8.66522],[119.83107,-8.66638],[119.83081,-8.67121],[119.82934,-8.6767],[119.82883,-8.68218],[119.83138,-8.68832],[119.83323,-8.69097],[119.83336,-8.69949],[119.83454,-8.70111]]]},"properties":{"date":"2023-05-20","year":2023,"res":0.46,"name":"Vivid"}},{"type":"Feature","geometry":{"type":"Polygon","coordinates":[[[119.74776,-8.78642],[119.74887,-8.76816],[119.7487,-8.75446],[119.7481,-8.74799],[119.74705,-8.74649],[119.7458,-8.74593],[119.74383,-8.74853],[119.74224,-8.75321],[119.74126,-8.76544],[119.74232,-8.77683],[119.74491,-8.77972],[119.74597,-8.78345],[119.74776,-8.78642]]]},"properties":{"date":"2023-05-20","year":2023,"res":0.46,"name":"Vivid"}},{"type":"Feature","geometry":{"type":"Polygon","coordinates":[[[119.73906,-8.73945],[119.7393,-8.72424],[119.73645,-8.72757],[119.73625,-8.72927],[119.73801,-8.73847],[119.73906,-8.73945]]]},"properties":{"date":"2023-05-20","year":2023,"res":0.46,"name":"Vivid"}},{"type":"Feature","geometry":{"type":"Polygon","coordinates":[[[119.74473,-8.67721],[119.74396,-8.67468],[119.74411,-8.67645],[119.74473,-8.67721]]]},"properties":{"date":"2023-05-20","year":2023,"res":0.46,"name":"Vivid"}},{"type":"Feature","geometry":{"type":"Polygon","coordinates":[[[120.0782,-8.43815],[120.07517,-8.43846],[120.07016,-8.43783],[120.07682,-8.43899],[120.0782,-8.43815]]]},"properties":{"date":"2023-05-26","year":2023,"res":0.31,"name":"Vivid"}},{"type":"Feature","geometry":{"type":"Polygon","coordinates":[[[120.0692,-8.43783],[120.06918,-8.43783],[120.0692,-8.43783]]]},"properties":{"date":"2023-05-26","year":2023,"res":0.31,"name":"Vivid"}},{"type":"Feature","geometry":{"type":"Polygon","coordinates":[[[120.06914,-8.43783],[120.06918,-8.43783],[120.06911,-8.43782],[120.06914,-8.43783]]]},"properties":{"date":"2023-05-26","year":2023,"res":0.31,"name":"Vivid"}},{"type":"Feature","geometry":{"type":"Polygon","coordinates":[[[120.06931,-8.43783],[120.0695,-8.43782],[120.06942,-8.43778],[120.06931,-8.43783]]]},"properties":{"date":"2023-05-26","year":2023,"res":0.31,"name":"Vivid"}},{"type":"Feature","geometry":{"type":"Polygon","coordinates":[]},"properties":{"date":"2023-05-26","year":2023,"res":0.31,"name":"Vivid"}},{"type":"Feature","geometry":{"type":"Polygon","coordinates":[[[120.06137,-8.43774],[120.06151,-8.43769],[120.06058,-8.43765],[120.06137,-8.43774]]]},"properties":{"date":"2023-05-26","year":2023,"res":0.31,"name":"Vivid"}},{"type":"Feature","geometry":{"type":"Polygon","coordinates":[[[120.0622,-8.4376],[120.06243,-8.43774],[120.06238,-8.4376],[120.0622,-8.4376]]]},"properties":{"date":"2023-05-26","year":2023,"res":0.31,"name":"Vivid"}},{"type":"Feature","geometry":{"type":"Polygon","coordinates":[[[120.05969,-8.43767],[120.05988,-8.43764],[120.05903,-8.43758],[120.05969,-8.43767]]]},"properties":{"date":"2023-05-26","year":2023,"res":0.31,"name":"Vivid"}},{"type":"Feature","geometry":{"type":"Polygon","coordinates":[[[120.0589,-8.43757],[120.05903,-8.43758],[120.059,-8.43756],[120.0589,-8.43757]]]},"properties":{"date":"2023-05-26","year":2023,"res":0.31,"name":"Vivid"}},{"type":"Feature","geometry":{"type":"Polygon","coordinates":[[[120.05871,-8.43752],[120.05889,-8.43757],[120.05863,-8.4375],[120.05871,-8.43752]]]},"properties":{"date":"2023-05-26","year":2023,"res":0.31,"name":"Vivid"}},{"type":"Feature","geometry":{"type":"Polygon","coordinates":[[[120.23428,-8.78902],[120.23437,-8.74515],[120.23399,-8.75325],[120.2326,-8.75558],[120.2322,-8.76002],[120.23268,-8.76544],[120.23149,-8.76846],[120.23134,-8.77155],[120.23242,-8.77356],[120.23278,-8.77759],[120.23346,-8.77844],[120.23314,-8.78213],[120.23425,-8.78423],[120.23428,-8.78902]]]},"properties":{"date":"2023-06-03","year":2023,"res":0.5,"name":"Vivid"}},{"type":"Feature","geometry":{"type":"Polygon","coordinates":[[[119.66679,-8.7018],[119.66681,-8.7018],[119.66677,-8.7018],[119.66679,-8.7018]]]},"properties":{"date":"2023-06-14","year":2023,"res":0.31,"name":"Vivid"}},{"type":"Feature","geometry":{"type":"Polygon","coordinates":[[[119.66516,-8.70147],[119.66515,-8.70147],[119.66516,-8.70147]]]},"properties":{"date":"2023-06-14","year":2023,"res":0.31,"name":"Vivid"}},{"type":"Feature","geometry":{"type":"Polygon","coordinates":[[[119.66493,-8.70135],[119.66515,-8.70147],[119.66504,-8.70133],[119.66493,-8.70135]]]},"properties":{"date":"2023-06-14","year":2023,"res":0.31,"name":"Vivid"}},{"type":"Feature","geometry":{"type":"Polygon","coordinates":[[[119.66415,-8.70126],[119.66408,-8.70128],[119.66415,-8.70127],[119.66415,-8.70126]]]},"properties":{"date":"2023-06-14","year":2023,"res":0.31,"name":"Vivid"}},{"type":"Feature","geometry":{"type":"Polygon","coordinates":[[[119.66407,-8.70128],[119.66406,-8.70126],[119.66406,-8.70128],[119.66407,-8.70128]]]},"properties":{"date":"2023-06-14","year":2023,"res":0.31,"name":"Vivid"}},{"type":"Feature","geometry":{"type":"Polygon","coordinates":[[[120.14645,-8.79086],[120.14644,-8.79079],[120.14644,-8.79086],[120.14645,-8.79086]]]},"properties":{"date":"2023-09-15","year":2023,"res":0.5,"name":"Vivid"}},{"type":"Feature","geometry":{"type":"Polygon","coordinates":[]},"properties":{"date":"2023-09-15","year":2023,"res":0.5,"name":"Vivid"}},{"type":"Feature","geometry":{"type":"Polygon","coordinates":[[[120.14649,-8.78909],[120.14652,-8.78912],[120.14652,-8.78907],[120.14649,-8.78909]]]},"properties":{"date":"2023-09-15","year":2023,"res":0.5,"name":"Vivid"}},{"type":"Feature","geometry":{"type":"Polygon","coordinates":[[[120.08088,-8.61034],[120.0834,-8.61126],[120.08629,-8.61131],[120.08921,-8.61328],[120.08715,-8.61387],[120.08672,-8.61737],[120.0844,-8.62103],[120.0851,-8.62421],[120.08412,-8.62784],[120.08453,-8.63383],[120.084,-8.63561],[120.08629,-8.63869],[120.08641,-8.64231],[120.08554,-8.64426],[120.08704,-8.64698],[120.08928,-8.65723],[120.08894,-8.6604],[120.08733,-8.6641],[120.09084,-8.66912],[120.09144,-8.67606],[120.09288,-8.67783],[120.09337,-8.68181],[120.09317,-8.6847],[120.091,-8.69202],[120.08919,-8.69326],[120.08884,-8.69493],[120.08698,-8.69679],[120.08598,-8.69894],[120.08924,-8.70117],[120.08844,-8.70348],[120.0892,-8.70684],[120.08825,-8.70922],[120.08894,-8.71101],[120.08838,-8.71448],[120.08845,-8.71767],[120.08919,-8.71935],[120.0892,-8.728],[120.08811,-8.73785],[120.08898,-8.74048],[120.08918,-8.75066],[120.08755,-8.75228],[120.08763,-8.75471],[120.08884,-8.75729],[120.08884,-8.76073],[120.09065,-8.76268],[120.0894,-8.76951],[120.09052,-8.77094],[120.09053,-8.77238],[120.09209,-8.77386],[120.0918,-8.77551],[120.09366,-8.77853],[120.09312,-8.78115],[120.09198,-8.78302],[120.08865,-8.7851],[120.08917,-8.78906],[120.08669,-8.7893],[120.0856,-8.79008],[120.08401,-8.7921],[120.08348,-8.79399],[120.08197,-8.79536],[120.08138,-8.79775],[120.08315,-8.79892],[120.08332,-8.79997],[120.08674,-8.80109],[120.08687,-8.80555],[120.09144,-8.80667],[120.09262,-8.80933],[120.0931,-8.81241],[120.09242,-8.81843],[120.09018,-8.8217],[120.08668,-8.8234],[120.08473,-8.82746],[120.08663,-8.83187],[120.08916,-8.83301],[120.08707,-8.83449],[120.08651,-8.8366],[120.08645,-8.86991],[120.08708,-8.87314],[120.08872,-8.87531],[120.0891,-8.87692],[120.09612,-8.87695],[120.09596,-8.80285],[120.09644,-8.79431],[120.09713,-8.79321],[120.09614,-8.79124],[120.09615,-8.78901],[120.09859,-8.78839],[120.10026,-8.789],[120.10209,-8.78875],[120.10391,-8.78991],[120.11315,-8.79025],[120.11355,-8.7916],[120.12537,-8.79735],[120.12967,-8.79583],[120.13634,-8.7957],[120.14295,-8.79378],[120.14642,-8.79105],[120.14648,-8.78906],[120.14783,-8.79022],[120.15837,-8.78977],[120.1655,-8.79084],[120.16986,-8.78944],[120.18081,-8.79015],[120.18194,-8.78977],[120.18656,-8.79056],[120.18977,-8.78985],[120.19165,-8.78874],[120.19472,-8.78851],[120.19597,-8.78751],[120.20252,-8.78635],[120.2094,-8.78677],[120.21199,-8.78636],[120.21444,-8.78724],[120.21927,-8.78762],[120.22249,-8.78687],[120.22677,-8.7881],[120.23224,-8.78796],[120.23437,-8.78906],[120.23425,-8.78423],[120.23315,-8.78225],[120.23346,-8.77844],[120.23278,-8.77759],[120.23242,-8.77356],[120.23134,-8.77155],[120.23149,-8.76846],[120.23268,-8.76544],[120.2322,-8.76002],[120.2326,-8.75558],[120.23399,-8.75325],[120.23437,-8.74515],[120.23437,-8.52134],[120.23372,-8.52062],[120.23409,-8.51924],[120.23325,-8.51685],[120.23169,-8.51615],[120.22854,-8.51135],[120.22665,-8.51036],[120.22623,-8.50787],[120.2264,-8.50479],[120.22736,-8.50331],[120.22781,-8.49958],[120.22739,-8.49305],[120.22904,-8.49003],[120.23029,-8.48962],[120.2311,-8.48364],[120.23437,-8.48148],[120.23437,-8.42377],[120.2333,-8.42423],[120.22542,-8.42393],[120.2202,-8.42478],[120.21527,-8.4237],[120.21356,-8.42524],[120.21067,-8.42573],[120.20678,-8.42588],[120.20315,-8.42524],[120.20017,-8.42611],[120.19773,-8.42504],[120.19462,-8.42513],[120.19043,-8.42359],[120.17969,-8.42775],[120.17524,-8.42852],[120.17086,-8.4275],[120.16648,-8.42736],[120.15172,-8.42352],[120.14803,-8.42423],[120.14648,-8.42338],[120.14588,-8.42412],[120.13716,-8.42697],[120.13305,-8.42525],[120.12894,-8.42593],[120.12184,-8.42346],[120.12014,-8.42409],[120.11368,-8.42394],[120.10882,-8.42593],[120.10253,-8.4232],[120.10111,-8.42444],[120.09841,-8.42388],[120.08804,-8.42386],[120.085,-8.42321],[120.08338,-8.42667],[120.08297,-8.42938],[120.08159,-8.43166],[120.08362,-8.43667],[120.0861,-8.4375],[120.07867,-8.43784],[120.08105,-8.44022],[120.08379,-8.44489],[120.08316,-8.44671],[120.08338,-8.45006],[120.08195,-8.45504],[120.0827,-8.45775],[120.08242,-8.46383],[120.08328,-8.46612],[120.08183,-8.47041],[120.08206,-8.47434],[120.08023,-8.47882],[120.07824,-8.48144],[120.07997,-8.48324],[120.08,-8.48401],[120.08171,-8.48512],[120.08681,-8.4961],[120.08586,-8.50442],[120.0866,-8.50734],[120.08449,-8.51288],[120.08514,-8.51416],[120.08511,-8.5163],[120.08735,-8.51825],[120.08867,-8.52145],[120.08937,-8.52539],[120.08838,-8.52773],[120.08541,-8.5285],[120.08745,-8.53011],[120.08872,-8.53231],[120.09046,-8.54082],[120.09431,-8.54692],[120.09449,-8.54806],[120.09275,-8.55315],[120.09489,-8.55616],[120.09291,-8.56005],[120.09131,-8.56157],[120.0905,-8.56384],[120.08912,-8.56472],[120.08798,-8.56667],[120.08102,-8.56934],[120.08506,-8.57697],[120.08742,-8.57819],[120.08948,-8.58026],[120.09171,-8.59484],[120.0901,-8.60344],[120.08806,-8.6074],[120.08088,-8.61034]]]},"properties":{"date":"2023-09-20","year":2023,"res":0.46,"name":"Vivid"}},{"type":"Feature","geometry":{"type":"Polygon","coordinates":[[[119.70692,-8.61333],[119.70713,-8.60071],[119.70775,-8.59985],[119.70713,-8.59434],[119.70805,-8.59134],[119.70808,-8.58644],[119.70855,-8.58449],[119.7094,-8.58389],[119.71004,-8.58003],[119.70957,-8.57816],[119.70774,-8.57587],[119.70768,-8.57147],[119.70703,-8.56936],[119.70758,-8.54552],[119.70725,-8.52549],[119.69335,-8.52542],[119.68254,-8.52673],[119.68197,-8.53322],[119.68227,-8.54337],[119.68134,-8.54589],[119.68208,-8.55087],[119.68145,-8.5537],[119.68228,-8.55576],[119.68213,-8.58778],[119.68136,-8.59557],[119.68219,-8.61484],[119.70692,-8.61333]]]},"properties":{"date":"2024-03-25","year":2024,"res":0.31,"name":"Vivid"}},{"type":"Feature","geometry":{"type":"Polygon","coordinates":[[[120.00564,-8.43641],[120.00548,-8.43736],[120.00384,-8.43753],[120.0038,-8.4406],[120.00493,-8.43943],[120.00564,-8.43641]]]},"properties":{"date":"2024-06-11","year":2024,"res":0.31,"name":"Vivid"}},{"type":"Feature","geometry":{"type":"Polygon","coordinates":[[[119.68304,-8.52535],[119.68228,-8.52534],[119.68228,-8.52684],[119.69407,-8.52539],[119.68304,-8.52535]]]},"properties":{"date":"2024-06-11","year":2024,"res":0.31,"name":"Vivid"}},{"type":"Feature","geometry":{"type":"Polygon","coordinates":[[[119.65806,-8.70086],[119.66305,-8.70117],[119.66235,-8.69976],[119.66262,-8.69719],[119.66182,-8.69609],[119.66146,-8.69376],[119.66126,-8.68707],[119.66185,-8.68584],[119.66099,-8.68471],[119.6609,-8.68315],[119.65989,-8.68909],[119.6602,-8.69258],[119.65931,-8.69456],[119.65899,-8.69799],[119.65802,-8.69883],[119.65806,-8.70086]]]},"properties":{"date":"2024-08-07","year":2024,"res":0.31,"name":"Vivid"}},{"type":"Feature","geometry":{"type":"Polygon","coordinates":[[[119.66082,-8.68263],[119.66135,-8.68216],[119.66137,-8.68029],[119.66032,-8.67873],[119.65895,-8.67845],[119.65889,-8.67955],[119.66082,-8.68263]]]},"properties":{"date":"2024-08-07","year":2024,"res":0.31,"name":"Vivid"}},{"type":"Feature","geometry":{"type":"Polygon","coordinates":[[[119.68219,-8.70112],[119.67729,-8.70134],[119.67407,-8.70277],[119.67279,-8.70193],[119.67055,-8.70196],[119.66945,-8.70127],[119.66515,-8.70147],[119.66784,-8.70245],[119.67168,-8.70246],[119.67882,-8.70365],[119.68438,-8.70236],[119.68758,-8.70321],[119.68969,-8.70257],[119.69509,-8.70353],[119.6995,-8.70335],[119.70275,-8.70165],[119.70703,-8.70117],[119.70707,-8.69822],[119.70796,-8.69685],[119.70789,-8.69473],[119.70704,-8.69308],[119.70822,-8.68906],[119.70746,-8.68684],[119.70773,-8.68412],[119.70962,-8.68072],[119.70958,-8.67933],[119.71091,-8.6762],[119.71303,-8.66497],[119.71284,-8.66296],[119.71188,-8.66199],[119.71164,-8.65927],[119.71056,-8.65826],[119.70703,-8.6572],[119.70856,-8.65699],[119.71013,-8.65217],[119.71091,-8.65139],[119.71469,-8.65096],[119.71676,-8.64897],[119.71789,-8.64712],[119.71786,-8.64493],[119.7199,-8.64351],[119.72247,-8.6393],[119.72278,-8.63766],[119.72221,-8.63399],[119.72257,-8.63124],[119.72051,-8.62691],[119.71972,-8.62683],[119.71918,-8.62559],[119.71785,-8.62555],[119.71633,-8.62437],[119.71584,-8.62107],[119.71426,-8.62059],[119.71311,-8.61904],[119.70804,-8.61807],[119.70703,-8.61328],[119.68219,-8.61484],[119.68175,-8.64246],[119.68219,-8.65723],[119.68109,-8.66908],[119.68038,-8.67158],[119.67866,-8.67371],[119.67906,-8.67571],[119.6802,-8.67644],[119.68157,-8.68138],[119.67998,-8.68779],[119.68039,-8.68937],[119.67999,-8.69366],[119.68219,-8.70112]]]},"properties":{"date":"2024-08-07","year":2024,"res":0.31,"name":"Vivid"}},{"type":"Feature","geometry":{"type":"Polygon","coordinates":[[[119.66512,-8.70144],[119.66513,-8.70144],[119.66513,-8.70143],[119.66512,-8.70144]]]},"properties":{"date":"2024-08-07","year":2024,"res":0.31,"name":"Vivid"}},{"type":"Feature","geometry":{"type":"Polygon","coordinates":[[[119.66508,-8.70137],[119.66507,-8.70136],[119.66507,-8.70137],[119.66508,-8.70137]]]},"properties":{"date":"2024-08-07","year":2024,"res":0.31,"name":"Vivid"}},{"type":"Feature","geometry":{"type":"Polygon","coordinates":[[[119.66506,-8.70136],[119.66507,-8.70136],[119.66506,-8.70136]]]},"properties":{"date":"2024-08-07","year":2024,"res":0.31,"name":"Vivid"}},{"type":"Feature","geometry":{"type":"Polygon","coordinates":[[[119.66506,-8.70135],[119.66506,-8.70136],[119.66506,-8.70135],[119.66506,-8.70135]]]},"properties":{"date":"2024-08-07","year":2024,"res":0.31,"name":"Vivid"}},{"type":"Feature","geometry":{"type":"Polygon","coordinates":[[[119.66379,-8.70125],[119.66415,-8.70126],[119.66343,-8.70118],[119.66379,-8.70125]]]},"properties":{"date":"2024-08-07","year":2024,"res":0.31,"name":"Vivid"}},{"type":"Feature","geometry":{"type":"Polygon","coordinates":[[[119.73883,-8.52779],[119.73909,-8.51663],[119.73831,-8.51588],[119.73222,-8.51666],[119.72515,-8.51322],[119.72102,-8.51247],[119.71824,-8.51277],[119.71521,-8.51148],[119.71319,-8.51263],[119.70998,-8.51271],[119.7094,-8.51585],[119.70834,-8.5174],[119.70703,-8.51801],[119.70081,-8.51666],[119.69801,-8.51782],[119.68534,-8.51797],[119.68296,-8.51844],[119.68228,-8.5192],[119.68228,-8.52534],[119.7316,-8.52564],[119.73842,-8.52613],[119.73883,-8.52779]]]},"properties":{"date":"2024-08-07","year":2024,"res":0.31,"name":"Vivid"}},{"type":"Feature","geometry":{"type":"Polygon","coordinates":[[[120.00436,-8.48156],[120.00287,-8.47996],[120.00164,-8.47669],[119.99909,-8.4623],[119.99977,-8.45967],[119.9996,-8.45251],[120.0013,-8.4485],[120.00249,-8.44275],[120.00374,-8.44115],[120.00386,-8.4375],[119.99545,-8.438],[119.99427,-8.43933],[119.98979,-8.44001],[119.98915,-8.44292],[119.98389,-8.4439],[119.9803,-8.44246],[119.97828,-8.4424],[119.9751,-8.44346],[119.97375,-8.44066],[119.97073,-8.4375],[119.96755,-8.43873],[119.96363,-8.43818],[119.95871,-8.43871],[119.95652,-8.4432],[119.95682,-8.44904],[119.95596,-8.45005],[119.95477,-8.45092],[119.9514,-8.45104],[119.95146,-8.45277],[119.95012,-8.45354],[119.94852,-8.45319],[119.94648,-8.45443],[119.94185,-8.45564],[119.939,-8.45509],[119.9364,-8.45547],[119.93302,-8.45456],[119.93165,-8.45292],[119.93026,-8.45251],[119.93005,-8.44911],[119.92935,-8.44598],[119.92833,-8.44451],[119.92805,-8.43882],[119.92748,-8.43774],[119.90387,-8.4375],[119.90409,-8.44533],[119.90491,-8.44642],[119.90461,-8.46797],[119.9058,-8.47002],[119.90683,-8.47748],[119.90608,-8.4778],[119.90594,-8.47905],[119.90419,-8.48144],[119.90627,-8.48289],[119.90703,-8.48703],[119.90659,-8.48929],[119.90787,-8.49237],[119.90921,-8.50315],[119.91076,-8.50467],[119.91251,-8.50933],[119.91609,-8.51142],[119.91737,-8.51349],[119.91994,-8.5151],[119.92082,-8.51732],[119.92451,-8.51703],[119.92676,-8.51782],[119.92797,-8.5173],[119.93307,-8.51804],[119.93998,-8.518],[119.946,-8.51741],[119.94998,-8.51771],[119.95325,-8.5164],[119.96042,-8.51819],[119.96792,-8.51895],[119.97106,-8.5201],[119.9737,-8.51782],[119.97585,-8.51321],[119.97936,-8.50858],[119.98645,-8.50366],[119.9877,-8.50107],[119.98989,-8.49917],[119.99244,-8.49521],[119.99256,-8.49415],[119.9949,-8.49209],[119.99629,-8.48834],[119.99901,-8.48696],[120.00058,-8.48561],[120.0018,-8.48327],[120.00436,-8.48156]]]},"properties":{"date":"2025-05-13","year":2025,"res":0.34,"name":"Vivid"}},{"type":"Feature","geometry":{"type":"Polygon","coordinates":[[[120.0588,-8.61319],[120.05781,-8.61451],[120.055,-8.61511],[120.0478,-8.61506],[120.04297,-8.61608],[120.03777,-8.61604],[120.03568,-8.61531],[120.03097,-8.61504],[120.02702,-8.61604],[120.02412,-8.61555],[120.02152,-8.616],[120.01622,-8.61441],[120.01492,-8.61329],[120.01286,-8.61396],[120.00922,-8.61378],[120.00768,-8.61499],[120.00147,-8.61603],[120.00004,-8.6157],[119.99762,-8.61328],[119.99873,-8.61916],[119.99858,-8.62198],[120.00085,-8.62578],[120.0015,-8.62835],[120.00288,-8.63007],[120.00268,-8.63812],[120.00458,-8.64254],[120.00187,-8.64786],[120.00108,-8.65102],[119.99926,-8.65239],[119.99756,-8.65575],[119.99759,-8.6612],[119.99835,-8.6643],[119.99761,-8.6657],[119.9984,-8.67072],[119.99988,-8.67154],[120.002,-8.67609],[120.00471,-8.67855],[120.00641,-8.68115],[120.00341,-8.68612],[120.00217,-8.68706],[120.00112,-8.68961],[119.99813,-8.69107],[119.99771,-8.70117],[120.00367,-8.70396],[120.00778,-8.70404],[120.00888,-8.70326],[120.0114,-8.70306],[120.01462,-8.70117],[120.01716,-8.70124],[120.0245,-8.70333],[120.02784,-8.70299],[120.03033,-8.70405],[120.03936,-8.70539],[120.04211,-8.70492],[120.0438,-8.70386],[120.0532,-8.70346],[120.05858,-8.70117],[120.0603,-8.70273],[120.05995,-8.71081],[120.06136,-8.71385],[120.06159,-8.72216],[120.06263,-8.7274],[120.06217,-8.72961],[120.06345,-8.73232],[120.06395,-8.7359],[120.06028,-8.74385],[120.0586,-8.74509],[120.05916,-8.74598],[120.05987,-8.7557],[120.0608,-8.75736],[120.06,-8.75988],[120.06041,-8.76532],[120.05927,-8.77121],[120.05977,-8.77449],[120.05862,-8.77813],[120.05868,-8.78001],[120.05993,-8.78097],[120.06022,-8.78234],[120.05944,-8.78848],[120.05586,-8.79302],[120.05454,-8.79344],[120.05341,-8.7961],[120.05045,-8.79717],[120.04783,-8.79958],[120.04758,-8.80052],[120.03949,-8.79906],[120.0369,-8.80029],[120.03092,-8.80007],[120.02409,-8.79814],[120.02254,-8.79516],[120.02049,-8.79452],[120.01545,-8.78945],[120.01351,-8.78903],[120.01135,-8.78756],[120.0022,-8.78775],[119.99748,-8.78906],[119.99776,-8.79222],[119.99917,-8.79312],[119.99931,-8.79478],[120.00088,-8.7958],[120.00042,-8.80119],[120.00126,-8.80465],[120.00093,-8.80725],[119.99926,-8.80908],[119.99817,-8.81325],[119.99893,-8.81636],[119.99894,-8.82438],[119.99885,-8.82741],[119.99731,-8.83301],[119.99784,-8.83666],[119.99736,-8.85384],[119.99832,-8.85846],[119.99746,-8.86056],[119.99733,-8.87695],[120.08916,-8.87695],[120.08708,-8.87314],[120.08645,-8.86991],[120.08642,-8.85369],[120.08659,-8.83583],[120.08718,-8.83435],[120.08916,-8.83301],[120.08663,-8.83187],[120.08369,-8.82618],[120.08027,-8.82433],[120.07798,-8.82396],[120.07713,-8.82309],[120.07554,-8.81659],[120.07504,-8.80501],[120.07583,-8.80323],[120.08099,-8.7992],[120.08197,-8.79536],[120.08348,-8.79399],[120.08401,-8.7921],[120.0856,-8.79008],[120.08669,-8.7893],[120.08917,-8.78906],[120.08899,-8.78579],[120.08701,-8.78392],[120.08743,-8.77864],[120.08424,-8.77289],[120.08418,-8.77078],[120.08239,-8.76831],[120.08225,-8.76628],[120.08563,-8.75745],[120.08734,-8.75582],[120.08755,-8.75228],[120.08918,-8.75066],[120.08898,-8.74048],[120.08811,-8.73785],[120.0892,-8.728],[120.08919,-8.71935],[120.08845,-8.71767],[120.08838,-8.71448],[120.08894,-8.71101],[120.08825,-8.70922],[120.0892,-8.70684],[120.08844,-8.70348],[120.08924,-8.70117],[120.08602,-8.69908],[120.0849,-8.69397],[120.08269,-8.68837],[120.08142,-8.67898],[120.08177,-8.67526],[120.08322,-8.67298],[120.08461,-8.66719],[120.08714,-8.66485],[120.08894,-8.6604],[120.08928,-8.65723],[120.08803,-8.6533],[120.08819,-8.65113],[120.08741,-8.65022],[120.08704,-8.64698],[120.08554,-8.64426],[120.08641,-8.64231],[120.08629,-8.63869],[120.08395,-8.63549],[120.08318,-8.6277],[120.08415,-8.62154],[120.08672,-8.61737],[120.08715,-8.61387],[120.08921,-8.61328],[120.08629,-8.61131],[120.0788,-8.61038],[120.07279,-8.61134],[120.07039,-8.61084],[120.0679,-8.61176],[120.0588,-8.61319]]]},"properties":{"date":"2025-06-04","year":2025,"res":0.34,"name":"Vivid"}},{"type":"Feature","geometry":{"type":"Polygon","coordinates":[[[120.0893,-8.52548],[120.08867,-8.52145],[120.08735,-8.51825],[120.08511,-8.5163],[120.08514,-8.51416],[120.08394,-8.51106],[120.08215,-8.5078],[120.07847,-8.50476],[120.07616,-8.50054],[120.0741,-8.49855],[120.07166,-8.49146],[120.07046,-8.49091],[120.07013,-8.48951],[120.06897,-8.48938],[120.06889,-8.48869],[120.06765,-8.48835],[120.06504,-8.48559],[120.0586,-8.48426],[120.0573,-8.48998],[120.05766,-8.49379],[120.05683,-8.49912],[120.05782,-8.50836],[120.05727,-8.51215],[120.05795,-8.51296],[120.05778,-8.51788],[120.0586,-8.52539],[120.06012,-8.52561],[120.06054,-8.52647],[120.06725,-8.52704],[120.06839,-8.52781],[120.07275,-8.52848],[120.0769,-8.52781],[120.08382,-8.52905],[120.08838,-8.52773],[120.0893,-8.52548]]]},"properties":{"date":"2025-06-04","year":2025,"res":0.34,"name":"Vivid"}},{"type":"Feature","geometry":{"type":"Polygon","coordinates":[[[119.6191,-8.5223],[119.66311,-8.52143],[119.67717,-8.51934],[119.676,-8.51817],[119.67557,-8.50134],[119.6761,-8.48627],[119.67712,-8.48144],[119.6762,-8.47046],[119.67706,-8.4375],[119.61914,-8.4375],[119.61914,-8.40717],[119.57989,-8.40717],[119.57958,-8.44215],[119.5813,-8.44406],[119.58182,-8.44663],[119.58237,-8.4477],[119.5834,-8.44783],[119.58343,-8.44938],[119.58452,-8.4509],[119.58371,-8.45469],[119.58427,-8.46433],[119.58325,-8.47409],[119.58097,-8.47967],[119.57954,-8.4811],[119.57943,-8.48367],[119.58039,-8.4898],[119.58232,-8.49186],[119.58233,-8.4938],[119.58127,-8.49637],[119.58197,-8.49894],[119.58348,-8.50118],[119.58407,-8.50402],[119.58405,-8.51189],[119.58606,-8.51348],[119.59021,-8.5136],[119.59247,-8.51465],[119.59297,-8.52291],[119.6191,-8.5223]]]},"properties":{"date":"2025-08-23","year":2025,"res":0.34,"name":"Vivid"}},{"type":"Feature","geometry":{"type":"Polygon","coordinates":[[[119.73898,-8.51652],[119.73909,-8.5132],[119.74001,-8.51099],[119.73903,-8.48144],[119.73901,-8.4375],[119.75575,-8.4375],[119.75567,-8.40717],[119.70703,-8.40717],[119.70703,-8.4375],[119.67702,-8.43758],[119.6762,-8.47046],[119.67712,-8.48144],[119.6761,-8.48627],[119.67561,-8.49551],[119.67603,-8.51843],[119.67717,-8.51934],[119.68233,-8.51911],[119.68296,-8.51844],[119.68534,-8.51797],[119.69801,-8.51782],[119.70081,-8.51666],[119.70703,-8.51801],[119.70834,-8.5174],[119.7094,-8.51585],[119.70998,-8.51271],[119.71319,-8.51263],[119.71521,-8.51148],[119.71824,-8.51277],[119.72102,-8.51247],[119.72515,-8.51322],[119.73222,-8.51666],[119.73724,-8.51562],[119.73898,-8.51652]]]},"properties":{"date":"2025-08-23","year":2025,"res":0.34,"name":"Vivid"}},{"type":"Feature","geometry":{"type":"Polygon","coordinates":[[[119.92268,-8.61332],[119.92104,-8.60523],[119.92111,-8.59979],[119.92004,-8.59545],[119.91991,-8.59182],[119.92024,-8.58879],[119.92171,-8.58513],[119.92294,-8.57683],[119.92323,-8.56934],[119.92194,-8.56744],[119.92039,-8.56208],[119.91774,-8.55872],[119.9171,-8.55313],[119.91564,-8.55079],[119.91568,-8.54979],[119.91451,-8.54867],[119.91426,-8.54432],[119.91548,-8.53851],[119.91427,-8.53264],[119.91465,-8.53092],[119.91737,-8.52995],[119.91904,-8.52706],[119.92088,-8.5255],[119.92317,-8.52539],[119.91834,-8.52562],[119.91534,-8.52522],[119.91443,-8.52435],[119.91159,-8.52494],[119.91027,-8.5246],[119.90876,-8.5232],[119.90652,-8.52419],[119.90561,-8.52398],[119.90274,-8.5221],[119.90341,-8.5199],[119.90294,-8.51933],[119.90026,-8.52019],[119.89384,-8.51927],[119.89289,-8.52034],[119.88945,-8.52042],[119.88847,-8.5217],[119.88776,-8.52141],[119.88366,-8.52312],[119.88308,-8.52534],[119.87665,-8.52605],[119.87567,-8.52758],[119.8757,-8.53227],[119.87343,-8.53638],[119.87391,-8.53867],[119.87596,-8.54146],[119.87571,-8.54458],[119.87628,-8.54669],[119.87569,-8.54815],[119.87595,-8.5495],[119.87421,-8.55102],[119.87328,-8.55338],[119.87326,-8.55696],[119.87392,-8.55837],[119.87601,-8.55965],[119.87857,-8.56431],[119.87958,-8.56486],[119.88282,-8.56938],[119.87867,-8.57487],[119.87315,-8.57662],[119.87249,-8.5775],[119.8707,-8.58422],[119.87165,-8.58839],[119.87122,-8.58937],[119.87184,-8.59002],[119.87224,-8.59267],[119.87185,-8.59552],[119.87478,-8.60315],[119.87589,-8.60462],[119.87726,-8.60491],[119.87917,-8.60678],[119.88078,-8.60983],[119.88218,-8.6107],[119.88282,-8.61328],[119.88307,-8.61108],[119.88395,-8.60991],[119.8923,-8.60989],[119.89545,-8.60824],[119.90452,-8.60781],[119.90658,-8.60893],[119.91299,-8.60896],[119.9184,-8.61036],[119.92206,-8.61156],[119.92268,-8.61332]]]},"properties":{"date":"2025-10-11","year":2025,"res":0.34,"name":"Vivid"}},{"type":"Feature","geometry":{"type":"Polygon","coordinates":[[[119.88262,-8.61334],[119.88179,-8.61009],[119.88078,-8.60983],[119.87886,-8.60641],[119.87726,-8.60491],[119.87589,-8.60462],[119.87478,-8.60315],[119.87171,-8.595],[119.87224,-8.59267],[119.8707,-8.58447],[119.87273,-8.57698],[119.87867,-8.57487],[119.88282,-8.56938],[119.87958,-8.56486],[119.87857,-8.56431],[119.87601,-8.55965],[119.87392,-8.55837],[119.87301,-8.55567],[119.87328,-8.55338],[119.87421,-8.55102],[119.87595,-8.5495],[119.87569,-8.54815],[119.87624,-8.54743],[119.87596,-8.54146],[119.87337,-8.53722],[119.8757,-8.53227],[119.87581,-8.52708],[119.87665,-8.52605],[119.87833,-8.52552],[119.88308,-8.52534],[119.88366,-8.52312],[119.88776,-8.52141],[119.88847,-8.5217],[119.89039,-8.5201],[119.8932,-8.52023],[119.89384,-8.51927],[119.90026,-8.52019],[119.90294,-8.51933],[119.90341,-8.5199],[119.90274,-8.5221],[119.90629,-8.52418],[119.90876,-8.5232],[119.9108,-8.52482],[119.91443,-8.52435],[119.91534,-8.52522],[119.921,-8.52539],[119.91581,-8.525],[119.91561,-8.52283],[119.91436,-8.52152],[119.91396,-8.51962],[119.91608,-8.51499],[119.91739,-8.5144],[119.91935,-8.51499],[119.92082,-8.51728],[119.91994,-8.5151],[119.91737,-8.51349],[119.91609,-8.51142],[119.91251,-8.50933],[119.91076,-8.50467],[119.90921,-8.50315],[119.90787,-8.49237],[119.90659,-8.48929],[119.90703,-8.48703],[119.90627,-8.48289],[119.90419,-8.48144],[119.90594,-8.47905],[119.90608,-8.4778],[119.90683,-8.47748],[119.9058,-8.47002],[119.90461,-8.46797],[119.90491,-8.44642],[119.90409,-8.44533],[119.90363,-8.4375],[119.90489,-8.43727],[119.90565,-8.43615],[119.9052,-8.40717],[119.8163,-8.40717],[119.81569,-8.4375],[119.83474,-8.4375],[119.8345,-8.5383],[119.83314,-8.54652],[119.83169,-8.54812],[119.83133,-8.55579],[119.8307,-8.55759],[119.83096,-8.56021],[119.83042,-8.56141],[119.83199,-8.5655],[119.83447,-8.56934],[119.83095,-8.57432],[119.82959,-8.57531],[119.8281,-8.58347],[119.82613,-8.58627],[119.82611,-8.58963],[119.82526,-8.59272],[119.82414,-8.5943],[119.82436,-8.59624],[119.82552,-8.59702],[119.82607,-8.5985],[119.82628,-8.60168],[119.82907,-8.60351],[119.82952,-8.60442],[119.83178,-8.60509],[119.83331,-8.60944],[119.83282,-8.61274],[119.83379,-8.61319],[119.8389,-8.61329],[119.84043,-8.61491],[119.8427,-8.61542],[119.84666,-8.61555],[119.85158,-8.61473],[119.85851,-8.61528],[119.86118,-8.61613],[119.86351,-8.61589],[119.86455,-8.61488],[119.86844,-8.6146],[119.87113,-8.61333],[119.88158,-8.61386],[119.88262,-8.61334]]]},"properties":{"date":"2025-10-20","year":2025,"res":0.34,"name":"Vivid"}},{"type":"Feature","geometry":{"type":"Polygon","coordinates":[[[119.83421,-8.65733],[119.83364,-8.65583],[119.83195,-8.65418],[119.83099,-8.64913],[119.83339,-8.64211],[119.83308,-8.636],[119.83422,-8.6326],[119.83442,-8.62846],[119.83394,-8.62623],[119.83428,-8.62436],[119.83346,-8.62325],[119.83432,-8.61736],[119.83378,-8.616],[119.83457,-8.61328],[119.83282,-8.61274],[119.83331,-8.60944],[119.83168,-8.60495],[119.82952,-8.60442],[119.82907,-8.60351],[119.82628,-8.60168],[119.82607,-8.5985],[119.82552,-8.59702],[119.8244,-8.59633],[119.82414,-8.5943],[119.82526,-8.59272],[119.82611,-8.58963],[119.82613,-8.58627],[119.8281,-8.58347],[119.82959,-8.57531],[119.83095,-8.57432],[119.83447,-8.56934],[119.83199,-8.5655],[119.83042,-8.56141],[119.83096,-8.56021],[119.8307,-8.55759],[119.83133,-8.55579],[119.83169,-8.54812],[119.83314,-8.54652],[119.8345,-8.5383],[119.83474,-8.4375],[119.81569,-8.4375],[119.8163,-8.40717],[119.75567,-8.40717],[119.75575,-8.4375],[119.73901,-8.4375],[119.73903,-8.48144],[119.73947,-8.50653],[119.74001,-8.51022],[119.73909,-8.5132],[119.73905,-8.51659],[119.73956,-8.56238],[119.74224,-8.56374],[119.74272,-8.56559],[119.74193,-8.56861],[119.73907,-8.56936],[119.73932,-8.56993],[119.74326,-8.57028],[119.74319,-8.57192],[119.74227,-8.57326],[119.74273,-8.57587],[119.74214,-8.5775],[119.74326,-8.57904],[119.74342,-8.58078],[119.74548,-8.58138],[119.7466,-8.58289],[119.7479,-8.58324],[119.74817,-8.58441],[119.74804,-8.58994],[119.74557,-8.59036],[119.74386,-8.59184],[119.74315,-8.59544],[119.74195,-8.59708],[119.74288,-8.60232],[119.74252,-8.60679],[119.74098,-8.61103],[119.73908,-8.61325],[119.73957,-8.62342],[119.74159,-8.62823],[119.74169,-8.63106],[119.74093,-8.63391],[119.7429,-8.6384],[119.74266,-8.64071],[119.74342,-8.64342],[119.74158,-8.64754],[119.7413,-8.65086],[119.73909,-8.6553],[119.73955,-8.66467],[119.74049,-8.6687],[119.74174,-8.66916],[119.74264,-8.67103],[119.74272,-8.67321],[119.74396,-8.67468],[119.74479,-8.67721],[119.74403,-8.68544],[119.74341,-8.68771],[119.74029,-8.6921],[119.73908,-8.70117],[119.73908,-8.74514],[119.74455,-8.74553],[119.74705,-8.74649],[119.7481,-8.74799],[119.74887,-8.76816],[119.74774,-8.787],[119.74689,-8.78819],[119.73907,-8.78904],[119.7391,-8.7999],[119.74121,-8.80142],[119.74189,-8.80329],[119.74337,-8.81759],[119.74295,-8.82692],[119.74116,-8.83068],[119.73905,-8.83301],[119.73908,-8.84212],[119.74005,-8.85292],[119.73909,-8.86165],[119.73949,-8.8686],[119.73904,-8.87695],[119.8346,-8.87695],[119.83346,-8.86999],[119.83318,-8.86293],[119.83345,-8.84135],[119.83453,-8.83041],[119.83418,-8.82614],[119.83327,-8.82451],[119.83324,-8.80654],[119.83237,-8.80227],[119.83241,-8.80063],[119.83387,-8.80005],[119.83452,-8.79905],[119.83385,-8.79167],[119.8344,-8.78906],[119.8339,-8.78566],[119.83426,-8.78197],[119.83226,-8.77618],[119.82934,-8.77368],[119.82902,-8.77194],[119.8262,-8.76942],[119.82515,-8.76667],[119.82693,-8.75689],[119.82787,-8.75566],[119.82929,-8.7552],[119.82965,-8.75412],[119.82876,-8.75052],[119.82943,-8.74853],[119.83196,-8.74621],[119.83429,-8.74514],[119.83312,-8.74255],[119.83317,-8.73868],[119.83215,-8.73675],[119.83175,-8.73165],[119.83294,-8.72886],[119.83237,-8.72773],[119.83202,-8.72256],[119.83225,-8.71774],[119.83328,-8.71426],[119.83212,-8.71183],[119.83265,-8.70682],[119.83223,-8.70613],[119.83405,-8.70332],[119.83459,-8.70117],[119.83336,-8.69949],[119.83323,-8.69097],[119.83138,-8.68832],[119.82883,-8.68218],[119.82934,-8.6767],[119.83081,-8.67121],[119.83107,-8.66638],[119.83199,-8.66522],[119.83188,-8.66378],[119.83415,-8.65882],[119.83421,-8.65733]]]},"properties":{"date":"2025-10-21","year":2025,"res":0.34,"name":"Vivid"}},{"type":"Feature","geometry":{"type":"Polygon","coordinates":[[[120.23442,-8.4239],[120.23437,-8.4375],[120.23486,-8.43661],[120.23491,-8.4312],[120.23598,-8.42935],[120.23563,-8.42537],[120.23442,-8.4239]]]},"properties":{"date":"2023-09-20","year":2023,"res":0.46,"name":"Vivid"}},{"type":"Feature","geometry":{"type":"Polygon","coordinates":[[[120.14382,-8.36792],[120.14382,-8.36793],[120.14382,-8.36792]]]},"properties":{"date":"2018-07-07","year":2018,"res":0.46,"name":"Vivid"}},{"type":"Feature","geometry":{"type":"Polygon","coordinates":[[[120.14381,-8.36792],[120.14379,-8.36789],[120.14379,-8.36791],[120.14381,-8.36792]]]},"properties":{"date":"2018-07-07","year":2018,"res":0.46,"name":"Vivid"}},{"type":"Feature","geometry":{"type":"Polygon","coordinates":[[[120.14379,-8.36758],[120.14379,-8.36786],[120.14383,-8.36771],[120.14379,-8.36758]]]},"properties":{"date":"2018-07-07","year":2018,"res":0.46,"name":"Vivid"}},{"type":"Feature","geometry":{"type":"Polygon","coordinates":[[[120.14377,-8.36739],[120.14377,-8.36743],[120.14379,-8.36746],[120.14377,-8.36739]]]},"properties":{"date":"2018-07-07","year":2018,"res":0.46,"name":"Vivid"}},{"type":"Feature","geometry":{"type":"Polygon","coordinates":[[[120.14377,-8.36737],[120.14377,-8.36739],[120.14377,-8.36737]]]},"properties":{"date":"2018-07-07","year":2018,"res":0.46,"name":"Vivid"}},{"type":"Feature","geometry":{"type":"Polygon","coordinates":[[[120.14377,-8.36736],[120.14378,-8.36736],[120.14377,-8.36736]]]},"properties":{"date":"2018-07-07","year":2018,"res":0.46,"name":"Vivid"}},{"type":"Feature","geometry":{"type":"Polygon","coordinates":[[[120.14379,-8.36731],[120.1438,-8.36732],[120.1438,-8.36731],[120.14379,-8.36731]]]},"properties":{"date":"2018-07-07","year":2018,"res":0.46,"name":"Vivid"}},{"type":"Feature","geometry":{"type":"Polygon","coordinates":[]},"properties":{"date":"2018-07-07","year":2018,"res":0.46,"name":"Vivid"}},{"type":"Feature","geometry":{"type":"Polygon","coordinates":[[[120.1438,-8.36731],[120.14381,-8.36715],[120.14379,-8.36716],[120.1438,-8.36731]]]},"properties":{"date":"2018-07-07","year":2018,"res":0.46,"name":"Vivid"}},{"type":"Feature","geometry":{"type":"Polygon","coordinates":[[[120.14387,-8.36608],[120.14387,-8.36607],[120.14387,-8.36608]]]},"properties":{"date":"2018-07-07","year":2018,"res":0.46,"name":"Vivid"}},{"type":"Feature","geometry":{"type":"Polygon","coordinates":[[[120.14386,-8.36581],[120.14385,-8.36579],[120.14385,-8.36581],[120.14386,-8.36581]]]},"properties":{"date":"2018-07-07","year":2018,"res":0.46,"name":"Vivid"}},{"type":"Feature","geometry":{"type":"Polygon","coordinates":[[[120.14385,-8.36579],[120.14381,-8.3655],[120.1437,-8.36538],[120.14385,-8.36579]]]},"properties":{"date":"2018-07-07","year":2018,"res":0.46,"name":"Vivid"}},{"type":"Feature","geometry":{"type":"Polygon","coordinates":[[[120.1437,-8.36528],[120.1437,-8.36525],[120.1437,-8.36528],[120.1437,-8.36528]]]},"properties":{"date":"2018-07-07","year":2018,"res":0.46,"name":"Vivid"}},{"type":"Feature","geometry":{"type":"Polygon","coordinates":[[[120.1433,-8.35958],[120.14335,-8.35649],[120.14318,-8.36248],[120.1437,-8.36521],[120.1433,-8.35958]]]},"properties":{"date":"2018-07-07","year":2018,"res":0.46,"name":"Vivid"}},{"type":"Feature","geometry":{"type":"Polygon","coordinates":[[[120.14396,-8.37433],[120.14396,-8.37432],[120.14396,-8.37433]]]},"properties":{"date":"2018-07-07","year":2018,"res":0.46,"name":"Vivid"}},{"type":"Feature","geometry":{"type":"Polygon","coordinates":[[[120.1441,-8.37358],[120.1441,-8.37356],[120.1441,-8.37358]]]},"properties":{"date":"2018-07-07","year":2018,"res":0.46,"name":"Vivid"}},{"type":"Feature","geometry":{"type":"Polygon","coordinates":[[[120.14418,-8.37122],[120.14408,-8.37074],[120.14367,-8.37166],[120.1441,-8.37354],[120.14418,-8.37122]]]},"properties":{"date":"2018-07-07","year":2018,"res":0.46,"name":"Vivid"}},{"type":"Feature","geometry":{"type":"Polygon","coordinates":[[[120.14403,-8.37052],[120.14401,-8.37045],[120.144,-8.3705],[120.14403,-8.37052]]]},"properties":{"date":"2018-07-07","year":2018,"res":0.46,"name":"Vivid"}},{"type":"Feature","geometry":{"type":"Polygon","coordinates":[[[120.14395,-8.37033],[120.14401,-8.37045],[120.14402,-8.3701],[120.14395,-8.37033]]]},"properties":{"date":"2018-07-07","year":2018,"res":0.46,"name":"Vivid"}},{"type":"Feature","geometry":{"type":"Polygon","coordinates":[[[120.14396,-8.36884],[120.14393,-8.36831],[120.14393,-8.369],[120.14396,-8.36884]]]},"properties":{"date":"2018-07-07","year":2018,"res":0.46,"name":"Vivid"}},{"type":"Feature","geometry":{"type":"Polygon","coordinates":[[[120.14382,-8.36813],[120.14391,-8.36828],[120.14383,-8.36796],[120.14382,-8.36813]]]},"properties":{"date":"2018-07-07","year":2018,"res":0.46,"name":"Vivid"}},{"type":"Feature","geometry":{"type":"Polygon","coordinates":[[[120.14388,-8.36623],[120.14389,-8.36628],[120.14388,-8.36614],[120.14388,-8.36623]]]},"properties":{"date":"2018-07-07","year":2018,"res":0.46,"name":"Vivid"}},{"type":"Feature","geometry":{"type":"Polygon","coordinates":[[[120.14386,-8.36604],[120.14387,-8.36607],[120.14388,-8.36602],[120.14386,-8.36604]]]},"properties":{"date":"2018-07-07","year":2018,"res":0.46,"name":"Vivid"}},{"type":"Feature","geometry":{"type":"Polygon","coordinates":[[[120.14388,-8.366],[120.14388,-8.36597],[120.14388,-8.366]]]},"properties":{"date":"2018-07-07","year":2018,"res":0.46,"name":"Vivid"}},{"type":"Feature","geometry":{"type":"Polygon","coordinates":[[[120.14388,-8.3659],[120.14388,-8.36591],[120.14388,-8.36589],[120.14388,-8.3659]]]},"properties":{"date":"2018-07-07","year":2018,"res":0.46,"name":"Vivid"}},{"type":"Feature","geometry":{"type":"Polygon","coordinates":[[[120.14582,-8.35063],[120.14581,-8.35063],[120.14582,-8.35063]]]},"properties":{"date":"2018-07-07","year":2018,"res":0.46,"name":"Vivid"}},{"type":"Feature","geometry":{"type":"Polygon","coordinates":[]},"properties":{"date":"2018-07-07","year":2018,"res":0.46,"name":"Vivid"}},{"type":"Feature","geometry":{"type":"Polygon","coordinates":[[[120.14633,-8.35016],[120.14643,-8.34978],[120.14592,-8.35054],[120.14633,-8.35016]]]},"properties":{"date":"2018-07-07","year":2018,"res":0.46,"name":"Vivid"}},{"type":"Feature","geometry":{"type":"Polygon","coordinates":[[[120.14649,-8.39356],[120.14648,-8.39356],[120.14649,-8.39356]]]},"properties":{"date":"2018-07-07","year":2018,"res":0.46,"name":"Vivid"}},{"type":"Feature","geometry":{"type":"Polygon","coordinates":[]},"properties":{"date":"2018-07-07","year":2018,"res":0.46,"name":"Vivid"}},{"type":"Feature","geometry":{"type":"Polygon","coordinates":[[[120.15505,-8.34959],[120.15344,-8.35202],[120.15164,-8.3521],[120.1468,-8.35159],[120.14648,-8.34961],[120.14575,-8.35073],[120.14547,-8.35361],[120.14423,-8.3546],[120.14335,-8.35649],[120.14443,-8.37922],[120.14533,-8.38043],[120.14584,-8.38533],[120.14794,-8.38652],[120.14812,-8.38746],[120.14785,-8.39093],[120.14648,-8.39356],[120.14831,-8.3983],[120.1483,-8.40175],[120.1496,-8.40717],[120.16613,-8.40717],[120.16657,-8.40497],[120.1651,-8.39355],[120.16616,-8.38951],[120.16722,-8.38858],[120.16741,-8.38716],[120.17061,-8.38171],[120.17372,-8.37343],[120.17329,-8.35899],[120.17009,-8.35034],[120.16461,-8.34964],[120.15505,-8.34959]]]},"properties":{"date":"2020-06-12","year":2020,"res":0.46,"name":"Vivid"}},{"type":"Feature","geometry":{"type":"Polygon","coordinates":[[[120.18122,-8.3496],[120.1767,-8.3495],[120.17511,-8.34822],[120.174,-8.34809],[120.1675,-8.34983],[120.17027,-8.35049],[120.17329,-8.35899],[120.17312,-8.36394],[120.17397,-8.37159],[120.17074,-8.3814],[120.16741,-8.38716],[120.16722,-8.38858],[120.16621,-8.38941],[120.16517,-8.39318],[120.16657,-8.40497],[120.16613,-8.40717],[120.21655,-8.40717],[120.21854,-8.40315],[120.21675,-8.39826],[120.21662,-8.39573],[120.21519,-8.3948],[120.21458,-8.39355],[120.21609,-8.38668],[120.21598,-8.38377],[120.21715,-8.37987],[120.21682,-8.37856],[120.21753,-8.37282],[120.21691,-8.36787],[120.21745,-8.36364],[120.21668,-8.35911],[120.21736,-8.35374],[120.21641,-8.35255],[120.21482,-8.352],[120.21429,-8.35084],[120.20597,-8.35083],[120.20024,-8.352],[120.19503,-8.35159],[120.1932,-8.3499],[120.19038,-8.34961],[120.18629,-8.35043],[120.1824,-8.35025],[120.18122,-8.3496]]]},"properties":{"date":"2020-07-09","year":2020,"res":0.46,"name":"Vivid"}},{"type":"Feature","geometry":{"type":"Polygon","coordinates":[[[120.1657,-8.34975],[120.16571,-8.34976],[120.16571,-8.34974],[120.1657,-8.34975]]]},"properties":{"date":"2020-07-09","year":2020,"res":0.46,"name":"Vivid"}},{"type":"Feature","geometry":{"type":"Polygon","coordinates":[[[120.16071,-8.34956],[120.16022,-8.34957],[120.16166,-8.34966],[120.16071,-8.34956]]]},"properties":{"date":"2021-03-15","year":2021,"res":0.46,"name":"Vivid"}},{"type":"Feature","geometry":{"type":"Polygon","coordinates":[[[120.16022,-8.34957],[120.16011,-8.34956],[120.16006,-8.34957],[120.16022,-8.34957]]]},"properties":{"date":"2021-03-15","year":2021,"res":0.46,"name":"Vivid"}},{"type":"Feature","geometry":{"type":"Polygon","coordinates":[[[120.15872,-8.34952],[120.15927,-8.34956],[120.15749,-8.3494],[120.15872,-8.34952]]]},"properties":{"date":"2021-03-15","year":2021,"res":0.46,"name":"Vivid"}},{"type":"Feature","geometry":{"type":"Polygon","coordinates":[[[120.15713,-8.34939],[120.15698,-8.3494],[120.15736,-8.34939],[120.15713,-8.34939]]]},"properties":{"date":"2021-03-15","year":2021,"res":0.46,"name":"Vivid"}},{"type":"Feature","geometry":{"type":"Polygon","coordinates":[[[120.15606,-8.3494],[120.15609,-8.3494],[120.15606,-8.3494]]]},"properties":{"date":"2021-03-15","year":2021,"res":0.46,"name":"Vivid"}},{"type":"Feature","geometry":{"type":"Polygon","coordinates":[[[120.15739,-8.34939],[120.15747,-8.3494],[120.15747,-8.34939],[120.15739,-8.34939]]]},"properties":{"date":"2021-03-15","year":2021,"res":0.46,"name":"Vivid"}},{"type":"Feature","geometry":{"type":"Polygon","coordinates":[[[120.15505,-8.34959],[120.15288,-8.34948],[120.15197,-8.34877],[120.1472,-8.34919],[120.1465,-8.34961],[120.1466,-8.3512],[120.1533,-8.35207],[120.15505,-8.34959]]]},"properties":{"date":"2021-03-15","year":2021,"res":0.46,"name":"Vivid"}},{"type":"Feature","geometry":{"type":"Polygon","coordinates":[[[120.18799,-8.35022],[120.18849,-8.35023],[120.18404,-8.34999],[120.18799,-8.35022]]]},"properties":{"date":"2021-03-15","year":2021,"res":0.46,"name":"Vivid"}},{"type":"Feature","geometry":{"type":"Polygon","coordinates":[[[120.18951,-8.35006],[120.18944,-8.35007],[120.1895,-8.35007],[120.18951,-8.35006]]]},"properties":{"date":"2021-03-15","year":2021,"res":0.46,"name":"Vivid"}},{"type":"Feature","geometry":{"type":"Polygon","coordinates":[[[120.18951,-8.35005],[120.18951,-8.35006],[120.18951,-8.35005]]]},"properties":{"date":"2021-03-15","year":2021,"res":0.46,"name":"Vivid"}},{"type":"Feature","geometry":{"type":"Polygon","coordinates":[[[120.18929,-8.35007],[120.18944,-8.35006],[120.18928,-8.35003],[120.18929,-8.35007]]]},"properties":{"date":"2021-03-15","year":2021,"res":0.46,"name":"Vivid"}},{"type":"Feature","geometry":{"type":"Polygon","coordinates":[[[120.18922,-8.35002],[120.18926,-8.35002],[120.18923,-8.35001],[120.18922,-8.35002]]]},"properties":{"date":"2021-03-15","year":2021,"res":0.46,"name":"Vivid"}},{"type":"Feature","geometry":{"type":"Polygon","coordinates":[[[120.18973,-8.34994],[120.18975,-8.34994],[120.18975,-8.34992],[120.18973,-8.34994]]]},"properties":{"date":"2021-03-15","year":2021,"res":0.46,"name":"Vivid"}},{"type":"Feature","geometry":{"type":"Polygon","coordinates":[[[120.19038,-8.34961],[120.19027,-8.34966],[120.19034,-8.34965],[120.19038,-8.34961]]]},"properties":{"date":"2021-03-15","year":2021,"res":0.46,"name":"Vivid"}},{"type":"Feature","geometry":{"type":"Polygon","coordinates":[[[120.20832,-8.35099],[120.20854,-8.35104],[120.2087,-8.35096],[120.20832,-8.35099]]]},"properties":{"date":"2021-03-15","year":2021,"res":0.46,"name":"Vivid"}},{"type":"Feature","geometry":{"type":"Polygon","coordinates":[[[120.20747,-8.35104],[120.20775,-8.351],[120.20739,-8.35095],[120.20747,-8.35104]]]},"properties":{"date":"2021-03-15","year":2021,"res":0.46,"name":"Vivid"}},{"type":"Feature","geometry":{"type":"Polygon","coordinates":[[[120.20881,-8.35097],[120.2088,-8.35097],[120.2088,-8.35098],[120.20881,-8.35097]]]},"properties":{"date":"2021-03-15","year":2021,"res":0.46,"name":"Vivid"}},{"type":"Feature","geometry":{"type":"Polygon","coordinates":[[[120.20886,-8.35096],[120.20882,-8.35096],[120.20882,-8.35097],[120.20886,-8.35096]]]},"properties":{"date":"2021-03-15","year":2021,"res":0.46,"name":"Vivid"}},{"type":"Feature","geometry":{"type":"Polygon","coordinates":[[[120.20717,-8.35087],[120.20717,-8.35086],[120.20717,-8.35087]]]},"properties":{"date":"2021-03-15","year":2021,"res":0.46,"name":"Vivid"}},{"type":"Feature","geometry":{"type":"Polygon","coordinates":[[[120.19298,-8.35007],[120.19317,-8.34983],[120.19079,-8.34968],[120.19298,-8.35007]]]},"properties":{"date":"2021-03-15","year":2021,"res":0.46,"name":"Vivid"}},{"type":"Feature","geometry":{"type":"Polygon","coordinates":[[[120.19061,-8.34968],[120.19046,-8.34961],[120.19049,-8.34967],[120.19061,-8.34968]]]},"properties":{"date":"2021-03-15","year":2021,"res":0.46,"name":"Vivid"}},{"type":"Feature","geometry":{"type":"Polygon","coordinates":[[[120.1904,-8.34962],[120.1904,-8.34961],[120.19039,-8.34961],[120.1904,-8.34962]]]},"properties":{"date":"2021-03-15","year":2021,"res":0.46,"name":"Vivid"}},{"type":"Feature","geometry":{"type":"Polygon","coordinates":[[[120.14335,-8.36361],[120.14196,-8.36477],[120.14037,-8.37044],[120.14087,-8.37449],[120.14005,-8.3788],[120.14131,-8.38252],[120.14053,-8.38952],[120.14202,-8.39236],[120.14639,-8.39353],[120.14785,-8.39093],[120.14812,-8.38746],[120.14794,-8.38652],[120.14584,-8.38533],[120.14533,-8.38043],[120.14443,-8.37922],[120.14335,-8.36361]]]},"properties":{"date":"2022-03-20","year":2022,"res":0.46,"name":"Vivid"}},{"type":"Feature","geometry":{"type":"Polygon","coordinates":[[[120.14327,-8.36278],[120.14327,-8.3629],[120.14329,-8.36293],[120.14327,-8.36278]]]},"properties":{"date":"2022-03-20","year":2022,"res":0.46,"name":"Vivid"}},{"type":"Feature","geometry":{"type":"Polygon","coordinates":[]},"properties":{"date":"2022-03-20","year":2022,"res":0.46,"name":"Vivid"}},{"type":"Feature","geometry":{"type":"Polygon","coordinates":[[[120.14418,-8.35503],[120.14423,-8.3546],[120.14314,-8.35616],[120.14326,-8.36276],[120.14332,-8.35665],[120.14418,-8.35503]]]},"properties":{"date":"2022-03-20","year":2022,"res":0.46,"name":"Vivid"}},{"type":"Feature","geometry":{"type":"Polygon","coordinates":[[[120.14592,-8.35054],[120.14597,-8.35032],[120.14572,-8.3512],[120.14592,-8.35054]]]},"properties":{"date":"2022-03-20","year":2022,"res":0.46,"name":"Vivid"}},{"type":"Feature","geometry":{"type":"Polygon","coordinates":[[[120.14599,-8.35025],[120.146,-8.35025],[120.14599,-8.35025]]]},"properties":{"date":"2022-03-20","year":2022,"res":0.46,"name":"Vivid"}},{"type":"Feature","geometry":{"type":"Polygon","coordinates":[[[120.14639,-8.34973],[120.146,-8.35022],[120.14649,-8.34973],[120.14639,-8.34973]]]},"properties":{"date":"2022-03-20","year":2022,"res":0.46,"name":"Vivid"}},{"type":"Feature","geometry":{"type":"Polygon","coordinates":[[[120.14658,-8.39372],[120.14662,-8.40345],[120.14723,-8.40717],[120.1496,-8.40717],[120.1483,-8.40175],[120.14831,-8.3983],[120.14658,-8.39372]]]},"properties":{"date":"2022-03-20","year":2022,"res":0.46,"name":"Vivid"}},{"type":"Feature","geometry":{"type":"Polygon","coordinates":[[[120.14649,-8.39356],[120.14649,-8.39357],[120.14649,-8.39356]]]},"properties":{"date":"2022-03-20","year":2022,"res":0.46,"name":"Vivid"}},{"type":"Feature","geometry":{"type":"Polygon","coordinates":[]},"properties":{"date":"2022-03-20","year":2022,"res":0.46,"name":"Vivid"}},{"type":"Feature","geometry":{"type":"Polygon","coordinates":[[[120.01481,-8.34968],[120.01602,-8.35149],[120.02233,-8.35182],[120.02509,-8.35473],[120.02778,-8.35567],[120.0284,-8.35742],[120.03209,-8.35926],[120.05331,-8.35923],[120.0555,-8.35569],[120.05765,-8.35448],[120.05852,-8.35236],[120.05856,-8.34961],[120.05471,-8.35085],[120.05306,-8.35239],[120.03985,-8.35293],[120.02759,-8.35421],[120.02378,-8.35206],[120.01634,-8.35065],[120.01481,-8.34968]]]},"properties":{"date":"2022-03-20","year":2022,"res":0.46,"name":"Vivid"}},{"type":"Feature","geometry":{"type":"Polygon","coordinates":[[[120.01461,-8.34963],[120.01462,-8.34963],[120.01461,-8.34963]]]},"properties":{"date":"2022-03-20","year":2022,"res":0.46,"name":"Vivid"}},{"type":"Feature","geometry":{"type":"Polygon","coordinates":[[[120.01462,-8.34961],[120.01464,-8.34961],[120.01462,-8.34961]]]},"properties":{"date":"2022-03-20","year":2022,"res":0.46,"name":"Vivid"}},{"type":"Feature","geometry":{"type":"Polygon","coordinates":[[[120.01466,-8.34961],[120.01468,-8.34961],[120.01466,-8.34961]]]},"properties":{"date":"2022-03-20","year":2022,"res":0.46,"name":"Vivid"}},{"type":"Feature","geometry":{"type":"Polygon","coordinates":[[[120.14653,-8.34961],[120.14653,-8.3496],[120.1465,-8.34961],[120.14653,-8.34961]]]},"properties":{"date":"2022-06-28","year":2022,"res":0.5,"name":"Vivid"}},{"type":"Feature","geometry":{"type":"Polygon","coordinates":[[[120.17617,-8.34905],[120.17603,-8.34899],[120.17606,-8.34905],[120.17617,-8.34905]]]},"properties":{"date":"2022-06-28","year":2022,"res":0.5,"name":"Vivid"}},{"type":"Feature","geometry":{"type":"Polygon","coordinates":[[[120.17594,-8.34896],[120.17603,-8.34898],[120.17602,-8.34895],[120.17594,-8.34896]]]},"properties":{"date":"2022-06-28","year":2022,"res":0.5,"name":"Vivid"}},{"type":"Feature","geometry":{"type":"Polygon","coordinates":[[[120.17589,-8.34895],[120.17593,-8.34895],[120.17593,-8.34895],[120.17589,-8.34895]]]},"properties":{"date":"2022-06-28","year":2022,"res":0.5,"name":"Vivid"}},{"type":"Feature","geometry":{"type":"Polygon","coordinates":[[[120.17565,-8.34879],[120.17574,-8.3489],[120.17587,-8.34895],[120.17565,-8.34879]]]},"properties":{"date":"2022-06-28","year":2022,"res":0.5,"name":"Vivid"}},{"type":"Feature","geometry":{"type":"Polygon","coordinates":[[[120.17551,-8.34869],[120.17373,-8.34748],[120.16863,-8.3482],[120.16703,-8.3494],[120.16075,-8.34956],[120.16729,-8.34986],[120.174,-8.34809],[120.17551,-8.34869]]]},"properties":{"date":"2022-06-28","year":2022,"res":0.5,"name":"Vivid"}},{"type":"Feature","geometry":{"type":"Polygon","coordinates":[[[120.15927,-8.34956],[120.16071,-8.34956],[120.15152,-8.34862],[120.15014,-8.34739],[120.14666,-8.34952],[120.15156,-8.34876],[120.15295,-8.3495],[120.15927,-8.34956]]]},"properties":{"date":"2022-06-28","year":2022,"res":0.5,"name":"Vivid"}},{"type":"Feature","geometry":{"type":"Polygon","coordinates":[[[120.17839,-8.3496],[120.17759,-8.34958],[120.18128,-8.34957],[120.17839,-8.3496]]]},"properties":{"date":"2022-06-28","year":2022,"res":0.5,"name":"Vivid"}},{"type":"Feature","geometry":{"type":"Polygon","coordinates":[]},"properties":{"date":"2022-06-28","year":2022,"res":0.5,"name":"Vivid"}},{"type":"Feature","geometry":{"type":"Polygon","coordinates":[[[120.1813,-8.34956],[120.18131,-8.34956],[120.1813,-8.34956]]]},"properties":{"date":"2022-06-28","year":2022,"res":0.5,"name":"Vivid"}},{"type":"Feature","geometry":{"type":"Polygon","coordinates":[[[120.18141,-8.34954],[120.18143,-8.34954],[120.18141,-8.34954]]]},"properties":{"date":"2022-06-28","year":2022,"res":0.5,"name":"Vivid"}},{"type":"Feature","geometry":{"type":"Polygon","coordinates":[[[120.17623,-8.34912],[120.17622,-8.3491],[120.17619,-8.3491],[120.17623,-8.34912]]]},"properties":{"date":"2022-06-28","year":2022,"res":0.5,"name":"Vivid"}},{"type":"Feature","geometry":{"type":"Polygon","coordinates":[[[120.19061,-8.34952],[120.19317,-8.34983],[120.19503,-8.35159],[120.20024,-8.352],[120.20597,-8.35083],[120.21429,-8.35084],[120.21402,-8.34968],[120.21321,-8.34923],[120.20648,-8.34895],[120.20506,-8.34825],[120.19737,-8.34947],[120.19417,-8.34907],[120.19061,-8.34952]]]},"properties":{"date":"2022-06-28","year":2022,"res":0.5,"name":"Vivid"}},{"type":"Feature","geometry":{"type":"Polygon","coordinates":[[[120.18169,-8.34941],[120.1824,-8.35025],[120.18493,-8.34973],[120.18849,-8.35023],[120.1904,-8.34961],[120.18877,-8.34697],[120.1878,-8.34757],[120.18603,-8.34749],[120.18169,-8.34941]]]},"properties":{"date":"2022-06-28","year":2022,"res":0.5,"name":"Vivid"}},{"type":"Feature","geometry":{"type":"Polygon","coordinates":[[[120.14621,-8.34985],[120.14624,-8.34981],[120.14617,-8.34986],[120.14621,-8.34985]]]},"properties":{"date":"2022-06-28","year":2022,"res":0.5,"name":"Vivid"}},{"type":"Feature","geometry":{"type":"Polygon","coordinates":[[[120.21434,-8.35085],[120.21434,-8.35086],[120.21434,-8.35085]]]},"properties":{"date":"2022-06-28","year":2022,"res":0.5,"name":"Vivid"}},{"type":"Feature","geometry":{"type":"Polygon","coordinates":[[[120.14649,-8.34961],[120.1465,-8.34961],[120.14649,-8.34961]]]},"properties":{"date":"2022-06-28","year":2022,"res":0.5,"name":"Vivid"}},{"type":"Feature","geometry":{"type":"Polygon","coordinates":[]},"properties":{"date":"2022-06-28","year":2022,"res":0.5,"name":"Vivid"}},{"type":"Feature","geometry":{"type":"Polygon","coordinates":[[[120.21405,-8.34957],[120.21457,-8.35169],[120.21641,-8.35255],[120.21742,-8.35389],[120.21668,-8.35911],[120.21745,-8.36364],[120.21691,-8.36787],[120.21753,-8.37282],[120.21682,-8.37856],[120.21715,-8.37987],[120.21598,-8.38377],[120.21609,-8.38668],[120.21458,-8.39355],[120.21519,-8.3948],[120.21662,-8.39573],[120.21675,-8.39826],[120.21854,-8.40315],[120.21655,-8.40717],[120.23437,-8.40717],[120.23437,-8.34961],[120.23008,-8.34892],[120.22679,-8.34943],[120.22282,-8.34871],[120.2203,-8.3496],[120.21405,-8.34957]]]},"properties":{"date":"2023-05-07","year":2023,"res":0.5,"name":"Vivid"}},{"type":"Feature","geometry":{"type":"Polygon","coordinates":[[[120.08489,-8.34856],[120.08491,-8.34867],[120.08493,-8.34859],[120.08489,-8.34856]]]},"properties":{"date":"2023-05-26","year":2023,"res":0.31,"name":"Vivid"}},{"type":"Feature","geometry":{"type":"Polygon","coordinates":[[[120.08484,-8.3062],[120.08487,-8.30562],[120.07824,-8.30542],[120.07648,-8.30429],[120.07612,-8.28868],[120.07636,-8.26291],[120.07967,-8.26192],[120.08487,-8.26172],[120.00532,-8.26175],[120.00482,-8.27526],[120.00543,-8.30567],[120.00376,-8.31109],[120.0036,-8.32287],[120.00435,-8.32482],[120.00427,-8.33965],[120.00548,-8.34964],[120.01468,-8.34961],[120.01634,-8.35065],[120.02378,-8.35206],[120.02759,-8.35421],[120.03985,-8.35293],[120.05306,-8.35239],[120.05396,-8.35123],[120.05827,-8.34963],[120.07892,-8.34959],[120.08068,-8.34913],[120.08233,-8.34674],[120.08345,-8.34672],[120.08489,-8.34854],[120.08208,-8.34393],[120.07645,-8.34223],[120.07496,-8.34058],[120.0723,-8.33959],[120.07204,-8.33544],[120.07208,-8.31827],[120.0747,-8.31735],[120.07635,-8.31507],[120.07661,-8.31167],[120.07848,-8.31076],[120.07946,-8.30858],[120.08457,-8.3076],[120.08484,-8.3062]]]},"properties":{"date":"2023-05-26","year":2023,"res":0.31,"name":"Vivid"}},{"type":"Feature","geometry":{"type":"Polygon","coordinates":[[[120.08344,-8.35283],[120.08351,-8.35238],[120.08237,-8.35476],[120.08227,-8.35766],[120.08098,-8.35808],[120.07917,-8.36025],[120.07927,-8.36215],[120.08021,-8.36265],[120.08124,-8.36602],[120.08253,-8.36337],[120.08344,-8.35283]]]},"properties":{"date":"2023-05-26","year":2023,"res":0.31,"name":"Vivid"}},{"type":"Feature","geometry":{"type":"Polygon","coordinates":[[[120.08479,-8.39301],[120.08481,-8.39305],[120.0849,-8.39306],[120.08479,-8.39301]]]},"properties":{"date":"2023-05-26","year":2023,"res":0.31,"name":"Vivid"}},{"type":"Feature","geometry":{"type":"Polygon","coordinates":[[[120.08478,-8.39299],[120.08476,-8.39298],[120.08477,-8.39299],[120.08478,-8.39299]]]},"properties":{"date":"2023-05-26","year":2023,"res":0.31,"name":"Vivid"}},{"type":"Feature","geometry":{"type":"Polygon","coordinates":[[[120.08475,-8.39296],[120.08474,-8.39295],[120.08475,-8.39298],[120.08475,-8.39296]]]},"properties":{"date":"2023-05-26","year":2023,"res":0.31,"name":"Vivid"}},{"type":"Feature","geometry":{"type":"Polygon","coordinates":[[[120.08474,-8.39294],[120.08473,-8.39293],[120.08473,-8.39294],[120.08474,-8.39294]]]},"properties":{"date":"2023-05-26","year":2023,"res":0.31,"name":"Vivid"}},{"type":"Feature","geometry":{"type":"Polygon","coordinates":[[[120.0847,-8.39292],[120.08472,-8.39291],[120.08469,-8.3929],[120.0847,-8.39292]]]},"properties":{"date":"2023-05-26","year":2023,"res":0.31,"name":"Vivid"}},{"type":"Feature","geometry":{"type":"Polygon","coordinates":[[[120.08349,-8.38721],[120.08468,-8.3929],[120.08497,-8.388],[120.08449,-8.38696],[120.08349,-8.38721]]]},"properties":{"date":"2023-05-26","year":2023,"res":0.31,"name":"Vivid"}},{"type":"Feature","geometry":{"type":"Polygon","coordinates":[[[120.08327,-8.38726],[120.08318,-8.38682],[120.08314,-8.38716],[120.08327,-8.38726]]]},"properties":{"date":"2023-05-26","year":2023,"res":0.31,"name":"Vivid"}},{"type":"Feature","geometry":{"type":"Polygon","coordinates":[[[120.08416,-8.35093],[120.08416,-8.35092],[120.08416,-8.35093]]]},"properties":{"date":"2023-05-26","year":2023,"res":0.31,"name":"Vivid"}},{"type":"Feature","geometry":{"type":"Polygon","coordinates":[[[120.08416,-8.35091],[120.08416,-8.35092],[120.08418,-8.35091],[120.08416,-8.35091]]]},"properties":{"date":"2023-05-26","year":2023,"res":0.31,"name":"Vivid"}},{"type":"Feature","geometry":{"type":"Polygon","coordinates":[[[120.08427,-8.3509],[120.08439,-8.35068],[120.08421,-8.3509],[120.08427,-8.3509]]]},"properties":{"date":"2023-05-26","year":2023,"res":0.31,"name":"Vivid"}},{"type":"Feature","geometry":{"type":"Polygon","coordinates":[[[120.08439,-8.35063],[120.0844,-8.35063],[120.08439,-8.35063]]]},"properties":{"date":"2023-05-26","year":2023,"res":0.31,"name":"Vivid"}},{"type":"Feature","geometry":{"type":"Polygon","coordinates":[[[120.08493,-8.34859],[120.08503,-8.3495],[120.08606,-8.34994],[120.10254,-8.34961],[120.10672,-8.34994],[120.10803,-8.35059],[120.1121,-8.34972],[120.12006,-8.35169],[120.1237,-8.35375],[120.12775,-8.3531],[120.13032,-8.35347],[120.13319,-8.355],[120.1364,-8.35531],[120.13898,-8.35321],[120.13874,-8.35057],[120.13759,-8.34961],[120.13942,-8.34316],[120.13798,-8.34019],[120.13791,-8.33866],[120.14,-8.33357],[120.13952,-8.32158],[120.14017,-8.30909],[120.13982,-8.30784],[120.13765,-8.30567],[120.1394,-8.30491],[120.14005,-8.30393],[120.14038,-8.3003],[120.14105,-8.27095],[120.14075,-8.26318],[120.13977,-8.26202],[120.08487,-8.26172],[120.07967,-8.26192],[120.07647,-8.26271],[120.07632,-8.3036],[120.07824,-8.30542],[120.08492,-8.30569],[120.08457,-8.3076],[120.07946,-8.30858],[120.07848,-8.31076],[120.07661,-8.31167],[120.07635,-8.31507],[120.0747,-8.31735],[120.07208,-8.31827],[120.07216,-8.33938],[120.07496,-8.34058],[120.07645,-8.34223],[120.08208,-8.34393],[120.08493,-8.34859]]]},"properties":{"date":"2023-05-26","year":2023,"res":0.31,"name":"Vivid"}},{"type":"Feature","geometry":{"type":"Polygon","coordinates":[[[120.13764,-8.34958],[120.14632,-8.34973],[120.15014,-8.34739],[120.15152,-8.34862],[120.16071,-8.34956],[120.16703,-8.3494],[120.16863,-8.3482],[120.17396,-8.34748],[120.1767,-8.3495],[120.18129,-8.34957],[120.18603,-8.34749],[120.1878,-8.34757],[120.18877,-8.34697],[120.1904,-8.34961],[120.19417,-8.34907],[120.19737,-8.34947],[120.20474,-8.34824],[120.20648,-8.34895],[120.21392,-8.34961],[120.21652,-8.34919],[120.2203,-8.3496],[120.22282,-8.34871],[120.22679,-8.34943],[120.23008,-8.34892],[120.23437,-8.34961],[120.23437,-8.26172],[120.13768,-8.26172],[120.13955,-8.26191],[120.14075,-8.26318],[120.14059,-8.2798],[120.14108,-8.28424],[120.14005,-8.30393],[120.1394,-8.30491],[120.13765,-8.30567],[120.14,-8.30816],[120.14021,-8.31081],[120.13952,-8.32158],[120.14,-8.33357],[120.13791,-8.33866],[120.13798,-8.34019],[120.13942,-8.34316],[120.13764,-8.34958]]]},"properties":{"date":"2023-06-02","year":2023,"res":0.31,"name":"Vivid"}},{"type":"Feature","geometry":{"type":"Polygon","coordinates":[[[120.08574,-8.40706],[120.14723,-8.40717],[120.14662,-8.40345],[120.1465,-8.3935],[120.14202,-8.39236],[120.14058,-8.38979],[120.14131,-8.38252],[120.14005,-8.3788],[120.14087,-8.37449],[120.14037,-8.37044],[120.14196,-8.36477],[120.14333,-8.36327],[120.14326,-8.3555],[120.14547,-8.35361],[120.14558,-8.35104],[120.14648,-8.34961],[120.13759,-8.34961],[120.13874,-8.35057],[120.13906,-8.35303],[120.1364,-8.35531],[120.13319,-8.355],[120.13032,-8.35347],[120.12775,-8.3531],[120.1237,-8.35375],[120.12006,-8.35169],[120.1121,-8.34972],[120.10803,-8.35059],[120.10672,-8.34994],[120.10254,-8.34961],[120.0856,-8.34983],[120.08449,-8.35048],[120.0831,-8.35435],[120.08253,-8.36337],[120.0812,-8.36622],[120.08183,-8.36971],[120.0799,-8.37314],[120.08246,-8.37796],[120.08244,-8.37963],[120.08382,-8.38029],[120.08469,-8.38263],[120.08457,-8.38498],[120.08318,-8.38699],[120.08449,-8.38696],[120.08497,-8.388],[120.08465,-8.39281],[120.08601,-8.39355],[120.08558,-8.39486],[120.08596,-8.39996],[120.08462,-8.40279],[120.08472,-8.40497],[120.08574,-8.40706]]]},"properties":{"date":"2023-08-21","year":2023,"res":0.5,"name":"Vivid"}},{"type":"Feature","geometry":{"type":"Polygon","coordinates":[[[120.00548,-8.34964],[120.00427,-8.33965],[120.00435,-8.32482],[120.0036,-8.32287],[120.00377,-8.34958],[120.00548,-8.34964]]]},"properties":{"date":"2024-06-11","year":2024,"res":0.31,"name":"Vivid"}},{"type":"Feature","geometry":{"type":"Polygon","coordinates":[[[120.0054,-8.3057],[120.00481,-8.26807],[120.00535,-8.26172],[120.00391,-8.26172],[120.00343,-8.26785],[120.00376,-8.31109],[120.0054,-8.3057]]]},"properties":{"date":"2024-06-11","year":2024,"res":0.31,"name":"Vivid"}},{"type":"Feature","geometry":{"type":"Polygon","coordinates":[[[120.05921,-8.34958],[120.05856,-8.34961],[120.0585,-8.3526],[120.05765,-8.35448],[120.0555,-8.35569],[120.05373,-8.35905],[120.04984,-8.3593],[120.03209,-8.35926],[120.0284,-8.35742],[120.02778,-8.35567],[120.02509,-8.35473],[120.02212,-8.35174],[120.01602,-8.35149],[120.01468,-8.34961],[120.00376,-8.34964],[120.00371,-8.39967],[120.00317,-8.40717],[120.08576,-8.40717],[120.08472,-8.40497],[120.08462,-8.40279],[120.08596,-8.39996],[120.08558,-8.39486],[120.08601,-8.39355],[120.08433,-8.39237],[120.08314,-8.38716],[120.08457,-8.38498],[120.08469,-8.38263],[120.08382,-8.38029],[120.08244,-8.37963],[120.08246,-8.37796],[120.0799,-8.37314],[120.08186,-8.36941],[120.08115,-8.36527],[120.08021,-8.36265],[120.07927,-8.36215],[120.07917,-8.36025],[120.08098,-8.35808],[120.08227,-8.35766],[120.08237,-8.35476],[120.0832,-8.35271],[120.08407,-8.35213],[120.08442,-8.35056],[120.08594,-8.34961],[120.08503,-8.3495],[120.0846,-8.348],[120.08331,-8.34671],[120.08218,-8.3468],[120.08068,-8.34913],[120.07892,-8.34959],[120.05921,-8.34958]]]},"properties":{"date":"2025-07-27","year":2025,"res":0.34,"name":"Vivid"}},{"type":"Feature","geometry":{"type":"Polygon","coordinates":[[[119.57988,-8.40627],[119.57989,-8.40717],[119.61914,-8.40717],[119.61914,-8.34961],[119.57976,-8.34961],[119.58037,-8.35715],[119.57988,-8.40627]]]},"properties":{"date":"2025-08-23","year":2025,"res":0.34,"name":"Vivid"}},{"type":"Feature","geometry":{"type":"Polygon","coordinates":[[[119.70703,-8.34961],[119.70703,-8.40717],[119.75567,-8.40717],[119.75567,-8.34961],[119.70703,-8.34961]]]},"properties":{"date":"2025-08-23","year":2025,"res":0.34,"name":"Vivid"}},{"type":"Feature","geometry":{"type":"Polygon","coordinates":[[[120.00373,-8.39358],[120.00343,-8.26785],[120.00391,-8.26172],[119.90341,-8.26172],[119.90502,-8.26591],[119.90544,-8.26956],[119.905,-8.27271],[119.9053,-8.30413],[119.90478,-8.30513],[119.90348,-8.30567],[119.9053,-8.31097],[119.90525,-8.34822],[119.90495,-8.34948],[119.90353,-8.34958],[119.90498,-8.34993],[119.90525,-8.35097],[119.90522,-8.39217],[119.90514,-8.39308],[119.90358,-8.39355],[119.90521,-8.39463],[119.9052,-8.40717],[120.00317,-8.40717],[120.00373,-8.39358]]]},"properties":{"date":"2025-09-25","year":2025,"res":0.34,"name":"Vivid"}},{"type":"Feature","geometry":{"type":"Polygon","coordinates":[[[119.90364,-8.39363],[119.90514,-8.39308],[119.90522,-8.39217],[119.90525,-8.35097],[119.90498,-8.34993],[119.90353,-8.34958],[119.90495,-8.34948],[119.90525,-8.34822],[119.9053,-8.31097],[119.90348,-8.30567],[119.90478,-8.30513],[119.9053,-8.30413],[119.90517,-8.26679],[119.90341,-8.26172],[119.88282,-8.26172],[119.88282,-8.34961],[119.81557,-8.34961],[119.81563,-8.39355],[119.81612,-8.39504],[119.8163,-8.40717],[119.9052,-8.40717],[119.90521,-8.39463],[119.90364,-8.39363]]]},"properties":{"date":"2025-10-20","year":2025,"res":0.34,"name":"Vivid"}},{"type":"Feature","geometry":{"type":"Polygon","coordinates":[[[119.75566,-8.3937],[119.75567,-8.40717],[119.8163,-8.40717],[119.81612,-8.39504],[119.81563,-8.39355],[119.81559,-8.34963],[119.75567,-8.34961],[119.75566,-8.3937]]]},"properties":{"date":"2025-10-21","year":2025,"res":0.34,"name":"Vivid"}},{"type":"Feature","geometry":{"type":"Polygon","coordinates":[[[120.14988,-8.42209],[120.14989,-8.42207],[120.14988,-8.42207],[120.14988,-8.42209]]]},"properties":{"date":"2018-07-07","year":2018,"res":0.46,"name":"Vivid"}},{"type":"Feature","geometry":{"type":"Polygon","coordinates":[[[120.14989,-8.42202],[120.1499,-8.42202],[120.14989,-8.42202],[120.14989,-8.42202]]]},"properties":{"date":"2018-07-07","year":2018,"res":0.46,"name":"Vivid"}},{"type":"Feature","geometry":{"type":"Polygon","coordinates":[[[120.14923,-8.41713],[120.14991,-8.42186],[120.1501,-8.42071],[120.14923,-8.41713]]]},"properties":{"date":"2018-07-07","year":2018,"res":0.46,"name":"Vivid"}},{"type":"Feature","geometry":{"type":"Polygon","coordinates":[[[120.14863,-8.41396],[120.14863,-8.41397],[120.14863,-8.41396]]]},"properties":{"date":"2018-07-07","year":2018,"res":0.46,"name":"Vivid"}},{"type":"Feature","geometry":{"type":"Polygon","coordinates":[[[120.1486,-8.41395],[120.14861,-8.41396],[120.1486,-8.41393],[120.1486,-8.41395]]]},"properties":{"date":"2018-07-07","year":2018,"res":0.46,"name":"Vivid"}},{"type":"Feature","geometry":{"type":"Polygon","coordinates":[[[120.16612,-8.40725],[120.1496,-8.40717],[120.1486,-8.41395],[120.1501,-8.42071],[120.15014,-8.42375],[120.15399,-8.42383],[120.15605,-8.42489],[120.165,-8.42657],[120.16648,-8.42736],[120.16781,-8.42666],[120.16854,-8.41612],[120.16612,-8.40725]]]},"properties":{"date":"2020-06-12","year":2020,"res":0.46,"name":"Vivid"}},{"type":"Feature","geometry":{"type":"Polygon","coordinates":[[[120.19037,-8.41214],[120.19885,-8.41381],[120.20266,-8.41401],[120.20562,-8.41313],[120.20742,-8.41399],[120.21205,-8.4138],[120.21546,-8.41313],[120.21655,-8.40717],[120.16613,-8.40717],[120.16857,-8.41654],[120.16789,-8.42645],[120.16711,-8.42728],[120.17308,-8.42819],[120.17753,-8.42576],[120.18287,-8.41953],[120.18344,-8.41809],[120.18495,-8.41735],[120.18564,-8.4158],[120.18785,-8.41475],[120.19037,-8.41214]]]},"properties":{"date":"2020-07-09","year":2020,"res":0.46,"name":"Vivid"}},{"type":"Feature","geometry":{"type":"Polygon","coordinates":[[[120.17311,-8.42815],[120.17816,-8.42819],[120.19043,-8.42359],[120.19462,-8.42513],[120.19773,-8.42504],[120.20017,-8.42611],[120.20315,-8.42524],[120.20711,-8.4259],[120.21356,-8.42524],[120.21546,-8.42351],[120.21597,-8.42213],[120.21585,-8.41716],[120.21508,-8.41489],[120.21546,-8.41313],[120.20742,-8.41399],[120.20562,-8.41313],[120.20253,-8.41402],[120.19483,-8.41326],[120.19042,-8.41206],[120.18785,-8.41475],[120.18564,-8.4158],[120.18495,-8.41735],[120.18344,-8.41809],[120.17885,-8.42471],[120.17311,-8.42815]]]},"properties":{"date":"2021-05-14","year":2021,"res":0.5,"name":"Vivid"}},{"type":"Feature","geometry":{"type":"Polygon","coordinates":[[[120.14957,-8.40728],[120.14723,-8.40717],[120.14693,-8.40994],[120.1479,-8.41315],[120.14819,-8.41779],[120.14773,-8.42073],[120.14648,-8.42338],[120.14803,-8.42423],[120.15014,-8.42375],[120.1486,-8.41395],[120.14957,-8.40728]]]},"properties":{"date":"2022-03-20","year":2022,"res":0.46,"name":"Vivid"}},{"type":"Feature","geometry":{"type":"Polygon","coordinates":[[[120.00565,-8.43741],[120.0146,-8.4375],[120.01263,-8.43589],[120.00815,-8.43562],[120.00567,-8.43608],[120.00565,-8.43741]]]},"properties":{"date":"2022-03-20","year":2022,"res":0.46,"name":"Vivid"}},{"type":"Feature","geometry":{"type":"Polygon","coordinates":[[[120.23433,-8.42381],[120.23437,-8.40717],[120.21655,-8.40717],[120.21508,-8.41451],[120.21585,-8.41716],[120.21601,-8.4215],[120.21528,-8.42372],[120.2202,-8.42478],[120.22542,-8.42393],[120.2333,-8.42423],[120.23433,-8.42381]]]},"properties":{"date":"2023-05-07","year":2023,"res":0.5,"name":"Vivid"}},{"type":"Feature","geometry":{"type":"Polygon","coordinates":[[[120.0817,-8.43213],[120.0817,-8.43214],[120.0817,-8.43213]]]},"properties":{"date":"2023-05-26","year":2023,"res":0.31,"name":"Vivid"}},{"type":"Feature","geometry":{"type":"Polygon","coordinates":[[[120.0817,-8.43212],[120.08169,-8.43213],[120.0817,-8.43213],[120.0817,-8.43212]]]},"properties":{"date":"2023-05-26","year":2023,"res":0.31,"name":"Vivid"}},{"type":"Feature","geometry":{"type":"Polygon","coordinates":[]},"properties":{"date":"2023-05-26","year":2023,"res":0.31,"name":"Vivid"}},{"type":"Feature","geometry":{"type":"Polygon","coordinates":[[[120.08168,-8.4321],[120.08168,-8.43212],[120.08169,-8.43212],[120.08168,-8.4321]]]},"properties":{"date":"2023-05-26","year":2023,"res":0.31,"name":"Vivid"}},{"type":"Feature","geometry":{"type":"Polygon","coordinates":[[[120.08168,-8.43208],[120.08167,-8.43208],[120.08168,-8.43208]]]},"properties":{"date":"2023-05-26","year":2023,"res":0.31,"name":"Vivid"}},{"type":"Feature","geometry":{"type":"Polygon","coordinates":[[[120.08166,-8.43208],[120.08167,-8.43207],[120.08166,-8.43207],[120.08166,-8.43208]]]},"properties":{"date":"2023-05-26","year":2023,"res":0.31,"name":"Vivid"}},{"type":"Feature","geometry":{"type":"Polygon","coordinates":[[[120.08165,-8.43206],[120.08165,-8.43207],[120.08166,-8.43207],[120.08165,-8.43206]]]},"properties":{"date":"2023-05-26","year":2023,"res":0.31,"name":"Vivid"}},{"type":"Feature","geometry":{"type":"Polygon","coordinates":[[[120.08162,-8.43202],[120.08163,-8.43201],[120.08162,-8.43201],[120.08162,-8.43202]]]},"properties":{"date":"2023-05-26","year":2023,"res":0.31,"name":"Vivid"}},{"type":"Feature","geometry":{"type":"Polygon","coordinates":[[[120.08162,-8.43182],[120.08159,-8.43166],[120.08162,-8.43201],[120.08162,-8.43182]]]},"properties":{"date":"2023-05-26","year":2023,"res":0.31,"name":"Vivid"}},{"type":"Feature","geometry":{"type":"Polygon","coordinates":[[[120.08163,-8.4311],[120.08163,-8.43109],[120.08163,-8.4311]]]},"properties":{"date":"2023-05-26","year":2023,"res":0.31,"name":"Vivid"}},{"type":"Feature","geometry":{"type":"Polygon","coordinates":[]},"properties":{"date":"2023-05-26","year":2023,"res":0.31,"name":"Vivid"}},{"type":"Feature","geometry":{"type":"Polygon","coordinates":[[[120.0817,-8.43093],[120.08163,-8.43109],[120.08169,-8.43105],[120.0817,-8.43093]]]},"properties":{"date":"2023-05-26","year":2023,"res":0.31,"name":"Vivid"}},{"type":"Feature","geometry":{"type":"Polygon","coordinates":[[[120.08198,-8.43062],[120.0821,-8.43019],[120.08183,-8.43075],[120.08198,-8.43062]]]},"properties":{"date":"2023-05-26","year":2023,"res":0.31,"name":"Vivid"}},{"type":"Feature","geometry":{"type":"Polygon","coordinates":[[[120.08472,-8.4374],[120.08473,-8.43741],[120.08477,-8.4374],[120.08472,-8.4374]]]},"properties":{"date":"2023-05-26","year":2023,"res":0.31,"name":"Vivid"}},{"type":"Feature","geometry":{"type":"Polygon","coordinates":[[[120.08414,-8.4371],[120.08409,-8.43706],[120.08403,-8.43706],[120.08414,-8.4371]]]},"properties":{"date":"2023-05-26","year":2023,"res":0.31,"name":"Vivid"}},{"type":"Feature","geometry":{"type":"Polygon","coordinates":[[[120.08181,-8.43249],[120.08238,-8.43551],[120.08402,-8.43706],[120.08181,-8.43249]]]},"properties":{"date":"2023-05-26","year":2023,"res":0.31,"name":"Vivid"}},{"type":"Feature","geometry":{"type":"Polygon","coordinates":[[[120.08287,-8.41434],[120.08307,-8.41655],[120.08227,-8.41988],[120.08305,-8.42352],[120.08193,-8.42649],[120.08257,-8.42832],[120.08216,-8.43014],[120.08297,-8.42938],[120.08338,-8.42667],[120.0851,-8.42313],[120.08487,-8.41763],[120.08287,-8.41434]]]},"properties":{"date":"2023-05-26","year":2023,"res":0.31,"name":"Vivid"}},{"type":"Feature","geometry":{"type":"Polygon","coordinates":[[[120.14637,-8.42346],[120.14773,-8.42073],[120.14819,-8.41779],[120.1479,-8.41315],[120.1469,-8.411],[120.14723,-8.40717],[120.08576,-8.40717],[120.08562,-8.40865],[120.08435,-8.40998],[120.08444,-8.41246],[120.08283,-8.41317],[120.08322,-8.41553],[120.08487,-8.41763],[120.08501,-8.42293],[120.08676,-8.42367],[120.09841,-8.42388],[120.10111,-8.42444],[120.10253,-8.4232],[120.10895,-8.42593],[120.11368,-8.42394],[120.12014,-8.42409],[120.12184,-8.42346],[120.12894,-8.42593],[120.13305,-8.42525],[120.13716,-8.42697],[120.14588,-8.42412],[120.14637,-8.42346]]]},"properties":{"date":"2023-08-21","year":2023,"res":0.5,"name":"Vivid"}},{"type":"Feature","geometry":{"type":"Polygon","coordinates":[[[120.01436,-8.43738],[120.01524,-8.43949],[120.01858,-8.44051],[120.02296,-8.44009],[120.0258,-8.43872],[120.02695,-8.44022],[120.02777,-8.44024],[120.03187,-8.43945],[120.03456,-8.44005],[120.04189,-8.43845],[120.04562,-8.43927],[120.0512,-8.43923],[120.05856,-8.4375],[120.06238,-8.4376],[120.06426,-8.43861],[120.07095,-8.43768],[120.07644,-8.43845],[120.07845,-8.43782],[120.0861,-8.4375],[120.08318,-8.43667],[120.08168,-8.43391],[120.08159,-8.43191],[120.08257,-8.42894],[120.08193,-8.42649],[120.08305,-8.42352],[120.08227,-8.41988],[120.08307,-8.41655],[120.08283,-8.41317],[120.08444,-8.41246],[120.08435,-8.40998],[120.08562,-8.40865],[120.08576,-8.40717],[120.00317,-8.40717],[120.00278,-8.41316],[119.99927,-8.41425],[119.99776,-8.4175],[120.00058,-8.42361],[120.00137,-8.42857],[120.0029,-8.43076],[120.00315,-8.43718],[120.00548,-8.43736],[120.00567,-8.43608],[120.00739,-8.43566],[120.01092,-8.43566],[120.01293,-8.43602],[120.01436,-8.43738]]]},"properties":{"date":"2025-07-27","year":2025,"res":0.34,"name":"Vivid"}},{"type":"Feature","geometry":{"type":"Polygon","coordinates":[[[120.00316,-8.41128],[120.00317,-8.40717],[119.9052,-8.40717],[119.90565,-8.43615],[119.90489,-8.43727],[119.90363,-8.4375],[119.92748,-8.43774],[119.92805,-8.43882],[119.92833,-8.44451],[119.92935,-8.44598],[119.93005,-8.44911],[119.93026,-8.45251],[119.93165,-8.45292],[119.93302,-8.45456],[119.9364,-8.45547],[119.9437,-8.4553],[119.94852,-8.45319],[119.95091,-8.45321],[119.95151,-8.45264],[119.9514,-8.45104],[119.95477,-8.45092],[119.95663,-8.44936],[119.95652,-8.4432],[119.95871,-8.43871],[119.96363,-8.43818],[119.96755,-8.43873],[119.97073,-8.4375],[119.97375,-8.44066],[119.9751,-8.44346],[119.97828,-8.4424],[119.9803,-8.44246],[119.98389,-8.4439],[119.98915,-8.44292],[119.98979,-8.44001],[119.99427,-8.43933],[119.99545,-8.438],[120.00371,-8.4375],[120.00303,-8.43632],[120.0029,-8.43076],[120.00137,-8.42857],[120.00058,-8.42361],[119.99776,-8.4175],[119.99927,-8.41425],[120.00278,-8.41316],[120.00316,-8.41128]]]},"properties":{"date":"2025-09-25","year":2025,"res":0.34,"name":"Vivid"}},{"type":"Feature","geometry":{"type":"Polygon","coordinates":[[[120.41853,-8.39363],[120.41959,-8.38842],[120.41886,-8.38255],[120.42064,-8.37748],[120.41972,-8.37204],[120.42016,-8.37021],[120.41937,-8.36827],[120.41979,-8.3654],[120.41922,-8.36194],[120.42024,-8.35877],[120.41977,-8.35458],[120.41792,-8.34962],[120.41875,-8.34028],[120.41786,-8.3381],[120.41871,-8.33538],[120.41857,-8.33335],[120.42028,-8.33037],[120.41981,-8.32729],[120.42026,-8.32647],[120.42031,-8.31788],[120.42129,-8.31493],[120.41936,-8.30821],[120.41693,-8.30567],[120.41862,-8.30553],[120.4196,-8.30415],[120.42179,-8.29392],[120.42213,-8.28679],[120.42279,-8.28489],[120.42234,-8.28166],[120.42083,-8.27999],[120.41996,-8.27601],[120.41989,-8.27337],[120.42075,-8.27184],[120.42048,-8.26756],[120.41836,-8.26304],[120.41672,-8.26172],[120.41822,-8.25983],[120.41895,-8.25673],[120.4183,-8.25427],[120.41815,-8.24719],[120.41915,-8.24542],[120.41939,-8.24257],[120.41871,-8.22897],[120.41756,-8.22658],[120.41639,-8.21777],[120.41725,-8.21439],[120.41731,-8.20323],[120.41627,-8.17398],[120.37363,-8.17383],[120.37339,-8.27214],[120.37449,-8.28941],[120.37347,-8.29142],[120.37394,-8.29301],[120.3734,-8.29462],[120.37375,-8.29832],[120.37503,-8.29997],[120.3757,-8.30345],[120.37449,-8.30567],[120.37583,-8.30906],[120.37716,-8.3099],[120.38135,-8.31587],[120.38267,-8.31658],[120.38392,-8.32206],[120.38264,-8.32436],[120.38311,-8.3271],[120.38274,-8.32812],[120.38335,-8.3298],[120.38326,-8.33248],[120.38454,-8.33506],[120.38225,-8.34136],[120.38055,-8.34261],[120.37977,-8.34444],[120.37781,-8.3457],[120.37744,-8.347],[120.37584,-8.34807],[120.37493,-8.34961],[120.37677,-8.35389],[120.3771,-8.3569],[120.37614,-8.35998],[120.3763,-8.36145],[120.37676,-8.36346],[120.37925,-8.36772],[120.37965,-8.37375],[120.37607,-8.37997],[120.3775,-8.38429],[120.3758,-8.39044],[120.37611,-8.39279],[120.37536,-8.39355],[120.37542,-8.39544],[120.37717,-8.39828],[120.37857,-8.39881],[120.3798,-8.40093],[120.38134,-8.4016],[120.38235,-8.40717],[120.41898,-8.40717],[120.41851,-8.40071],[120.41878,-8.39707],[120.41976,-8.39552],[120.4196,-8.39412],[120.41853,-8.39363]]]},"properties":{"date":"2023-05-07","year":2023,"res":0.5,"name":"Vivid"}},{"type":"Feature","geometry":{"type":"Polygon","coordinates":[[[120.23446,-8.34965],[120.23437,-8.40717],[120.38235,-8.40717],[120.38134,-8.4016],[120.3798,-8.40093],[120.37857,-8.39881],[120.37717,-8.39828],[120.37542,-8.39544],[120.37536,-8.39355],[120.37611,-8.39279],[120.3758,-8.39044],[120.3775,-8.38429],[120.37607,-8.37997],[120.37965,-8.37375],[120.37925,-8.36772],[120.37676,-8.36346],[120.3763,-8.36145],[120.37614,-8.35998],[120.3771,-8.3569],[120.37677,-8.35389],[120.37493,-8.34961],[120.37584,-8.34807],[120.37744,-8.347],[120.37781,-8.3457],[120.37977,-8.34444],[120.38055,-8.34261],[120.38225,-8.34136],[120.3834,-8.33884],[120.38328,-8.3375],[120.38454,-8.33506],[120.38322,-8.33229],[120.38264,-8.32436],[120.38392,-8.32206],[120.38267,-8.31658],[120.38135,-8.31587],[120.37716,-8.3099],[120.37583,-8.30906],[120.37449,-8.30567],[120.3757,-8.30345],[120.37503,-8.29997],[120.37375,-8.29832],[120.3734,-8.29462],[120.37394,-8.29301],[120.37347,-8.29142],[120.37449,-8.28941],[120.37358,-8.27795],[120.37342,-8.26172],[120.26393,-8.26172],[120.26349,-8.26919],[120.25589,-8.27041],[120.25446,-8.27194],[120.25225,-8.27285],[120.25217,-8.27538],[120.25136,-8.27719],[120.25138,-8.28115],[120.25046,-8.2843],[120.25183,-8.28775],[120.2526,-8.28824],[120.25457,-8.29435],[120.25908,-8.29858],[120.26054,-8.30154],[120.26229,-8.30295],[120.26246,-8.3043],[120.26388,-8.30566],[120.26245,-8.3085],[120.26172,-8.31346],[120.26234,-8.31631],[120.26187,-8.32279],[120.26353,-8.33297],[120.26293,-8.33536],[120.2633,-8.34121],[120.26224,-8.34434],[120.26246,-8.34687],[120.2638,-8.34961],[120.25424,-8.35015],[120.25077,-8.35138],[120.24704,-8.35099],[120.24557,-8.35013],[120.24329,-8.35065],[120.24166,-8.34971],[120.23446,-8.34965]]]},"properties":{"date":"2023-05-07","year":2023,"res":0.5,"name":"Vivid"}},{"type":"Feature","geometry":{"type":"Polygon","coordinates":[[[120.26393,-8.26172],[120.23437,-8.26172],[120.23446,-8.34965],[120.24166,-8.34971],[120.24329,-8.35065],[120.24557,-8.35013],[120.24704,-8.35099],[120.25077,-8.35138],[120.25424,-8.35015],[120.2638,-8.34961],[120.26246,-8.34687],[120.26224,-8.34434],[120.2633,-8.34121],[120.26293,-8.33536],[120.26353,-8.33297],[120.26187,-8.32279],[120.26234,-8.31631],[120.26172,-8.31346],[120.26245,-8.3085],[120.26388,-8.30566],[120.26246,-8.3043],[120.26229,-8.30295],[120.26054,-8.30154],[120.25908,-8.29858],[120.25457,-8.29435],[120.2526,-8.28824],[120.25183,-8.28775],[120.25046,-8.2843],[120.25138,-8.28115],[120.25136,-8.27719],[120.25217,-8.27538],[120.25225,-8.27285],[120.25446,-8.27194],[120.25589,-8.27041],[120.26349,-8.26919],[120.26393,-8.26172]]]},"properties":{"date":"2023-06-02","year":2023,"res":0.31,"name":"Vivid"}},{"type":"Feature","geometry":{"type":"Polygon","coordinates":[[[120.50375,-8.40711],[120.5862,-8.40717],[120.58749,-8.39838],[120.58654,-8.39655],[120.58635,-8.39353],[120.58824,-8.39277],[120.58983,-8.39107],[120.59068,-8.38891],[120.59072,-8.38634],[120.59045,-8.3842],[120.58929,-8.38204],[120.58594,-8.37948],[120.58841,-8.36979],[120.58663,-8.36598],[120.58742,-8.36324],[120.58618,-8.35607],[120.58604,-8.34393],[120.58739,-8.34204],[120.58923,-8.33313],[120.59032,-8.33075],[120.59017,-8.32827],[120.58777,-8.32369],[120.58818,-8.31969],[120.58727,-8.31743],[120.58631,-8.31673],[120.58602,-8.30435],[120.58692,-8.3009],[120.5882,-8.3003],[120.58834,-8.2984],[120.59296,-8.29624],[120.59865,-8.29156],[120.59867,-8.27852],[120.59852,-8.26903],[120.59729,-8.2637],[120.59219,-8.26175],[120.58594,-8.26172],[120.58651,-8.26106],[120.59114,-8.261],[120.5989,-8.26172],[120.59758,-8.25295],[120.59766,-8.24369],[120.59633,-8.24027],[120.5962,-8.23619],[120.5948,-8.23364],[120.59493,-8.22505],[120.59599,-8.22394],[120.59612,-8.21871],[120.59671,-8.21798],[120.59876,-8.21777],[120.59663,-8.2171],[120.59612,-8.21507],[120.59584,-8.19274],[120.59611,-8.18184],[120.59686,-8.17764],[120.59802,-8.17643],[120.5988,-8.17383],[120.50112,-8.17383],[120.50116,-8.21777],[120.51144,-8.21896],[120.5148,-8.22048],[120.51546,-8.22141],[120.51575,-8.24179],[120.51554,-8.25049],[120.51439,-8.25432],[120.51242,-8.25707],[120.50778,-8.26017],[120.50121,-8.26172],[120.50153,-8.27313],[120.50254,-8.28027],[120.5021,-8.28579],[120.50128,-8.28848],[120.50373,-8.29467],[120.50362,-8.29728],[120.50182,-8.30154],[120.50164,-8.30567],[120.50379,-8.31356],[120.50357,-8.31752],[120.50415,-8.32041],[120.50356,-8.32479],[120.50263,-8.32564],[120.50188,-8.32786],[120.50307,-8.33189],[120.50215,-8.33783],[120.50283,-8.33891],[120.50398,-8.34533],[120.5025,-8.34961],[120.50432,-8.35022],[120.50485,-8.35132],[120.50697,-8.35191],[120.50867,-8.35846],[120.50757,-8.36046],[120.50756,-8.36192],[120.50603,-8.36406],[120.50629,-8.37007],[120.50806,-8.37421],[120.50835,-8.3764],[120.50751,-8.3803],[120.50774,-8.38384],[120.50467,-8.38804],[120.50394,-8.39095],[120.50185,-8.39355],[120.50227,-8.39779],[120.50397,-8.40089],[120.50375,-8.40711]]]},"properties":{"date":"2025-05-29","year":2025,"res":0.34,"name":"Vivid"}},{"type":"Feature","geometry":{"type":"Polygon","coordinates":[[[120.41898,-8.40707],[120.50382,-8.40717],[120.50397,-8.40089],[120.50227,-8.39779],[120.50185,-8.39355],[120.50394,-8.39095],[120.50467,-8.38804],[120.50774,-8.38384],[120.50751,-8.3803],[120.50835,-8.3764],[120.50806,-8.37421],[120.50629,-8.37007],[120.50603,-8.36406],[120.50756,-8.36192],[120.50757,-8.36046],[120.50867,-8.35846],[120.50697,-8.35191],[120.50485,-8.35132],[120.50432,-8.35022],[120.5025,-8.34961],[120.50398,-8.34533],[120.50283,-8.33891],[120.50215,-8.33783],[120.50307,-8.33189],[120.50188,-8.32786],[120.50263,-8.32564],[120.50356,-8.32479],[120.50415,-8.32041],[120.50357,-8.31752],[120.50379,-8.31356],[120.50164,-8.30567],[120.50182,-8.30154],[120.50362,-8.29728],[120.50373,-8.29467],[120.50128,-8.28848],[120.5021,-8.28579],[120.50254,-8.28027],[120.50153,-8.27313],[120.50121,-8.26172],[120.50778,-8.26017],[120.51242,-8.25707],[120.51439,-8.25432],[120.51554,-8.25049],[120.51575,-8.24179],[120.51546,-8.22141],[120.5148,-8.22048],[120.51144,-8.21896],[120.50116,-8.21777],[120.50112,-8.17383],[120.41618,-8.17383],[120.41703,-8.18457],[120.41731,-8.20323],[120.41725,-8.21439],[120.41639,-8.21777],[120.41756,-8.22658],[120.41871,-8.22897],[120.41939,-8.24257],[120.41915,-8.24542],[120.41815,-8.24719],[120.4183,-8.25427],[120.41895,-8.25673],[120.41822,-8.25983],[120.41672,-8.26172],[120.41836,-8.26304],[120.42048,-8.26756],[120.42075,-8.27184],[120.41989,-8.27337],[120.41996,-8.27601],[120.42083,-8.27999],[120.42234,-8.28166],[120.42279,-8.28489],[120.42213,-8.28679],[120.42179,-8.29392],[120.4196,-8.30415],[120.41862,-8.30553],[120.41693,-8.30567],[120.41936,-8.30821],[120.42129,-8.31493],[120.42031,-8.31788],[120.42026,-8.32647],[120.41981,-8.32729],[120.42028,-8.33037],[120.41857,-8.33335],[120.41871,-8.33538],[120.41786,-8.3381],[120.41875,-8.34028],[120.41792,-8.34962],[120.41977,-8.35458],[120.42024,-8.35877],[120.41922,-8.36194],[120.41979,-8.3654],[120.41937,-8.36827],[120.42016,-8.37021],[120.41972,-8.37204],[120.42064,-8.37748],[120.41886,-8.38255],[120.41959,-8.38842],[120.41843,-8.39358],[120.4196,-8.39412],[120.41976,-8.39552],[120.41878,-8.39707],[120.41851,-8.40071],[120.41898,-8.40707]]]},"properties":{"date":"2025-07-17","year":2025,"res":0.34,"name":"Vivid"}},{"type":"Feature","geometry":{"type":"Polygon","coordinates":[[[122.34375,-8.73718],[122.34375,-8.74514],[122.34466,-8.74744],[122.3462,-8.76301],[122.34574,-8.76388],[122.34591,-8.76831],[122.34511,-8.76936],[122.34478,-8.77234],[122.34521,-8.77338],[122.3447,-8.77555],[122.34495,-8.78289],[122.3438,-8.78597],[122.34375,-8.78906],[122.40573,-8.78901],[122.40603,-8.77874],[122.39985,-8.77829],[122.3877,-8.77914],[122.38346,-8.77656],[122.37922,-8.77536],[122.37685,-8.77338],[122.3718,-8.77119],[122.37051,-8.76983],[122.3675,-8.75408],[122.36605,-8.75125],[122.36163,-8.74837],[122.35899,-8.74512],[122.35996,-8.74175],[122.36161,-8.74016],[122.36201,-8.73674],[122.36436,-8.73397],[122.36522,-8.72268],[122.3665,-8.72003],[122.36793,-8.71381],[122.36694,-8.71155],[122.3669,-8.70941],[122.3656,-8.70771],[122.36563,-8.70545],[122.36315,-8.70191],[122.35985,-8.70124],[122.35622,-8.7025],[122.34707,-8.7039],[122.34406,-8.70271],[122.34375,-8.70117],[122.34375,-8.73082],[122.34423,-8.73413],[122.34375,-8.73718]]]},"properties":{"date":"2017-08-13","year":2017,"res":0.46,"name":"Vivid"}},{"type":"Feature","geometry":{"type":"Polygon","coordinates":[[[122.37197,-8.70264],[122.36351,-8.70186],[122.36453,-8.70297],[122.36642,-8.70289],[122.36703,-8.70345],[122.37092,-8.70331],[122.37197,-8.70264]]]},"properties":{"date":"2017-08-25","year":2017,"res":0.5,"name":"Vivid"}},{"type":"Feature","geometry":{"type":"Polygon","coordinates":[[[122.35981,-8.70135],[122.35336,-8.70173],[122.35069,-8.70094],[122.34378,-8.70117],[122.34406,-8.70271],[122.34707,-8.7039],[122.35622,-8.7025],[122.35981,-8.70135]]]},"properties":{"date":"2017-08-25","year":2017,"res":0.5,"name":"Vivid"}},{"type":"Feature","geometry":{"type":"Polygon","coordinates":[[[122.38753,-8.77894],[122.39985,-8.77829],[122.40603,-8.77874],[122.40639,-8.76124],[122.40553,-8.74488],[122.40935,-8.74392],[122.40967,-8.741],[122.41212,-8.73598],[122.41362,-8.73449],[122.41391,-8.7317],[122.41725,-8.72865],[122.41709,-8.72041],[122.41505,-8.71685],[122.4134,-8.71036],[122.41227,-8.7104],[122.40872,-8.70648],[122.40464,-8.70489],[122.40326,-8.70364],[122.39963,-8.70357],[122.39543,-8.7022],[122.3935,-8.70241],[122.38772,-8.70117],[122.38546,-8.70275],[122.37301,-8.70255],[122.36845,-8.70347],[122.36453,-8.70297],[122.36315,-8.70191],[122.36563,-8.70545],[122.3656,-8.70771],[122.3669,-8.70941],[122.36694,-8.71155],[122.36793,-8.71381],[122.3665,-8.72003],[122.36522,-8.72268],[122.36436,-8.73397],[122.36201,-8.73674],[122.36161,-8.74016],[122.35996,-8.74175],[122.35899,-8.74512],[122.36163,-8.74837],[122.36605,-8.75125],[122.3675,-8.75408],[122.37051,-8.76983],[122.3718,-8.77119],[122.37685,-8.77338],[122.37922,-8.77536],[122.38346,-8.77656],[122.38753,-8.77894]]]},"properties":{"date":"2018-08-19","year":2018,"res":0.5,"name":"Vivid"}},{"type":"Feature","geometry":{"type":"Polygon","coordinates":[[[122.34375,-8.7413],[122.34375,-8.74511],[122.34396,-8.74311],[122.34375,-8.7413]]]},"properties":{"date":"2018-09-25","year":2018,"res":0.31,"name":"Vivid"}},{"type":"Feature","geometry":{"type":"Polygon","coordinates":[[[122.34375,-8.70199],[122.34375,-8.7031],[122.34391,-8.70221],[122.34375,-8.70199]]]},"properties":{"date":"2018-09-25","year":2018,"res":0.31,"name":"Vivid"}},{"type":"Feature","geometry":{"type":"Polygon","coordinates":[[[122.34375,-8.70431],[122.34375,-8.70457],[122.34379,-8.70447],[122.34375,-8.70431]]]},"properties":{"date":"2018-09-25","year":2018,"res":0.31,"name":"Vivid"}},{"type":"Feature","geometry":{"type":"Polygon","coordinates":[[[122.34375,-8.70534],[122.34375,-8.71075],[122.34406,-8.70667],[122.34375,-8.70534]]]},"properties":{"date":"2018-09-25","year":2018,"res":0.31,"name":"Vivid"}},{"type":"Feature","geometry":{"type":"Polygon","coordinates":[[[122.34375,-8.73082],[122.34375,-8.73589],[122.34423,-8.73413],[122.34375,-8.73082]]]},"properties":{"date":"2018-09-25","year":2018,"res":0.31,"name":"Vivid"}},{"type":"Feature","geometry":{"type":"Polygon","coordinates":[[[122.34375,-8.73641],[122.34375,-8.73718],[122.34381,-8.73698],[122.34375,-8.73641]]]},"properties":{"date":"2018-09-25","year":2018,"res":0.31,"name":"Vivid"}},{"type":"Feature","geometry":{"type":"Polygon","coordinates":[[[122.34375,-8.78904],[122.34375,-8.78906],[122.34375,-8.78904]]]},"properties":{"date":"2018-09-25","year":2018,"res":0.31,"name":"Vivid"}},{"type":"Feature","geometry":{"type":"Polygon","coordinates":[[[122.34376,-8.78892],[122.34375,-8.78893],[122.34375,-8.78901],[122.34376,-8.78892]]]},"properties":{"date":"2018-09-25","year":2018,"res":0.31,"name":"Vivid"}},{"type":"Feature","geometry":{"type":"Polygon","coordinates":[[[122.34377,-8.78804],[122.34378,-8.78805],[122.34377,-8.78801],[122.34377,-8.78804]]]},"properties":{"date":"2018-09-25","year":2018,"res":0.31,"name":"Vivid"}},{"type":"Feature","geometry":{"type":"Polygon","coordinates":[[[122.34377,-8.78796],[122.34377,-8.78795],[122.34377,-8.78796]]]},"properties":{"date":"2018-09-25","year":2018,"res":0.31,"name":"Vivid"}},{"type":"Feature","geometry":{"type":"Polygon","coordinates":[[[122.34376,-8.78783],[122.34377,-8.78791],[122.34378,-8.78774],[122.34376,-8.78783]]]},"properties":{"date":"2018-09-25","year":2018,"res":0.31,"name":"Vivid"}},{"type":"Feature","geometry":{"type":"Polygon","coordinates":[[[122.34379,-8.78772],[122.34379,-8.78772],[122.34379,-8.78772]]]},"properties":{"date":"2018-09-25","year":2018,"res":0.31,"name":"Vivid"}},{"type":"Feature","geometry":{"type":"Polygon","coordinates":[[[122.3438,-8.78738],[122.3438,-8.78732],[122.34379,-8.7873],[122.3438,-8.78738]]]},"properties":{"date":"2018-09-25","year":2018,"res":0.31,"name":"Vivid"}},{"type":"Feature","geometry":{"type":"Polygon","coordinates":[[[122.34375,-8.74514],[122.34375,-8.74513],[122.34375,-8.74514]]]},"properties":{"date":"2018-09-25","year":2018,"res":0.31,"name":"Vivid"}},{"type":"Feature","geometry":{"type":"Polygon","coordinates":[[[122.3438,-8.78753],[122.34379,-8.78772],[122.34381,-8.78764],[122.3438,-8.78753]]]},"properties":{"date":"2018-09-25","year":2018,"res":0.31,"name":"Vivid"}},{"type":"Feature","geometry":{"type":"Polygon","coordinates":[[[122.3438,-8.78745],[122.3438,-8.78746],[122.3438,-8.78745]]]},"properties":{"date":"2018-09-25","year":2018,"res":0.31,"name":"Vivid"}},{"type":"Feature","geometry":{"type":"Polygon","coordinates":[[[122.3438,-8.78745],[122.3438,-8.78745],[122.3438,-8.78745]]]},"properties":{"date":"2018-09-25","year":2018,"res":0.31,"name":"Vivid"}},{"type":"Feature","geometry":{"type":"Polygon","coordinates":[[[122.3438,-8.78742],[122.3438,-8.78739],[122.34379,-8.7874],[122.3438,-8.78742]]]},"properties":{"date":"2018-09-25","year":2018,"res":0.31,"name":"Vivid"}},{"type":"Feature","geometry":{"type":"Polygon","coordinates":[[[122.3439,-8.74529],[122.34586,-8.7616],[122.34387,-8.77774],[122.3438,-8.78597],[122.34495,-8.78289],[122.3447,-8.77555],[122.34521,-8.77338],[122.34478,-8.77234],[122.34511,-8.76936],[122.34591,-8.76831],[122.34574,-8.76388],[122.3462,-8.76301],[122.34466,-8.74744],[122.3439,-8.74529]]]},"properties":{"date":"2018-09-25","year":2018,"res":0.31,"name":"Vivid"}},{"type":"Feature","geometry":{"type":"Polygon","coordinates":[[[122.51963,-8.78041],[122.51953,-8.78906],[122.60742,-8.78906],[122.60742,-8.76968],[122.56751,-8.77154],[122.56395,-8.77655],[122.56348,-8.78058],[122.56,-8.77779],[122.5576,-8.77751],[122.55423,-8.77798],[122.53993,-8.77771],[122.53429,-8.77862],[122.52835,-8.77856],[122.51963,-8.78041]]]},"properties":{"date":"2020-03-24","year":2020,"res":0.31,"name":"Vivid"}},{"type":"Feature","geometry":{"type":"Polygon","coordinates":[[[122.56341,-8.78052],[122.56395,-8.77655],[122.56751,-8.77154],[122.51953,-8.77429],[122.51953,-8.78049],[122.52835,-8.77856],[122.53429,-8.77862],[122.53993,-8.77771],[122.55423,-8.77798],[122.5576,-8.77751],[122.56,-8.77779],[122.56341,-8.78052]]]},"properties":{"date":"2022-03-20","year":2022,"res":0.5,"name":"Vivid"}},{"type":"Feature","geometry":{"type":"Polygon","coordinates":[]},"properties":{"date":"2024-09-30","year":2024,"res":0.31,"name":"Vivid"}},{"type":"Feature","geometry":{"type":"Polygon","coordinates":[[[122.51235,-8.76931],[122.50381,-8.76928],[122.50385,-8.78906],[122.51949,-8.78906],[122.51951,-8.77427],[122.5173,-8.77366],[122.51235,-8.76931]]]},"properties":{"date":"2024-11-30","year":2024,"res":0.34,"name":"Vivid"}},{"type":"Feature","geometry":{"type":"Polygon","coordinates":[[[122.47556,-8.7692],[122.51194,-8.76923],[122.51259,-8.76858],[122.51486,-8.76181],[122.51778,-8.74512],[122.51551,-8.72083],[122.51456,-8.71446],[122.51352,-8.71333],[122.51331,-8.71172],[122.51337,-8.70998],[122.51456,-8.70761],[122.51639,-8.70656],[122.51803,-8.70331],[122.51844,-8.70117],[122.51695,-8.69921],[122.51536,-8.69869],[122.51046,-8.70023],[122.5083,-8.69927],[122.50516,-8.69998],[122.50327,-8.69959],[122.49749,-8.70109],[122.4944,-8.70044],[122.49205,-8.7011],[122.48505,-8.70115],[122.48111,-8.70021],[122.4731,-8.70149],[122.46504,-8.70382],[122.45908,-8.7038],[122.45676,-8.70301],[122.44988,-8.70335],[122.44712,-8.70261],[122.44427,-8.70284],[122.44059,-8.70125],[122.43164,-8.70117],[122.43194,-8.70218],[122.43558,-8.7036],[122.43668,-8.7056],[122.43649,-8.71332],[122.4376,-8.71828],[122.43708,-8.7245],[122.43645,-8.72486],[122.43601,-8.72708],[122.43411,-8.72894],[122.43166,-8.73447],[122.43164,-8.76922],[122.45246,-8.76842],[122.47556,-8.7692]]]},"properties":{"date":"2025-03-05","year":2025,"res":0.34,"name":"Vivid"}},{"type":"Feature","geometry":{"type":"Polygon","coordinates":[[[122.51962,-8.7011],[122.51838,-8.70121],[122.51708,-8.70564],[122.5146,-8.70753],[122.51337,-8.70998],[122.51331,-8.71172],[122.51352,-8.71333],[122.51456,-8.71446],[122.51551,-8.72083],[122.51778,-8.74512],[122.51486,-8.76181],[122.51385,-8.76365],[122.51351,-8.76635],[122.51194,-8.76923],[122.5173,-8.77366],[122.51953,-8.77429],[122.60742,-8.76968],[122.60742,-8.70117],[122.60468,-8.70204],[122.59725,-8.70239],[122.59427,-8.70225],[122.59173,-8.70132],[122.56403,-8.70123],[122.55111,-8.70045],[122.54983,-8.69938],[122.53796,-8.69807],[122.53151,-8.69941],[122.52606,-8.69937],[122.51962,-8.7011]]]},"properties":{"date":"2025-05-01","year":2025,"res":0.34,"name":"Vivid"}},{"type":"Feature","geometry":{"type":"Polygon","coordinates":[[[122.50381,-8.76928],[122.4962,-8.76883],[122.4738,-8.7692],[122.45246,-8.76842],[122.43226,-8.76883],[122.43164,-8.76922],[122.43164,-8.78906],[122.50385,-8.78906],[122.50381,-8.76928]]]},"properties":{"date":"2025-05-26","year":2025,"res":0.34,"name":"Vivid"}},{"type":"Feature","geometry":{"type":"Polygon","coordinates":[[[122.43168,-8.76983],[122.43166,-8.73447],[122.43411,-8.72894],[122.43601,-8.72708],[122.43645,-8.72486],[122.43727,-8.72384],[122.4376,-8.71828],[122.43649,-8.71332],[122.43685,-8.70935],[122.43636,-8.70474],[122.43558,-8.7036],[122.43194,-8.70218],[122.43161,-8.70117],[122.43062,-8.70206],[122.42958,-8.70192],[122.42698,-8.70331],[122.42478,-8.70364],[122.42449,-8.70474],[122.42234,-8.70527],[122.42064,-8.70754],[122.41869,-8.7079],[122.41624,-8.70667],[122.41586,-8.70742],[122.41462,-8.70743],[122.41371,-8.70664],[122.41335,-8.70709],[122.40873,-8.7041],[122.40596,-8.70426],[122.40438,-8.70152],[122.40248,-8.70117],[122.40311,-8.70149],[122.40326,-8.70364],[122.40391,-8.70445],[122.40805,-8.70604],[122.41132,-8.70964],[122.41359,-8.7106],[122.41505,-8.71685],[122.4173,-8.7212],[122.41725,-8.72865],[122.41391,-8.7317],[122.41362,-8.73449],[122.41212,-8.73598],[122.40967,-8.741],[122.40935,-8.74392],[122.40553,-8.74488],[122.40639,-8.76124],[122.40626,-8.78427],[122.40569,-8.78906],[122.43164,-8.78906],[122.43168,-8.76983]]]},"properties":{"date":"2025-09-07","year":2025,"res":0.34,"name":"Vivid"}},{"type":"Feature","geometry":{"type":"Polygon","coordinates":[[[122.34375,-8.74513],[122.34375,-8.78906],[122.34423,-8.78273],[122.34387,-8.77774],[122.34586,-8.7616],[122.34516,-8.75305],[122.34431,-8.74988],[122.34451,-8.74785],[122.34375,-8.74513]]]},"properties":{"date":"2025-10-15","year":2025,"res":0.34,"name":"Vivid"}},{"type":"Feature","geometry":{"type":"Polygon","coordinates":[]},"properties":{"date":"2025-10-15","year":2025,"res":0.34,"name":"Vivid"}},{"type":"Feature","geometry":{"type":"Polygon","coordinates":[[[122.34375,-8.70117],[122.34375,-8.70123],[122.34375,-8.70117]]]},"properties":{"date":"2025-10-15","year":2025,"res":0.34,"name":"Vivid"}},{"type":"Feature","geometry":{"type":"Polygon","coordinates":[[[122.34367,-8.74112],[122.34375,-8.73718],[122.34316,-8.73878],[122.34367,-8.74112]]]},"properties":{"date":"2017-08-13","year":2017,"res":0.46,"name":"Vivid"}},{"type":"Feature","geometry":{"type":"Polygon","coordinates":[[[122.34371,-8.73613],[122.34375,-8.73641],[122.34375,-8.73589],[122.34371,-8.73613]]]},"properties":{"date":"2017-08-13","year":2017,"res":0.46,"name":"Vivid"}},{"type":"Feature","geometry":{"type":"Polygon","coordinates":[[[122.34351,-8.73074],[122.34375,-8.71075],[122.3426,-8.71276],[122.34367,-8.71755],[122.34292,-8.723],[122.34312,-8.72668],[122.34238,-8.72819],[122.34351,-8.73074]]]},"properties":{"date":"2017-08-13","year":2017,"res":0.46,"name":"Vivid"}},{"type":"Feature","geometry":{"type":"Polygon","coordinates":[[[122.34375,-8.70457],[122.34367,-8.70499],[122.34372,-8.70534],[122.34375,-8.70457]]]},"properties":{"date":"2017-08-13","year":2017,"res":0.46,"name":"Vivid"}},{"type":"Feature","geometry":{"type":"Polygon","coordinates":[[[122.34371,-8.70405],[122.34375,-8.70431],[122.34375,-8.7031],[122.34371,-8.70405]]]},"properties":{"date":"2017-08-13","year":2017,"res":0.46,"name":"Vivid"}},{"type":"Feature","geometry":{"type":"Polygon","coordinates":[[[122.34369,-8.70176],[122.34375,-8.70199],[122.34375,-8.70123],[122.34369,-8.70176]]]},"properties":{"date":"2017-08-13","year":2017,"res":0.46,"name":"Vivid"}},{"type":"Feature","geometry":{"type":"Polygon","coordinates":[[[122.34351,-8.70114],[122.34334,-8.70124],[122.34362,-8.70117],[122.34351,-8.70114]]]},"properties":{"date":"2018-09-25","year":2018,"res":0.31,"name":"Vivid"}},{"type":"Feature","geometry":{"type":"Polygon","coordinates":[[[122.34336,-8.74086],[122.34375,-8.74511],[122.34375,-8.7413],[122.34336,-8.74086]]]},"properties":{"date":"2018-09-25","year":2018,"res":0.31,"name":"Vivid"}},{"type":"Feature","geometry":{"type":"Polygon","coordinates":[[[122.34327,-8.74048],[122.34327,-8.74049],[122.34327,-8.74048]]]},"properties":{"date":"2018-09-25","year":2018,"res":0.31,"name":"Vivid"}},{"type":"Feature","geometry":{"type":"Polygon","coordinates":[[[122.34373,-8.70166],[122.34257,-8.70165],[122.34147,-8.70275],[122.33996,-8.70276],[122.33914,-8.70401],[122.3386,-8.71248],[122.33916,-8.71822],[122.34106,-8.72263],[122.33982,-8.72875],[122.34078,-8.7299],[122.34127,-8.73307],[122.34304,-8.73706],[122.34327,-8.74042],[122.34375,-8.73082],[122.34273,-8.72977],[122.34238,-8.72819],[122.34312,-8.72668],[122.34299,-8.7219],[122.34356,-8.72066],[122.34363,-8.71676],[122.3426,-8.71276],[122.34375,-8.71075],[122.34373,-8.70166]]]},"properties":{"date":"2018-09-25","year":2018,"res":0.31,"name":"Vivid"}},{"type":"Feature","geometry":{"type":"Polygon","coordinates":[[[122.34373,-8.70117],[122.34374,-8.70117],[122.34373,-8.70117]]]},"properties":{"date":"2018-09-25","year":2018,"res":0.31,"name":"Vivid"}},{"type":"Feature","geometry":{"type":"Polygon","coordinates":[[[121.90223,-8.70111],[121.89938,-8.70234],[121.90426,-8.70118],[121.90223,-8.70111]]]},"properties":{"date":"2020-09-04","year":2020,"res":0.5,"name":"Vivid"}},{"type":"Feature","geometry":{"type":"Polygon","coordinates":[[[121.94697,-8.70107],[121.94349,-8.70189],[121.94212,-8.70146],[121.94281,-8.7149],[121.94139,-8.72502],[121.94229,-8.72864],[121.94143,-8.72965],[121.9405,-8.73364],[121.94083,-8.73773],[121.93976,-8.74327],[121.94003,-8.74512],[121.93686,-8.74894],[121.9357,-8.75258],[121.9332,-8.75563],[121.932,-8.76264],[121.9309,-8.76473],[121.93052,-8.76859],[121.93074,-8.77221],[121.93275,-8.77856],[121.93463,-8.78159],[121.93555,-8.7854],[121.93802,-8.78906],[121.93674,-8.79003],[121.93613,-8.79322],[121.93488,-8.79434],[121.93586,-8.80345],[121.93473,-8.8067],[121.9348,-8.81002],[121.93317,-8.81257],[121.93385,-8.81522],[121.93558,-8.81793],[121.93594,-8.82017],[121.93515,-8.82543],[121.93685,-8.82889],[121.93675,-8.84447],[121.93559,-8.8594],[121.93629,-8.86319],[121.93594,-8.86596],[121.9369,-8.87695],[121.95004,-8.87681],[121.95005,-8.86232],[121.95147,-8.85656],[121.95241,-8.84455],[121.94996,-8.83301],[121.95001,-8.82065],[121.95061,-8.82043],[121.95009,-8.81927],[121.9503,-8.81567],[121.95157,-8.81296],[121.95182,-8.81161],[121.95123,-8.81104],[121.95217,-8.80759],[121.95077,-8.80417],[121.95217,-8.80201],[121.95091,-8.7973],[121.95338,-8.78681],[121.95254,-8.7801],[121.95327,-8.77309],[121.95248,-8.76888],[121.95465,-8.76057],[121.95454,-8.75782],[121.95349,-8.75545],[121.9541,-8.75107],[121.95236,-8.74395],[121.9545,-8.74173],[121.95582,-8.73786],[121.9577,-8.73024],[121.9573,-8.72811],[121.95812,-8.72254],[121.95995,-8.71627],[121.95848,-8.70804],[121.95577,-8.70412],[121.95528,-8.70144],[121.95433,-8.70117],[121.95484,-8.70031],[121.95143,-8.7008],[121.95065,-8.7017],[121.94697,-8.70107]]]},"properties":{"date":"2020-09-04","year":2020,"res":0.5,"name":"Vivid"}},{"type":"Feature","geometry":{"type":"Polygon","coordinates":[[[121.88841,-8.70383],[121.88856,-8.70373],[121.88848,-8.70374],[121.88841,-8.70383]]]},"properties":{"date":"2020-09-04","year":2020,"res":0.5,"name":"Vivid"}},{"type":"Feature","geometry":{"type":"Polygon","coordinates":[[[121.88789,-8.70372],[121.88787,-8.70371],[121.88787,-8.70372],[121.88789,-8.70372]]]},"properties":{"date":"2020-09-04","year":2020,"res":0.5,"name":"Vivid"}},{"type":"Feature","geometry":{"type":"Polygon","coordinates":[[[121.8878,-8.70367],[121.8878,-8.70368],[121.8878,-8.70367]]]},"properties":{"date":"2020-09-04","year":2020,"res":0.5,"name":"Vivid"}},{"type":"Feature","geometry":{"type":"Polygon","coordinates":[[[121.88559,-8.70316],[121.8851,-8.70323],[121.88746,-8.70362],[121.88559,-8.70316]]]},"properties":{"date":"2020-09-04","year":2020,"res":0.5,"name":"Vivid"}},{"type":"Feature","geometry":{"type":"Polygon","coordinates":[[[121.88291,-8.70303],[121.8829,-8.70304],[121.88291,-8.70304],[121.88291,-8.70303]]]},"properties":{"date":"2020-09-04","year":2020,"res":0.5,"name":"Vivid"}},{"type":"Feature","geometry":{"type":"Polygon","coordinates":[[[121.88257,-8.70299],[121.88256,-8.70298],[121.88256,-8.70299],[121.88257,-8.70299]]]},"properties":{"date":"2020-09-04","year":2020,"res":0.5,"name":"Vivid"}},{"type":"Feature","geometry":{"type":"Polygon","coordinates":[[[121.89688,-8.70252],[121.89669,-8.70274],[121.89861,-8.70233],[121.89688,-8.70252]]]},"properties":{"date":"2020-09-04","year":2020,"res":0.5,"name":"Vivid"}},{"type":"Feature","geometry":{"type":"Polygon","coordinates":[[[121.89925,-8.70236],[121.89926,-8.70235],[121.89925,-8.70235],[121.89925,-8.70236]]]},"properties":{"date":"2020-09-04","year":2020,"res":0.5,"name":"Vivid"}},{"type":"Feature","geometry":{"type":"Polygon","coordinates":[[[121.89914,-8.70234],[121.89916,-8.70233],[121.89914,-8.70233],[121.89914,-8.70234]]]},"properties":{"date":"2020-09-04","year":2020,"res":0.5,"name":"Vivid"}},{"type":"Feature","geometry":{"type":"Polygon","coordinates":[[[121.87512,-8.70332],[121.8747,-8.70325],[121.87832,-8.70274],[121.88018,-8.70336],[121.88254,-8.70298],[121.87951,-8.70172],[121.87941,-8.70117],[121.87831,-8.70172],[121.87793,-8.70269],[121.87512,-8.70332]]]},"properties":{"date":"2020-09-04","year":2020,"res":0.5,"name":"Vivid"}},{"type":"Feature","geometry":{"type":"Polygon","coordinates":[[[121.92674,-8.70117],[121.92558,-8.70115],[121.92514,-8.70045],[121.92053,-8.69836],[121.91497,-8.69818],[121.91101,-8.69854],[121.90836,-8.7011],[121.90459,-8.70076],[121.9043,-8.70117],[121.9055,-8.70132],[121.90778,-8.70313],[121.9186,-8.70456],[121.9205,-8.70333],[121.92321,-8.70323],[121.92486,-8.70195],[121.9279,-8.70161],[121.92674,-8.70117]]]},"properties":{"date":"2022-07-24","year":2022,"res":0.46,"name":"Vivid"}},{"type":"Feature","geometry":{"type":"Polygon","coordinates":[[[121.94099,-8.70111],[121.93725,-8.70267],[121.93062,-8.70254],[121.92867,-8.70185],[121.92698,-8.70395],[121.92655,-8.70893],[121.92544,-8.70951],[121.92361,-8.71329],[121.92527,-8.72066],[121.92508,-8.72292],[121.92726,-8.72639],[121.92836,-8.73129],[121.92965,-8.73375],[121.92909,-8.73458],[121.92959,-8.73662],[121.92914,-8.74133],[121.93012,-8.74512],[121.92761,-8.75068],[121.92792,-8.75519],[121.92652,-8.75832],[121.92662,-8.76184],[121.92585,-8.76349],[121.92639,-8.76605],[121.92553,-8.77015],[121.92722,-8.77283],[121.92744,-8.77501],[121.92896,-8.77718],[121.92862,-8.77977],[121.92789,-8.78036],[121.92853,-8.78211],[121.92835,-8.7858],[121.92984,-8.78729],[121.93039,-8.79175],[121.92973,-8.79381],[121.92821,-8.79544],[121.92701,-8.79877],[121.92467,-8.8022],[121.92549,-8.81001],[121.9268,-8.8119],[121.92709,-8.8151],[121.92881,-8.81889],[121.92827,-8.82035],[121.92848,-8.82322],[121.92938,-8.82745],[121.93061,-8.82993],[121.93059,-8.83705],[121.92889,-8.83954],[121.92876,-8.84526],[121.9275,-8.84742],[121.92799,-8.85005],[121.92712,-8.85994],[121.93077,-8.87695],[121.9369,-8.87695],[121.93594,-8.86596],[121.93629,-8.86319],[121.93559,-8.8594],[121.93675,-8.84447],[121.93685,-8.82889],[121.93515,-8.82543],[121.93594,-8.82017],[121.93558,-8.81793],[121.93385,-8.81522],[121.93317,-8.81257],[121.9348,-8.81002],[121.93473,-8.8067],[121.93586,-8.80345],[121.93488,-8.79434],[121.93613,-8.79322],[121.93674,-8.79003],[121.93802,-8.78906],[121.93555,-8.7854],[121.93463,-8.78159],[121.93275,-8.77856],[121.93074,-8.77221],[121.93052,-8.76859],[121.9309,-8.76473],[121.932,-8.76264],[121.9332,-8.75563],[121.9357,-8.75258],[121.93686,-8.74894],[121.94003,-8.74512],[121.93976,-8.74327],[121.94083,-8.73773],[121.9405,-8.73364],[121.94143,-8.72965],[121.94229,-8.72864],[121.9414,-8.72361],[121.94281,-8.7149],[121.94287,-8.70941],[121.94199,-8.70596],[121.94252,-8.70529],[121.94227,-8.70117],[121.94099,-8.70111]]]},"properties":{"date":"2022-07-24","year":2022,"res":0.46,"name":"Vivid"}},{"type":"Feature","geometry":{"type":"Polygon","coordinates":[]},"properties":{"date":"2022-12-22","year":2022,"res":0.46,"name":"Vivid"}},{"type":"Feature","geometry":{"type":"Polygon","coordinates":[[[121.92876,-8.70181],[121.92876,-8.70182],[121.92876,-8.70181],[121.92876,-8.70181]]]},"properties":{"date":"2022-12-22","year":2022,"res":0.46,"name":"Vivid"}},{"type":"Feature","geometry":{"type":"Polygon","coordinates":[[[121.92885,-8.7018],[121.92884,-8.70181],[121.92885,-8.7018],[121.92885,-8.7018]]]},"properties":{"date":"2022-12-22","year":2022,"res":0.46,"name":"Vivid"}},{"type":"Feature","geometry":{"type":"Polygon","coordinates":[[[121.99225,-8.83527],[121.99149,-8.82893],[121.98939,-8.82427],[121.98855,-8.81759],[121.98856,-8.81017],[121.98832,-8.80824],[121.98723,-8.8073],[121.98711,-8.80389],[121.98822,-8.79879],[121.98804,-8.79676],[121.9914,-8.79236],[121.99143,-8.79027],[121.99225,-8.7889],[121.99381,-8.78783],[121.99497,-8.781],[121.99634,-8.77875],[121.9956,-8.77657],[121.99622,-8.77037],[121.99456,-8.768],[121.99288,-8.76295],[121.99219,-8.75261],[121.99328,-8.74643],[121.99244,-8.74512],[121.99325,-8.74092],[121.99272,-8.7384],[121.99454,-8.72808],[121.99452,-8.72389],[121.9939,-8.72175],[121.9953,-8.71654],[121.99432,-8.71361],[121.99448,-8.7106],[121.99364,-8.70895],[121.99414,-8.70598],[121.99308,-8.70449],[121.9932,-8.70269],[121.99219,-8.70117],[121.99313,-8.69835],[121.99219,-8.69372],[121.99324,-8.69322],[121.99519,-8.68855],[121.99534,-8.68497],[121.99475,-8.68344],[121.99608,-8.67167],[121.99435,-8.66625],[121.99422,-8.66132],[121.99323,-8.65943],[121.99332,-8.65811],[121.99219,-8.65723],[121.99278,-8.65374],[121.99239,-8.65294],[121.99332,-8.65078],[121.99325,-8.64851],[121.9925,-8.64767],[121.99245,-8.64402],[121.9929,-8.64282],[121.99486,-8.64115],[121.99312,-8.63667],[121.99327,-8.6352],[121.99409,-8.63432],[121.99393,-8.63068],[121.99508,-8.62798],[121.99501,-8.62409],[121.99387,-8.62033],[121.99434,-8.61974],[121.99403,-8.61612],[121.99264,-8.61502],[121.99219,-8.61328],[121.99197,-8.61426],[121.9904,-8.61547],[121.98319,-8.61784],[121.97514,-8.61769],[121.97003,-8.61547],[121.96381,-8.61733],[121.96156,-8.6158],[121.95958,-8.61556],[121.95781,-8.61378],[121.9556,-8.61429],[121.95518,-8.61328],[121.95776,-8.62015],[121.95722,-8.62732],[121.95837,-8.62868],[121.95893,-8.63069],[121.95744,-8.63401],[121.95853,-8.6362],[121.95845,-8.63851],[121.95947,-8.64163],[121.9571,-8.64983],[121.95735,-8.65408],[121.9562,-8.65723],[121.9584,-8.66007],[121.95875,-8.66413],[121.96006,-8.666],[121.96056,-8.67127],[121.96138,-8.67192],[121.9617,-8.6734],[121.95966,-8.68329],[121.95792,-8.68593],[121.95722,-8.69219],[121.95486,-8.6952],[121.95448,-8.6976],[121.95483,-8.70061],[121.95433,-8.70117],[121.95528,-8.70144],[121.95577,-8.70412],[121.95848,-8.70804],[121.95995,-8.71627],[121.95812,-8.72254],[121.9573,-8.72811],[121.9577,-8.73024],[121.95582,-8.73786],[121.9545,-8.74173],[121.95236,-8.74395],[121.9541,-8.75107],[121.95349,-8.75545],[121.95454,-8.75782],[121.95465,-8.76057],[121.95248,-8.76888],[121.95327,-8.77309],[121.95254,-8.7801],[121.95338,-8.78681],[121.95091,-8.7973],[121.95217,-8.80201],[121.95077,-8.80417],[121.95217,-8.80759],[121.95123,-8.81104],[121.95182,-8.81161],[121.95157,-8.81296],[121.9503,-8.81567],[121.95009,-8.81927],[121.95061,-8.82043],[121.95001,-8.82065],[121.94996,-8.83301],[121.95241,-8.84455],[121.95147,-8.85656],[121.95005,-8.86232],[121.94999,-8.87695],[121.99219,-8.87695],[121.99225,-8.83527]]]},"properties":{"date":"2023-11-06","year":2023,"res":0.5,"name":"Vivid"}},{"type":"Feature","geometry":{"type":"Polygon","coordinates":[[[121.99221,-8.87624],[121.99219,-8.87695],[121.99343,-8.87692],[121.99354,-8.80813],[121.99368,-8.80631],[121.99573,-8.80534],[121.99457,-8.80231],[121.99561,-8.79988],[121.99546,-8.79681],[121.99381,-8.79341],[121.99311,-8.78867],[121.99149,-8.7901],[121.9914,-8.79236],[121.98804,-8.79676],[121.98822,-8.79879],[121.98711,-8.80389],[121.98723,-8.8073],[121.98832,-8.80824],[121.98856,-8.81017],[121.98855,-8.81759],[121.98939,-8.82427],[121.99149,-8.82893],[121.99219,-8.83295],[121.99221,-8.87624]]]},"properties":{"date":"2024-10-27","year":2024,"res":0.34,"name":"Vivid"}},{"type":"Feature","geometry":{"type":"Polygon","coordinates":[]},"properties":{"date":"2024-10-27","year":2024,"res":0.34,"name":"Vivid"}},{"type":"Feature","geometry":{"type":"Polygon","coordinates":[[[121.89388,-8.96478],[121.90429,-8.96484],[121.90429,-8.87695],[121.90201,-8.87642],[121.8937,-8.87695],[121.89473,-8.88033],[121.89535,-8.89398],[121.89673,-8.90336],[121.89625,-8.91204],[121.89431,-8.91741],[121.89378,-8.9209],[121.89454,-8.9272],[121.89404,-8.93801],[121.89492,-8.94909],[121.89388,-8.96478]]]},"properties":{"date":"2024-12-15","year":2024,"res":0.34,"name":"Vivid"}},{"type":"Feature","geometry":{"type":"Polygon","coordinates":[[[121.99343,-8.87692],[121.99592,-8.87689],[121.99612,-8.87144],[121.99737,-8.86737],[121.99818,-8.85656],[121.99711,-8.83911],[121.99587,-8.83301],[121.99802,-8.82654],[121.99911,-8.81093],[122.0,-8.80733],[121.99958,-8.80488],[122.00036,-8.80245],[121.99941,-8.79843],[121.99979,-8.79477],[121.9989,-8.79325],[121.99641,-8.79227],[121.99508,-8.78908],[121.99648,-8.78711],[121.99732,-8.78314],[121.99642,-8.78022],[121.99673,-8.76784],[121.99477,-8.76248],[121.99449,-8.7584],[121.99511,-8.75385],[121.99457,-8.75322],[121.99465,-8.7516],[121.99569,-8.74758],[121.99482,-8.74512],[121.99502,-8.744],[121.99637,-8.74364],[121.99953,-8.73899],[122.00044,-8.73858],[122.00088,-8.73641],[121.99957,-8.73316],[121.99952,-8.73107],[121.99679,-8.72634],[121.99676,-8.71971],[121.99566,-8.71811],[121.99523,-8.71593],[121.99602,-8.70426],[121.99501,-8.70117],[121.99611,-8.69975],[121.99468,-8.69125],[121.99601,-8.68343],[121.9955,-8.68104],[121.99633,-8.67604],[121.99569,-8.67004],[121.99625,-8.66485],[121.99563,-8.66282],[121.99625,-8.66082],[121.99573,-8.65761],[121.99483,-8.65725],[121.99484,-8.65612],[121.99757,-8.65326],[121.99757,-8.65075],[121.99843,-8.64992],[121.99845,-8.64828],[122.00029,-8.64673],[122.00124,-8.64291],[122.00077,-8.64097],[121.99839,-8.63951],[121.9967,-8.63572],[121.99693,-8.63221],[121.99634,-8.62955],[121.99701,-8.6274],[121.99577,-8.62407],[121.99684,-8.61717],[121.99489,-8.61499],[121.99431,-8.61329],[121.99219,-8.61328],[121.99264,-8.61502],[121.99399,-8.61589],[121.99401,-8.62102],[121.99656,-8.62719],[121.99588,-8.63138],[121.99665,-8.63408],[121.99639,-8.63913],[121.99545,-8.64103],[121.9929,-8.64282],[121.99245,-8.64402],[121.9925,-8.64767],[121.99325,-8.64851],[121.99381,-8.65282],[121.99219,-8.65722],[121.99321,-8.65778],[121.99574,-8.66495],[121.99562,-8.67066],[121.99608,-8.67167],[121.99584,-8.67707],[121.99502,-8.68039],[121.99567,-8.68405],[121.99526,-8.6883],[121.99324,-8.69322],[121.99219,-8.69372],[121.99314,-8.69841],[121.99234,-8.70117],[121.99345,-8.7037],[121.99308,-8.70449],[121.99414,-8.70598],[121.99364,-8.70895],[121.99448,-8.7106],[121.99432,-8.71361],[121.9953,-8.71654],[121.9939,-8.72175],[121.99452,-8.72389],[121.99454,-8.72808],[121.99272,-8.7384],[121.99325,-8.74092],[121.99244,-8.74512],[121.99328,-8.74643],[121.99314,-8.74917],[121.99229,-8.75],[121.99242,-8.75928],[121.99321,-8.76408],[121.99456,-8.768],[121.99622,-8.77037],[121.9956,-8.77657],[121.99634,-8.77875],[121.99532,-8.77993],[121.99431,-8.78652],[121.99286,-8.78906],[121.99381,-8.79341],[121.99546,-8.79681],[121.99561,-8.79988],[121.99457,-8.80231],[121.99573,-8.80534],[121.99368,-8.80631],[121.99354,-8.80813],[121.99343,-8.87692]]]},"properties":{"date":"2025-04-25","year":2025,"res":0.34,"name":"Vivid"}},{"type":"Feature","geometry":{"type":"Polygon","coordinates":[[[122.25586,-8.78904],[122.34375,-8.78906],[122.34372,-8.74442],[122.34309,-8.73725],[122.34127,-8.73307],[122.34078,-8.7299],[122.33982,-8.72875],[122.34106,-8.72263],[122.33916,-8.71822],[122.3386,-8.71248],[122.33914,-8.70401],[122.33996,-8.70276],[122.34147,-8.70275],[122.34375,-8.70117],[122.33876,-8.70213],[122.33518,-8.70117],[122.33464,-8.70649],[122.33252,-8.70841],[122.33254,-8.70961],[122.3301,-8.71098],[122.32825,-8.71107],[122.32539,-8.71234],[122.32382,-8.71164],[122.31578,-8.71182],[122.31424,-8.70883],[122.31318,-8.70931],[122.31123,-8.70862],[122.31011,-8.70544],[122.30618,-8.70576],[122.30341,-8.70473],[122.30201,-8.70399],[122.29978,-8.70117],[122.29955,-8.70402],[122.29784,-8.70545],[122.2983,-8.70715],[122.29795,-8.70893],[122.29536,-8.70925],[122.29325,-8.71123],[122.29136,-8.71044],[122.28689,-8.71234],[122.28429,-8.71164],[122.27917,-8.71205],[122.27379,-8.71101],[122.27113,-8.70904],[122.26822,-8.7085],[122.26577,-8.70519],[122.2642,-8.70421],[122.2582,-8.70273],[122.25586,-8.70117],[122.25652,-8.70402],[122.25615,-8.70566],[122.25744,-8.71828],[122.25662,-8.72018],[122.25687,-8.7222],[122.25604,-8.72358],[122.25644,-8.72634],[122.25597,-8.72809],[122.25621,-8.73025],[122.25771,-8.73345],[122.25806,-8.73932],[122.25586,-8.74511],[122.2571,-8.74931],[122.25621,-8.75044],[122.25588,-8.75962],[122.25673,-8.76825],[122.25666,-8.78739],[122.25586,-8.78904]]]},"properties":{"date":"2025-10-15","year":2025,"res":0.34,"name":"Vivid"}},{"type":"Feature","geometry":{"type":"Polygon","coordinates":[[[121.64055,-8.75651],[121.64062,-8.74782],[121.63969,-8.75397],[121.64055,-8.75651]]]},"properties":{"date":"2017-08-24","year":2017,"res":0.46,"name":"Vivid"}},{"type":"Feature","geometry":{"type":"Polygon","coordinates":[[[121.64062,-8.74719],[121.64059,-8.73075],[121.63995,-8.73257],[121.64032,-8.73936],[121.63945,-8.74197],[121.64062,-8.74719]]]},"properties":{"date":"2017-08-24","year":2017,"res":0.46,"name":"Vivid"}},{"type":"Feature","geometry":{"type":"Polygon","coordinates":[[[121.64043,-8.76604],[121.64062,-8.76614],[121.64062,-8.76537],[121.64043,-8.76604]]]},"properties":{"date":"2017-08-24","year":2017,"res":0.46,"name":"Vivid"}},{"type":"Feature","geometry":{"type":"Polygon","coordinates":[[[121.64062,-8.74721],[121.64062,-8.74722],[121.64062,-8.74721]]]},"properties":{"date":"2017-08-24","year":2017,"res":0.46,"name":"Vivid"}},{"type":"Feature","geometry":{"type":"Polygon","coordinates":[[[121.64062,-8.79713],[121.64036,-8.78906],[121.63989,-8.79618],[121.64062,-8.79713]]]},"properties":{"date":"2017-08-24","year":2017,"res":0.46,"name":"Vivid"}},{"type":"Feature","geometry":{"type":"Polygon","coordinates":[[[121.56154,-8.69954],[121.55869,-8.70021],[121.55724,-8.70128],[121.55273,-8.70117],[121.55114,-8.7052],[121.55254,-8.71929],[121.55154,-8.72105],[121.5521,-8.7247],[121.55132,-8.72726],[121.55057,-8.72789],[121.55073,-8.73277],[121.54991,-8.73733],[121.55126,-8.74361],[121.55259,-8.74471],[121.55389,-8.74763],[121.5545,-8.75347],[121.55611,-8.75753],[121.5556,-8.75898],[121.55626,-8.76206],[121.55578,-8.76316],[121.5564,-8.76459],[121.5554,-8.76904],[121.55571,-8.77338],[121.55491,-8.778],[121.55395,-8.77873],[121.55346,-8.78079],[121.55375,-8.78323],[121.55251,-8.78764],[121.55273,-8.78906],[121.55377,-8.789],[121.55648,-8.78722],[121.55986,-8.78758],[121.56404,-8.78667],[121.56848,-8.78724],[121.57015,-8.78906],[121.57501,-8.78869],[121.57975,-8.78739],[121.58163,-8.78853],[121.59384,-8.78803],[121.59659,-8.78909],[121.59964,-8.78782],[121.61682,-8.79033],[121.62319,-8.79],[121.62471,-8.7892],[121.63199,-8.79039],[121.63333,-8.78994],[121.63926,-8.79048],[121.6397,-8.78937],[121.64062,-8.78906],[121.64062,-8.78748],[121.6378,-8.78677],[121.6382,-8.78522],[121.63973,-8.78356],[121.63967,-8.78141],[121.64062,-8.78069],[121.64062,-8.76987],[121.63996,-8.7681],[121.64062,-8.76615],[121.64062,-8.7565],[121.64001,-8.756],[121.63969,-8.75397],[121.64062,-8.74719],[121.63945,-8.74192],[121.64032,-8.73936],[121.63995,-8.73257],[121.64062,-8.73074],[121.63943,-8.73077],[121.63816,-8.72943],[121.63791,-8.72577],[121.63878,-8.72204],[121.63592,-8.7171],[121.6362,-8.71543],[121.63868,-8.71328],[121.63908,-8.70813],[121.64062,-8.70482],[121.64062,-8.70117],[121.63774,-8.70129],[121.63391,-8.70289],[121.6311,-8.70506],[121.62665,-8.70684],[121.62397,-8.70651],[121.62286,-8.70568],[121.61647,-8.70384],[121.61233,-8.70371],[121.6043,-8.70188],[121.59667,-8.70117],[121.59205,-8.70382],[121.58661,-8.70435],[121.58408,-8.70291],[121.57919,-8.70299],[121.57777,-8.70225],[121.5733,-8.70208],[121.57024,-8.70082],[121.56154,-8.69954]]]},"properties":{"date":"2018-09-27","year":2018,"res":0.31,"name":"Vivid"}},{"type":"Feature","geometry":{"type":"Polygon","coordinates":[[[121.64062,-8.83318],[121.63983,-8.82882],[121.63918,-8.82816],[121.63844,-8.82201],[121.639,-8.81713],[121.64062,-8.81476],[121.63969,-8.80347],[121.63891,-8.80172],[121.64033,-8.79713],[121.63914,-8.79792],[121.63824,-8.80034],[121.639,-8.8127],[121.63815,-8.81654],[121.6384,-8.81944],[121.63714,-8.82216],[121.63697,-8.82718],[121.63722,-8.83144],[121.6388,-8.83186],[121.63961,-8.83303],[121.63869,-8.83389],[121.63721,-8.8385],[121.63709,-8.8452],[121.63577,-8.85087],[121.63583,-8.8537],[121.63473,-8.859],[121.63343,-8.86186],[121.63273,-8.86766],[121.63794,-8.86723],[121.63635,-8.86168],[121.63788,-8.8582],[121.6391,-8.85298],[121.63915,-8.85027],[121.63827,-8.84692],[121.63815,-8.8372],[121.63921,-8.83435],[121.64062,-8.83318]]]},"properties":{"date":"2019-06-30","year":2019,"res":0.5,"name":"Vivid"}},{"type":"Feature","geometry":{"type":"Polygon","coordinates":[[[121.40516,-8.71349],[121.4052,-8.71359],[121.40518,-8.71338],[121.40516,-8.71349]]]},"properties":{"date":"2019-10-01","year":2019,"res":0.46,"name":"Vivid"}},{"type":"Feature","geometry":{"type":"Polygon","coordinates":[]},"properties":{"date":"2019-10-01","year":2019,"res":0.46,"name":"Vivid"}},{"type":"Feature","geometry":{"type":"Polygon","coordinates":[[[121.4053,-8.71107],[121.4053,-8.71133],[121.40544,-8.70972],[121.4053,-8.71107]]]},"properties":{"date":"2019-10-01","year":2019,"res":0.46,"name":"Vivid"}},{"type":"Feature","geometry":{"type":"Polygon","coordinates":[[[121.55192,-8.79813],[121.55168,-8.79736],[121.5517,-8.79888],[121.55192,-8.79813]]]},"properties":{"date":"2019-12-02","year":2019,"res":0.5,"name":"Vivid"}},{"type":"Feature","geometry":{"type":"Polygon","coordinates":[[[121.55167,-8.79735],[121.55167,-8.79736],[121.55168,-8.79736],[121.55167,-8.79735]]]},"properties":{"date":"2019-12-02","year":2019,"res":0.5,"name":"Vivid"}},{"type":"Feature","geometry":{"type":"Polygon","coordinates":[[[121.55158,-8.79684],[121.55166,-8.79707],[121.55181,-8.79636],[121.55158,-8.79684]]]},"properties":{"date":"2019-12-02","year":2019,"res":0.5,"name":"Vivid"}},{"type":"Feature","geometry":{"type":"Polygon","coordinates":[[[121.55206,-8.78946],[121.55273,-8.78906],[121.55251,-8.78764],[121.55348,-8.78529],[121.55373,-8.77942],[121.55491,-8.778],[121.55571,-8.77338],[121.5554,-8.76904],[121.5564,-8.76459],[121.55578,-8.76316],[121.55626,-8.76206],[121.5556,-8.75898],[121.55611,-8.75753],[121.5545,-8.75347],[121.55389,-8.74763],[121.55259,-8.74471],[121.55126,-8.74361],[121.54991,-8.73733],[121.55073,-8.73277],[121.55057,-8.72789],[121.55132,-8.72726],[121.5521,-8.7247],[121.55154,-8.72105],[121.55254,-8.71929],[121.55114,-8.7052],[121.55273,-8.70117],[121.54706,-8.69822],[121.54272,-8.69749],[121.53839,-8.69572],[121.53036,-8.69697],[121.51943,-8.69673],[121.5106,-8.6998],[121.50909,-8.70118],[121.5067,-8.69936],[121.50749,-8.70117],[121.50639,-8.70121],[121.50016,-8.70616],[121.50012,-8.70885],[121.49953,-8.71091],[121.49809,-8.71266],[121.49797,-8.71445],[121.49801,-8.71516],[121.49933,-8.71604],[121.5009,-8.71622],[121.50207,-8.71818],[121.50191,-8.72014],[121.50274,-8.72179],[121.50392,-8.72819],[121.5051,-8.73049],[121.50444,-8.73735],[121.50584,-8.74512],[121.50501,-8.74752],[121.50512,-8.75879],[121.5045,-8.76249],[121.50514,-8.76406],[121.50439,-8.76554],[121.50367,-8.77107],[121.50463,-8.77656],[121.50454,-8.77983],[121.50542,-8.78262],[121.50541,-8.78901],[121.51511,-8.78906],[121.52331,-8.78787],[121.52749,-8.78796],[121.52879,-8.78906],[121.52843,-8.7947],[121.53123,-8.79414],[121.54257,-8.79555],[121.5461,-8.79444],[121.55206,-8.78946]]]},"properties":{"date":"2019-12-02","year":2019,"res":0.5,"name":"Vivid"}},{"type":"Feature","geometry":{"type":"Polygon","coordinates":[[[121.55231,-8.79015],[121.55232,-8.79015],[121.55231,-8.79015]]]},"properties":{"date":"2019-12-02","year":2019,"res":0.5,"name":"Vivid"}},{"type":"Feature","geometry":{"type":"Polygon","coordinates":[[[121.55218,-8.78973],[121.55225,-8.79003],[121.55224,-8.78971],[121.55218,-8.78973]]]},"properties":{"date":"2019-12-02","year":2019,"res":0.5,"name":"Vivid"}},{"type":"Feature","geometry":{"type":"Polygon","coordinates":[[[121.55252,-8.7914],[121.55253,-8.79139],[121.55252,-8.79139],[121.55252,-8.7914]]]},"properties":{"date":"2019-12-02","year":2019,"res":0.5,"name":"Vivid"}},{"type":"Feature","geometry":{"type":"Polygon","coordinates":[[[121.55261,-8.79089],[121.55233,-8.79022],[121.55253,-8.79134],[121.55261,-8.79089]]]},"properties":{"date":"2019-12-02","year":2019,"res":0.5,"name":"Vivid"}},{"type":"Feature","geometry":{"type":"Polygon","coordinates":[[[121.55245,-8.78926],[121.55246,-8.78926],[121.55246,-8.78924],[121.55245,-8.78926]]]},"properties":{"date":"2019-12-02","year":2019,"res":0.5,"name":"Vivid"}},{"type":"Feature","geometry":{"type":"Polygon","coordinates":[[[121.55251,-8.78922],[121.55248,-8.78924],[121.55251,-8.78923],[121.55251,-8.78922]]]},"properties":{"date":"2019-12-02","year":2019,"res":0.5,"name":"Vivid"}},{"type":"Feature","geometry":{"type":"Polygon","coordinates":[[[121.55255,-8.78921],[121.55254,-8.78921],[121.55255,-8.78921]]]},"properties":{"date":"2019-12-02","year":2019,"res":0.5,"name":"Vivid"}},{"type":"Feature","geometry":{"type":"Polygon","coordinates":[]},"properties":{"date":"2019-12-02","year":2019,"res":0.5,"name":"Vivid"}},{"type":"Feature","geometry":{"type":"Polygon","coordinates":[[[121.55259,-8.78919],[121.55258,-8.78918],[121.55258,-8.78919],[121.55259,-8.78919]]]},"properties":{"date":"2019-12-02","year":2019,"res":0.5,"name":"Vivid"}},{"type":"Feature","geometry":{"type":"Polygon","coordinates":[]},"properties":{"date":"2019-12-02","year":2019,"res":0.5,"name":"Vivid"}},{"type":"Feature","geometry":{"type":"Polygon","coordinates":[[[121.55261,-8.78913],[121.5526,-8.78915],[121.55267,-8.78913],[121.55261,-8.78913]]]},"properties":{"date":"2019-12-02","year":2019,"res":0.5,"name":"Vivid"}},{"type":"Feature","geometry":{"type":"Polygon","coordinates":[]},"properties":{"date":"2019-12-02","year":2019,"res":0.5,"name":"Vivid"}},{"type":"Feature","geometry":{"type":"Polygon","coordinates":[[[121.55268,-8.7891],[121.55267,-8.78912],[121.55269,-8.78911],[121.55268,-8.7891]]]},"properties":{"date":"2019-12-02","year":2019,"res":0.5,"name":"Vivid"}},{"type":"Feature","geometry":{"type":"Polygon","coordinates":[[[121.55269,-8.7891],[121.55271,-8.7891],[121.55269,-8.7891]]]},"properties":{"date":"2019-12-02","year":2019,"res":0.5,"name":"Vivid"}},{"type":"Feature","geometry":{"type":"Polygon","coordinates":[[[121.57035,-8.96438],[121.5704,-8.96484],[121.57468,-8.96484],[121.57502,-8.96185],[121.57458,-8.87695],[121.58534,-8.87594],[121.58938,-8.87474],[121.59276,-8.87181],[121.59496,-8.8659],[121.59668,-8.86475],[121.60576,-8.86513],[121.61673,-8.86722],[121.63273,-8.86766],[121.63343,-8.86186],[121.63473,-8.859],[121.63583,-8.8537],[121.63577,-8.85087],[121.63709,-8.8452],[121.63721,-8.8385],[121.63869,-8.83389],[121.63961,-8.83303],[121.6388,-8.83186],[121.63722,-8.83144],[121.63697,-8.82718],[121.63714,-8.82216],[121.6384,-8.81944],[121.63815,-8.81654],[121.639,-8.8127],[121.63824,-8.80034],[121.63914,-8.79792],[121.64033,-8.79713],[121.63989,-8.79618],[121.64036,-8.78906],[121.63901,-8.79051],[121.63333,-8.78994],[121.63199,-8.79039],[121.62471,-8.7892],[121.62319,-8.79],[121.61682,-8.79033],[121.60916,-8.78948],[121.60245,-8.78792],[121.5988,-8.78795],[121.5965,-8.78909],[121.59384,-8.78803],[121.58163,-8.78853],[121.57994,-8.78743],[121.57834,-8.78741],[121.57586,-8.78853],[121.57015,-8.78906],[121.56885,-8.79333],[121.56774,-8.79427],[121.56749,-8.79742],[121.56509,-8.79926],[121.56137,-8.80023],[121.56139,-8.81432],[121.56494,-8.82858],[121.57048,-8.83301],[121.56624,-8.83924],[121.5649,-8.84949],[121.56491,-8.8572],[121.56695,-8.86869],[121.56909,-8.87262],[121.57045,-8.87695],[121.56822,-8.88216],[121.56831,-8.88755],[121.56769,-8.88956],[121.56844,-8.90047],[121.57015,-8.91156],[121.56973,-8.91724],[121.57043,-8.9209],[121.56971,-8.92312],[121.57027,-8.93186],[121.56965,-8.94562],[121.57044,-8.94973],[121.57039,-8.95811],[121.56973,-8.96089],[121.57035,-8.96207],[121.57035,-8.96438]]]},"properties":{"date":"2019-12-02","year":2019,"res":0.5,"name":"Vivid"}},{"type":"Feature","geometry":{"type":"Polygon","coordinates":[[[121.55294,-8.87671],[121.55291,-8.87679],[121.55295,-8.87677],[121.55294,-8.87671]]]},"properties":{"date":"2019-12-02","year":2019,"res":0.5,"name":"Vivid"}},{"type":"Feature","geometry":{"type":"Polygon","coordinates":[[[121.55298,-8.87645],[121.55298,-8.87646],[121.55298,-8.87645]]]},"properties":{"date":"2019-12-02","year":2019,"res":0.5,"name":"Vivid"}},{"type":"Feature","geometry":{"type":"Polygon","coordinates":[[[121.553,-8.87643],[121.55299,-8.87645],[121.553,-8.87645],[121.553,-8.87643]]]},"properties":{"date":"2019-12-02","year":2019,"res":0.5,"name":"Vivid"}},{"type":"Feature","geometry":{"type":"Polygon","coordinates":[[[121.55316,-8.876],[121.55331,-8.87577],[121.55329,-8.87535],[121.55316,-8.876]]]},"properties":{"date":"2019-12-02","year":2019,"res":0.5,"name":"Vivid"}},{"type":"Feature","geometry":{"type":"Polygon","coordinates":[[[121.55359,-8.87386],[121.5538,-8.87309],[121.55333,-8.8749],[121.55359,-8.87386]]]},"properties":{"date":"2019-12-02","year":2019,"res":0.5,"name":"Vivid"}},{"type":"Feature","geometry":{"type":"Polygon","coordinates":[[[121.55437,-8.87236],[121.55457,-8.87195],[121.55393,-8.87277],[121.55437,-8.87236]]]},"properties":{"date":"2019-12-02","year":2019,"res":0.5,"name":"Vivid"}},{"type":"Feature","geometry":{"type":"Polygon","coordinates":[[[121.55464,-8.87173],[121.55463,-8.87187],[121.55466,-8.87181],[121.55464,-8.87173]]]},"properties":{"date":"2019-12-02","year":2019,"res":0.5,"name":"Vivid"}},{"type":"Feature","geometry":{"type":"Polygon","coordinates":[[[121.55468,-8.87168],[121.55469,-8.87169],[121.55469,-8.87168],[121.55468,-8.87168]]]},"properties":{"date":"2019-12-02","year":2019,"res":0.5,"name":"Vivid"}},{"type":"Feature","geometry":{"type":"Polygon","coordinates":[[[121.55489,-8.87129],[121.55474,-8.87145],[121.55472,-8.87164],[121.55489,-8.87129]]]},"properties":{"date":"2019-12-02","year":2019,"res":0.5,"name":"Vivid"}},{"type":"Feature","geometry":{"type":"Polygon","coordinates":[[[121.55491,-8.87126],[121.55494,-8.87125],[121.55496,-8.8712],[121.55491,-8.87126]]]},"properties":{"date":"2019-12-02","year":2019,"res":0.5,"name":"Vivid"}},{"type":"Feature","geometry":{"type":"Polygon","coordinates":[[[121.55501,-8.87112],[121.55496,-8.87114],[121.55496,-8.8712],[121.55501,-8.87112]]]},"properties":{"date":"2019-12-02","year":2019,"res":0.5,"name":"Vivid"}},{"type":"Feature","geometry":{"type":"Polygon","coordinates":[[[121.55507,-8.87102],[121.55505,-8.87105],[121.55507,-8.87104],[121.55507,-8.87102]]]},"properties":{"date":"2019-12-02","year":2019,"res":0.5,"name":"Vivid"}},{"type":"Feature","geometry":{"type":"Polygon","coordinates":[[[121.5531,-8.8334],[121.55274,-8.83303],[121.55339,-8.83436],[121.55359,-8.8381],[121.5531,-8.8334]]]},"properties":{"date":"2019-12-02","year":2019,"res":0.5,"name":"Vivid"}},{"type":"Feature","geometry":{"type":"Polygon","coordinates":[[[121.55274,-8.83298],[121.55274,-8.833],[121.55274,-8.83298]]]},"properties":{"date":"2019-12-02","year":2019,"res":0.5,"name":"Vivid"}},{"type":"Feature","geometry":{"type":"Polygon","coordinates":[[[121.55523,-8.87069],[121.55517,-8.87087],[121.55534,-8.87042],[121.55523,-8.87069]]]},"properties":{"date":"2019-12-02","year":2019,"res":0.5,"name":"Vivid"}},{"type":"Feature","geometry":{"type":"Polygon","coordinates":[[[121.55534,-8.8704],[121.55534,-8.8704],[121.55534,-8.87039],[121.55534,-8.8704]]]},"properties":{"date":"2019-12-02","year":2019,"res":0.5,"name":"Vivid"}},{"type":"Feature","geometry":{"type":"Polygon","coordinates":[[[121.5554,-8.87031],[121.55535,-8.86997],[121.55534,-8.87039],[121.5554,-8.87031]]]},"properties":{"date":"2019-12-02","year":2019,"res":0.5,"name":"Vivid"}},{"type":"Feature","geometry":{"type":"Polygon","coordinates":[[[121.55534,-8.86985],[121.55533,-8.86985],[121.55534,-8.86987],[121.55534,-8.86985]]]},"properties":{"date":"2019-12-02","year":2019,"res":0.5,"name":"Vivid"}},{"type":"Feature","geometry":{"type":"Polygon","coordinates":[[[121.55533,-8.86974],[121.55516,-8.86924],[121.55533,-8.86984],[121.55533,-8.86974]]]},"properties":{"date":"2019-12-02","year":2019,"res":0.5,"name":"Vivid"}},{"type":"Feature","geometry":{"type":"Polygon","coordinates":[[[121.55519,-8.86891],[121.55516,-8.86917],[121.55525,-8.8688],[121.55519,-8.86891]]]},"properties":{"date":"2019-12-02","year":2019,"res":0.5,"name":"Vivid"}},{"type":"Feature","geometry":{"type":"Polygon","coordinates":[[[121.55542,-8.86831],[121.55527,-8.86776],[121.55525,-8.86878],[121.55542,-8.86831]]]},"properties":{"date":"2019-12-02","year":2019,"res":0.5,"name":"Vivid"}},{"type":"Feature","geometry":{"type":"Polygon","coordinates":[[[121.55545,-8.86677],[121.55548,-8.86674],[121.55545,-8.86663],[121.55545,-8.86677]]]},"properties":{"date":"2019-12-02","year":2019,"res":0.5,"name":"Vivid"}},{"type":"Feature","geometry":{"type":"Polygon","coordinates":[[[121.55544,-8.8663],[121.55545,-8.86642],[121.55547,-8.86627],[121.55544,-8.8663]]]},"properties":{"date":"2019-12-02","year":2019,"res":0.5,"name":"Vivid"}},{"type":"Feature","geometry":{"type":"Polygon","coordinates":[]},"properties":{"date":"2019-12-02","year":2019,"res":0.5,"name":"Vivid"}},{"type":"Feature","geometry":{"type":"Polygon","coordinates":[[[121.55547,-8.86616],[121.55547,-8.86627],[121.55548,-8.86625],[121.55547,-8.86616]]]},"properties":{"date":"2019-12-02","year":2019,"res":0.5,"name":"Vivid"}},{"type":"Feature","geometry":{"type":"Polygon","coordinates":[[[121.55549,-8.86609],[121.55548,-8.86603],[121.55547,-8.86611],[121.55549,-8.86609]]]},"properties":{"date":"2019-12-02","year":2019,"res":0.5,"name":"Vivid"}},{"type":"Feature","geometry":{"type":"Polygon","coordinates":[[[121.55552,-8.86594],[121.55551,-8.86602],[121.55553,-8.86585],[121.55552,-8.86594]]]},"properties":{"date":"2019-12-02","year":2019,"res":0.5,"name":"Vivid"}},{"type":"Feature","geometry":{"type":"Polygon","coordinates":[[[121.55553,-8.86585],[121.55552,-8.86585],[121.55553,-8.86585]]]},"properties":{"date":"2019-12-02","year":2019,"res":0.5,"name":"Vivid"}},{"type":"Feature","geometry":{"type":"Polygon","coordinates":[[[121.55562,-8.86538],[121.5556,-8.86525],[121.55556,-8.86546],[121.55562,-8.86538]]]},"properties":{"date":"2019-12-02","year":2019,"res":0.5,"name":"Vivid"}},{"type":"Feature","geometry":{"type":"Polygon","coordinates":[[[121.55561,-8.8651],[121.55562,-8.86513],[121.55562,-8.8651],[121.55561,-8.8651]]]},"properties":{"date":"2019-12-02","year":2019,"res":0.5,"name":"Vivid"}},{"type":"Feature","geometry":{"type":"Polygon","coordinates":[[[121.55569,-8.86471],[121.55578,-8.86462],[121.55578,-8.8644],[121.55569,-8.86471]]]},"properties":{"date":"2019-12-02","year":2019,"res":0.5,"name":"Vivid"}},{"type":"Feature","geometry":{"type":"Polygon","coordinates":[[[121.55575,-8.86352],[121.55574,-8.86347],[121.55573,-8.86351],[121.55575,-8.86352]]]},"properties":{"date":"2019-12-02","year":2019,"res":0.5,"name":"Vivid"}},{"type":"Feature","geometry":{"type":"Polygon","coordinates":[[[121.55574,-8.86343],[121.55574,-8.86344],[121.55575,-8.86344],[121.55574,-8.86343]]]},"properties":{"date":"2019-12-02","year":2019,"res":0.5,"name":"Vivid"}},{"type":"Feature","geometry":{"type":"Polygon","coordinates":[[[121.55579,-8.86438],[121.55578,-8.86437],[121.55578,-8.86439],[121.55579,-8.86438]]]},"properties":{"date":"2019-12-02","year":2019,"res":0.5,"name":"Vivid"}},{"type":"Feature","geometry":{"type":"Polygon","coordinates":[[[121.5558,-8.86402],[121.55581,-8.86387],[121.55578,-8.86384],[121.5558,-8.86402]]]},"properties":{"date":"2019-12-02","year":2019,"res":0.5,"name":"Vivid"}},{"type":"Feature","geometry":{"type":"Polygon","coordinates":[[[121.55577,-8.86382],[121.55576,-8.86381],[121.55576,-8.86383],[121.55577,-8.86382]]]},"properties":{"date":"2019-12-02","year":2019,"res":0.5,"name":"Vivid"}},{"type":"Feature","geometry":{"type":"Polygon","coordinates":[]},"properties":{"date":"2019-12-02","year":2019,"res":0.5,"name":"Vivid"}},{"type":"Feature","geometry":{"type":"Polygon","coordinates":[[[121.55578,-8.86373],[121.55576,-8.86358],[121.55576,-8.86381],[121.55578,-8.86373]]]},"properties":{"date":"2019-12-02","year":2019,"res":0.5,"name":"Vivid"}},{"type":"Feature","geometry":{"type":"Polygon","coordinates":[[[121.55576,-8.86358],[121.55575,-8.86354],[121.55575,-8.86358],[121.55576,-8.86358]]]},"properties":{"date":"2019-12-02","year":2019,"res":0.5,"name":"Vivid"}},{"type":"Feature","geometry":{"type":"Polygon","coordinates":[[[121.55584,-8.86264],[121.55584,-8.86224],[121.55575,-8.86341],[121.55584,-8.86264]]]},"properties":{"date":"2019-12-02","year":2019,"res":0.5,"name":"Vivid"}},{"type":"Feature","geometry":{"type":"Polygon","coordinates":[]},"properties":{"date":"2019-12-02","year":2019,"res":0.5,"name":"Vivid"}},{"type":"Feature","geometry":{"type":"Polygon","coordinates":[]},"properties":{"date":"2019-12-02","year":2019,"res":0.5,"name":"Vivid"}},{"type":"Feature","geometry":{"type":"Polygon","coordinates":[]},"properties":{"date":"2019-12-02","year":2019,"res":0.5,"name":"Vivid"}},{"type":"Feature","geometry":{"type":"Polygon","coordinates":[[[121.55586,-8.86219],[121.55586,-8.8622],[121.55586,-8.86219]]]},"properties":{"date":"2019-12-02","year":2019,"res":0.5,"name":"Vivid"}},{"type":"Feature","geometry":{"type":"Polygon","coordinates":[[[121.55587,-8.86213],[121.55595,-8.86202],[121.55595,-8.86183],[121.55587,-8.86213]]]},"properties":{"date":"2019-12-02","year":2019,"res":0.5,"name":"Vivid"}},{"type":"Feature","geometry":{"type":"Polygon","coordinates":[[[121.55597,-8.86174],[121.55598,-8.86175],[121.55598,-8.86173],[121.55597,-8.86174]]]},"properties":{"date":"2019-12-02","year":2019,"res":0.5,"name":"Vivid"}},{"type":"Feature","geometry":{"type":"Polygon","coordinates":[]},"properties":{"date":"2019-12-02","year":2019,"res":0.5,"name":"Vivid"}},{"type":"Feature","geometry":{"type":"Polygon","coordinates":[[[121.55604,-8.86156],[121.556,-8.86173],[121.5561,-8.86154],[121.55604,-8.86156]]]},"properties":{"date":"2019-12-02","year":2019,"res":0.5,"name":"Vivid"}},{"type":"Feature","geometry":{"type":"Polygon","coordinates":[[[121.64056,-8.78745],[121.64062,-8.78069],[121.63967,-8.78141],[121.63973,-8.78356],[121.6382,-8.78522],[121.6378,-8.78677],[121.64056,-8.78745]]]},"properties":{"date":"2019-12-13","year":2019,"res":0.5,"name":"Vivid"}},{"type":"Feature","geometry":{"type":"Polygon","coordinates":[[[121.6406,-8.77767],[121.64062,-8.77786],[121.64062,-8.77692],[121.6406,-8.77767]]]},"properties":{"date":"2019-12-13","year":2019,"res":0.5,"name":"Vivid"}},{"type":"Feature","geometry":{"type":"Polygon","coordinates":[[[121.64062,-8.77633],[121.64062,-8.77065],[121.64032,-8.77395],[121.64062,-8.77633]]]},"properties":{"date":"2019-12-13","year":2019,"res":0.5,"name":"Vivid"}},{"type":"Feature","geometry":{"type":"Polygon","coordinates":[[[121.64062,-8.76987],[121.64062,-8.76615],[121.63996,-8.7681],[121.64062,-8.76987]]]},"properties":{"date":"2019-12-13","year":2019,"res":0.5,"name":"Vivid"}},{"type":"Feature","geometry":{"type":"Polygon","coordinates":[[[121.64058,-8.76532],[121.64062,-8.76413],[121.64046,-8.76514],[121.64058,-8.76532]]]},"properties":{"date":"2019-12-13","year":2019,"res":0.5,"name":"Vivid"}},{"type":"Feature","geometry":{"type":"Polygon","coordinates":[[[121.64062,-8.76119],[121.64062,-8.76147],[121.64062,-8.7607],[121.64062,-8.76119]]]},"properties":{"date":"2019-12-13","year":2019,"res":0.5,"name":"Vivid"}},{"type":"Feature","geometry":{"type":"Polygon","coordinates":[[[121.6406,-8.75811],[121.64062,-8.7565],[121.64047,-8.75729],[121.6406,-8.75811]]]},"properties":{"date":"2019-12-13","year":2019,"res":0.5,"name":"Vivid"}},{"type":"Feature","geometry":{"type":"Polygon","coordinates":[[[121.64059,-8.75638],[121.64062,-8.7564],[121.64062,-8.75606],[121.64059,-8.75638]]]},"properties":{"date":"2019-12-13","year":2019,"res":0.5,"name":"Vivid"}},{"type":"Feature","geometry":{"type":"Polygon","coordinates":[[[121.6406,-8.73072],[121.64062,-8.70482],[121.63908,-8.70813],[121.63868,-8.71328],[121.6362,-8.71543],[121.63592,-8.7171],[121.63878,-8.72204],[121.63791,-8.72577],[121.63816,-8.72943],[121.63943,-8.73077],[121.6406,-8.73072]]]},"properties":{"date":"2019-12-13","year":2019,"res":0.5,"name":"Vivid"}},{"type":"Feature","geometry":{"type":"Polygon","coordinates":[[[121.64059,-8.70323],[121.64062,-8.70164],[121.64036,-8.70273],[121.64059,-8.70323]]]},"properties":{"date":"2019-12-13","year":2019,"res":0.5,"name":"Vivid"}},{"type":"Feature","geometry":{"type":"Polygon","coordinates":[[[121.6406,-8.859],[121.64062,-8.83314],[121.63921,-8.83435],[121.63815,-8.8372],[121.63827,-8.84692],[121.63915,-8.85027],[121.6391,-8.85298],[121.63788,-8.8582],[121.63635,-8.86168],[121.63794,-8.86723],[121.64019,-8.86654],[121.6406,-8.859]]]},"properties":{"date":"2020-06-08","year":2020,"res":0.31,"name":"Vivid"}},{"type":"Feature","geometry":{"type":"Polygon","coordinates":[[[121.64056,-8.83213],[121.64062,-8.81476],[121.639,-8.81713],[121.63844,-8.82201],[121.63918,-8.82816],[121.64056,-8.83213]]]},"properties":{"date":"2020-06-08","year":2020,"res":0.31,"name":"Vivid"}},{"type":"Feature","geometry":{"type":"Polygon","coordinates":[[[121.64059,-8.81227],[121.64062,-8.79726],[121.63904,-8.80005],[121.63891,-8.80172],[121.63969,-8.80347],[121.64059,-8.81227]]]},"properties":{"date":"2020-06-08","year":2020,"res":0.31,"name":"Vivid"}},{"type":"Feature","geometry":{"type":"Polygon","coordinates":[[[121.64056,-8.79693],[121.64062,-8.797],[121.64062,-8.79683],[121.64056,-8.79693]]]},"properties":{"date":"2020-06-08","year":2020,"res":0.31,"name":"Vivid"}},{"type":"Feature","geometry":{"type":"Polygon","coordinates":[[[121.64059,-8.794],[121.64062,-8.79365],[121.64055,-8.79385],[121.64059,-8.794]]]},"properties":{"date":"2020-06-08","year":2020,"res":0.31,"name":"Vivid"}},{"type":"Feature","geometry":{"type":"Polygon","coordinates":[[[121.55274,-8.70115],[121.55274,-8.70116],[121.55274,-8.70115]]]},"properties":{"date":"2021-08-04","year":2021,"res":0.5,"name":"Vivid"}},{"type":"Feature","geometry":{"type":"Polygon","coordinates":[[[121.63717,-8.70152],[121.62686,-8.70148],[121.62495,-8.70284],[121.62259,-8.70288],[121.62073,-8.7038],[121.60992,-8.70162],[121.59861,-8.70129],[121.60651,-8.70215],[121.61491,-8.7041],[121.61647,-8.70384],[121.62286,-8.70568],[121.62397,-8.70651],[121.62665,-8.70684],[121.6311,-8.70506],[121.63391,-8.70289],[121.63717,-8.70152]]]},"properties":{"date":"2021-08-04","year":2021,"res":0.5,"name":"Vivid"}},{"type":"Feature","geometry":{"type":"Polygon","coordinates":[[[121.63756,-8.7014],[121.63744,-8.7014],[121.63744,-8.70142],[121.63756,-8.7014]]]},"properties":{"date":"2021-08-04","year":2021,"res":0.5,"name":"Vivid"}},{"type":"Feature","geometry":{"type":"Polygon","coordinates":[[[121.63788,-8.70129],[121.63774,-8.70129],[121.63792,-8.70127],[121.63788,-8.70129]]]},"properties":{"date":"2021-08-04","year":2021,"res":0.5,"name":"Vivid"}},{"type":"Feature","geometry":{"type":"Polygon","coordinates":[[[121.55343,-8.70126],[121.55342,-8.70126],[121.55343,-8.70126]]]},"properties":{"date":"2021-08-04","year":2021,"res":0.5,"name":"Vivid"}},{"type":"Feature","geometry":{"type":"Polygon","coordinates":[[[121.55305,-8.70127],[121.55342,-8.70126],[121.55277,-8.70118],[121.55305,-8.70127]]]},"properties":{"date":"2021-08-04","year":2021,"res":0.5,"name":"Vivid"}},{"type":"Feature","geometry":{"type":"Polygon","coordinates":[[[121.59669,-8.70117],[121.5967,-8.70117],[121.59669,-8.70117]]]},"properties":{"date":"2021-08-04","year":2021,"res":0.5,"name":"Vivid"}},{"type":"Feature","geometry":{"type":"Polygon","coordinates":[[[121.01898,-8.47485],[121.02024,-8.47575],[121.02429,-8.47547],[121.02539,-8.47488],[121.0331,-8.47736],[121.03521,-8.47895],[121.03929,-8.47943],[121.04052,-8.48095],[121.04861,-8.48142],[121.04752,-8.48247],[121.0474,-8.48317],[121.04797,-8.4832],[121.05145,-8.48231],[121.05609,-8.4831],[121.06233,-8.48314],[121.06933,-8.48144],[121.07674,-8.48298],[121.0836,-8.4818],[121.0869,-8.48206],[121.08902,-8.48072],[121.09357,-8.48009],[121.10781,-8.48139],[121.11229,-8.48043],[121.11447,-8.47844],[121.11512,-8.47602],[121.11443,-8.47136],[121.11612,-8.4688],[121.11715,-8.46519],[121.11672,-8.46274],[121.11759,-8.45831],[121.11718,-8.45559],[121.11535,-8.45437],[121.11398,-8.45149],[121.11468,-8.44616],[121.11397,-8.44405],[121.11447,-8.44184],[121.11353,-8.43766],[121.10832,-8.43768],[121.10492,-8.4384],[121.09925,-8.43755],[121.09811,-8.43912],[121.0951,-8.43929],[121.0914,-8.43829],[121.08431,-8.43758],[121.07939,-8.43856],[121.07424,-8.43754],[121.06197,-8.43755],[121.0588,-8.43874],[121.05583,-8.43884],[121.05296,-8.44029],[121.05054,-8.43983],[121.04526,-8.44034],[121.04022,-8.438],[121.03775,-8.43789],[121.03516,-8.43867],[121.03226,-8.43822],[121.02977,-8.43919],[121.02536,-8.4375],[121.02257,-8.44017],[121.02084,-8.44086],[121.01733,-8.44063],[121.01713,-8.44117],[121.01841,-8.44263],[121.01939,-8.44866],[121.01861,-8.45411],[121.01985,-8.46088],[121.01867,-8.46814],[121.01898,-8.47485]]]},"properties":{"date":"2021-08-31","year":2021,"res":0.5,"name":"Vivid"}},{"type":"Feature","geometry":{"type":"Polygon","coordinates":[[[121.04704,-8.48334],[121.04692,-8.48335],[121.04689,-8.48341],[121.04704,-8.48334]]]},"properties":{"date":"2021-08-31","year":2021,"res":0.5,"name":"Vivid"}},{"type":"Feature","geometry":{"type":"Polygon","coordinates":[[[121.04706,-8.48333],[121.04704,-8.48333],[121.04706,-8.48333],[121.04706,-8.48333]]]},"properties":{"date":"2021-08-31","year":2021,"res":0.5,"name":"Vivid"}},{"type":"Feature","geometry":{"type":"Polygon","coordinates":[[[121.04706,-8.48333],[121.04707,-8.48333],[121.04707,-8.48332],[121.04706,-8.48333]]]},"properties":{"date":"2021-08-31","year":2021,"res":0.5,"name":"Vivid"}},{"type":"Feature","geometry":{"type":"Polygon","coordinates":[[[121.04737,-8.48318],[121.04736,-8.48318],[121.04737,-8.48318]]]},"properties":{"date":"2021-08-31","year":2021,"res":0.5,"name":"Vivid"}},{"type":"Feature","geometry":{"type":"Polygon","coordinates":[[[121.33975,-8.6022],[121.33976,-8.6022],[121.33976,-8.6022],[121.33975,-8.6022]]]},"properties":{"date":"2021-10-09","year":2021,"res":0.46,"name":"Vivid"}},{"type":"Feature","geometry":{"type":"Polygon","coordinates":[[[121.33975,-8.60219],[121.33975,-8.60218],[121.33975,-8.60219]]]},"properties":{"date":"2021-10-09","year":2021,"res":0.46,"name":"Vivid"}},{"type":"Feature","geometry":{"type":"Polygon","coordinates":[[[121.33671,-8.59566],[121.33605,-8.59805],[121.33644,-8.60004],[121.33966,-8.60197],[121.33754,-8.59906],[121.33671,-8.59566]]]},"properties":{"date":"2021-10-09","year":2021,"res":0.46,"name":"Vivid"}},{"type":"Feature","geometry":{"type":"Polygon","coordinates":[[[121.33656,-8.59525],[121.33658,-8.59533],[121.33658,-8.59517],[121.33656,-8.59525]]]},"properties":{"date":"2021-10-09","year":2021,"res":0.46,"name":"Vivid"}},{"type":"Feature","geometry":{"type":"Polygon","coordinates":[[[121.33658,-8.59517],[121.33659,-8.59517],[121.33658,-8.59516],[121.33658,-8.59517]]]},"properties":{"date":"2021-10-09","year":2021,"res":0.46,"name":"Vivid"}},{"type":"Feature","geometry":{"type":"Polygon","coordinates":[[[121.34227,-8.60471],[121.34187,-8.60456],[121.34162,-8.60634],[121.34349,-8.60975],[121.34398,-8.61328],[121.34234,-8.61442],[121.34153,-8.61602],[121.34431,-8.61809],[121.34737,-8.61932],[121.34963,-8.61328],[121.34734,-8.61049],[121.34616,-8.60745],[121.34373,-8.60516],[121.34227,-8.60471]]]},"properties":{"date":"2021-10-09","year":2021,"res":0.46,"name":"Vivid"}},{"type":"Feature","geometry":{"type":"Polygon","coordinates":[[[121.34187,-8.60456],[121.34186,-8.60456],[121.34187,-8.60456]]]},"properties":{"date":"2021-10-09","year":2021,"res":0.46,"name":"Vivid"}},{"type":"Feature","geometry":{"type":"Polygon","coordinates":[]},"properties":{"date":"2021-10-09","year":2021,"res":0.46,"name":"Vivid"}},{"type":"Feature","geometry":{"type":"Polygon","coordinates":[[[121.34185,-8.60456],[121.34186,-8.60456],[121.34185,-8.60456]]]},"properties":{"date":"2021-10-09","year":2021,"res":0.46,"name":"Vivid"}},{"type":"Feature","geometry":{"type":"Polygon","coordinates":[[[121.34002,-8.6024],[121.33983,-8.60228],[121.34048,-8.60326],[121.34002,-8.6024]]]},"properties":{"date":"2021-10-09","year":2021,"res":0.46,"name":"Vivid"}},{"type":"Feature","geometry":{"type":"Polygon","coordinates":[[[121.3398,-8.60226],[121.33981,-8.60228],[121.33983,-8.60228],[121.3398,-8.60226]]]},"properties":{"date":"2021-10-09","year":2021,"res":0.46,"name":"Vivid"}},{"type":"Feature","geometry":{"type":"Polygon","coordinates":[[[121.3398,-8.60225],[121.3398,-8.60226],[121.3398,-8.60225]]]},"properties":{"date":"2021-10-09","year":2021,"res":0.46,"name":"Vivid"}},{"type":"Feature","geometry":{"type":"Polygon","coordinates":[[[121.33978,-8.60223],[121.33978,-8.60224],[121.33978,-8.60222],[121.33978,-8.60223]]]},"properties":{"date":"2021-10-09","year":2021,"res":0.46,"name":"Vivid"}},{"type":"Feature","geometry":{"type":"Polygon","coordinates":[[[121.33978,-8.60222],[121.33978,-8.6022],[121.33976,-8.6022],[121.33978,-8.60222]]]},"properties":{"date":"2021-10-09","year":2021,"res":0.46,"name":"Vivid"}},{"type":"Feature","geometry":{"type":"Polygon","coordinates":[[[121.11332,-8.47943],[121.11328,-8.47983],[121.11342,-8.47943],[121.11332,-8.47943]]]},"properties":{"date":"2021-10-16","year":2021,"res":0.5,"name":"Vivid"}},{"type":"Feature","geometry":{"type":"Polygon","coordinates":[[[121.55272,-8.82985],[121.55359,-8.8381],[121.55468,-8.83966],[121.55643,-8.84493],[121.55695,-8.85313],[121.55545,-8.87013],[121.5538,-8.87309],[121.55279,-8.87692],[121.56149,-8.87645],[121.56622,-8.87695],[121.56503,-8.90395],[121.56609,-8.92255],[121.56971,-8.92312],[121.57043,-8.9209],[121.56973,-8.91724],[121.57015,-8.91156],[121.56844,-8.90047],[121.56769,-8.88956],[121.56831,-8.88755],[121.56822,-8.88216],[121.57045,-8.87695],[121.56909,-8.87262],[121.56695,-8.86869],[121.56491,-8.8572],[121.5649,-8.84949],[121.56624,-8.83924],[121.57048,-8.83301],[121.565,-8.82873],[121.56125,-8.81278],[121.56137,-8.80023],[121.56509,-8.79926],[121.56749,-8.79742],[121.56774,-8.79427],[121.56885,-8.79333],[121.57015,-8.78906],[121.56848,-8.78724],[121.56404,-8.78667],[121.55986,-8.78758],[121.55648,-8.78722],[121.55219,-8.78981],[121.55246,-8.7957],[121.55166,-8.7969],[121.55154,-8.79961],[121.55248,-8.80439],[121.55251,-8.81238],[121.55326,-8.81621],[121.55272,-8.82985]]]},"properties":{"date":"2021-11-01","year":2021,"res":0.5,"name":"Vivid"}},{"type":"Feature","geometry":{"type":"Polygon","coordinates":[[[121.56979,-8.96105],[121.56612,-8.96207],[121.56632,-8.96484],[121.5704,-8.96484],[121.56979,-8.96105]]]},"properties":{"date":"2021-11-01","year":2021,"res":0.5,"name":"Vivid"}},{"type":"Feature","geometry":{"type":"Polygon","coordinates":[[[121.55274,-8.87693],[121.55273,-8.87695],[121.55278,-8.87693],[121.55274,-8.87693]]]},"properties":{"date":"2021-11-01","year":2021,"res":0.5,"name":"Vivid"}},{"type":"Feature","geometry":{"type":"Polygon","coordinates":[[[121.06165,-8.43768],[121.05619,-8.43825],[121.04713,-8.43752],[121.03972,-8.43802],[121.04427,-8.44023],[121.05065,-8.43983],[121.05296,-8.44029],[121.05583,-8.43884],[121.05771,-8.43896],[121.06165,-8.43768]]]},"properties":{"date":"2021-11-22","year":2021,"res":0.46,"name":"Vivid"}},{"type":"Feature","geometry":{"type":"Polygon","coordinates":[[[121.03799,-8.43797],[121.03855,-8.43798],[121.03072,-8.43843],[121.03516,-8.43867],[121.03799,-8.43797]]]},"properties":{"date":"2021-11-22","year":2021,"res":0.46,"name":"Vivid"}},{"type":"Feature","geometry":{"type":"Polygon","coordinates":[[[121.03946,-8.43802],[121.03965,-8.43801],[121.03865,-8.43798],[121.03946,-8.43802]]]},"properties":{"date":"2021-11-22","year":2021,"res":0.46,"name":"Vivid"}},{"type":"Feature","geometry":{"type":"Polygon","coordinates":[[[121.0667,-8.43765],[121.06669,-8.43765],[121.0667,-8.43765]]]},"properties":{"date":"2021-11-22","year":2021,"res":0.46,"name":"Vivid"}},{"type":"Feature","geometry":{"type":"Polygon","coordinates":[[[121.06662,-8.43764],[121.06663,-8.43764],[121.06662,-8.43764]]]},"properties":{"date":"2021-11-22","year":2021,"res":0.46,"name":"Vivid"}},{"type":"Feature","geometry":{"type":"Polygon","coordinates":[[[121.0657,-8.4376],[121.06615,-8.4376],[121.0655,-8.43761],[121.0657,-8.4376]]]},"properties":{"date":"2021-11-22","year":2021,"res":0.46,"name":"Vivid"}},{"type":"Feature","geometry":{"type":"Polygon","coordinates":[[[121.06431,-8.43756],[121.06447,-8.43764],[121.06477,-8.43758],[121.06431,-8.43756]]]},"properties":{"date":"2021-11-22","year":2021,"res":0.46,"name":"Vivid"}},{"type":"Feature","geometry":{"type":"Polygon","coordinates":[[[121.06506,-8.43755],[121.065,-8.43757],[121.06508,-8.43756],[121.06506,-8.43755]]]},"properties":{"date":"2021-11-22","year":2021,"res":0.46,"name":"Vivid"}},{"type":"Feature","geometry":{"type":"Polygon","coordinates":[[[121.06674,-8.43765],[121.0667,-8.43765],[121.0667,-8.43766],[121.06674,-8.43765]]]},"properties":{"date":"2021-11-22","year":2021,"res":0.46,"name":"Vivid"}},{"type":"Feature","geometry":{"type":"Polygon","coordinates":[[[121.06679,-8.43761],[121.0668,-8.43766],[121.06701,-8.4376],[121.06679,-8.43761]]]},"properties":{"date":"2021-11-22","year":2021,"res":0.46,"name":"Vivid"}},{"type":"Feature","geometry":{"type":"Polygon","coordinates":[[[121.06777,-8.43757],[121.06769,-8.43754],[121.06772,-8.43757],[121.06777,-8.43757]]]},"properties":{"date":"2021-11-22","year":2021,"res":0.46,"name":"Vivid"}},{"type":"Feature","geometry":{"type":"Polygon","coordinates":[[[121.06769,-8.43753],[121.06768,-8.43753],[121.06768,-8.43754],[121.06769,-8.43753]]]},"properties":{"date":"2021-11-22","year":2021,"res":0.46,"name":"Vivid"}},{"type":"Feature","geometry":{"type":"Polygon","coordinates":[[[121.06924,-8.43752],[121.06923,-8.43754],[121.0693,-8.43751],[121.06924,-8.43752]]]},"properties":{"date":"2021-11-22","year":2021,"res":0.46,"name":"Vivid"}},{"type":"Feature","geometry":{"type":"Polygon","coordinates":[[[121.06768,-8.43753],[121.06767,-8.4375],[121.06756,-8.43752],[121.06768,-8.43753]]]},"properties":{"date":"2021-11-22","year":2021,"res":0.46,"name":"Vivid"}},{"type":"Feature","geometry":{"type":"Polygon","coordinates":[[[121.06931,-8.4375],[121.06933,-8.4375],[121.06931,-8.4375]]]},"properties":{"date":"2021-11-22","year":2021,"res":0.46,"name":"Vivid"}},{"type":"Feature","geometry":{"type":"Polygon","coordinates":[]},"properties":{"date":"2021-11-22","year":2021,"res":0.46,"name":"Vivid"}},{"type":"Feature","geometry":{"type":"Polygon","coordinates":[[[121.56643,-8.92252],[121.56612,-8.96207],[121.57001,-8.96077],[121.5704,-8.95791],[121.57044,-8.94973],[121.56965,-8.94562],[121.57003,-8.92368],[121.56921,-8.9228],[121.56643,-8.92252]]]},"properties":{"date":"2023-08-18","year":2023,"res":0.46,"name":"Vivid"}},{"type":"Feature","geometry":{"type":"Polygon","coordinates":[[[121.31245,-8.43774],[121.30495,-8.43921],[121.29365,-8.43899],[121.29329,-8.43802],[121.28985,-8.43784],[121.28821,-8.43632],[121.28488,-8.43598],[121.28448,-8.43451],[121.28345,-8.43445],[121.2829,-8.43366],[121.28252,-8.43187],[121.27769,-8.43101],[121.27688,-8.42942],[121.27589,-8.42909],[121.27258,-8.42882],[121.26391,-8.4301],[121.26167,-8.43147],[121.25806,-8.43229],[121.25623,-8.43473],[121.2536,-8.43582],[121.23586,-8.43877],[121.22907,-8.43857],[121.228,-8.44974],[121.22599,-8.45177],[121.22559,-8.46004],[121.22484,-8.46241],[121.22564,-8.46643],[121.22693,-8.46732],[121.22868,-8.47017],[121.22852,-8.47613],[121.22967,-8.47922],[121.23006,-8.48396],[121.23105,-8.48441],[121.23459,-8.48407],[121.23733,-8.48504],[121.24179,-8.48456],[121.24247,-8.47969],[121.24509,-8.47547],[121.24512,-8.47242],[121.24706,-8.4758],[121.24865,-8.47615],[121.24956,-8.47741],[121.25178,-8.47837],[121.2555,-8.47802],[121.25992,-8.47658],[121.2634,-8.47645],[121.26647,-8.47756],[121.26728,-8.47893],[121.27046,-8.47877],[121.27202,-8.47945],[121.2736,-8.48137],[121.2765,-8.48141],[121.27902,-8.47921],[121.28122,-8.47867],[121.28271,-8.4793],[121.28429,-8.47842],[121.28592,-8.47881],[121.28907,-8.4759],[121.29681,-8.47788],[121.29972,-8.47778],[121.30212,-8.47943],[121.31226,-8.48142],[121.31018,-8.48118],[121.30843,-8.47601],[121.31019,-8.4744],[121.30998,-8.45782],[121.31245,-8.43774]]]},"properties":{"date":"2023-09-15","year":2023,"res":0.5,"name":"Vivid"}},{"type":"Feature","geometry":{"type":"Polygon","coordinates":[[[121.37679,-8.70094],[121.37865,-8.70592],[121.37884,-8.70762],[121.3783,-8.70874],[121.37973,-8.70982],[121.38015,-8.71262],[121.37814,-8.72066],[121.37773,-8.72652],[121.37836,-8.72902],[121.37737,-8.73201],[121.37759,-8.736],[121.37713,-8.73659],[121.37755,-8.73876],[121.37696,-8.74514],[121.37787,-8.7463],[121.37831,-8.74934],[121.37797,-8.75546],[121.37696,-8.75767],[121.3781,-8.76282],[121.37734,-8.77173],[121.378,-8.78495],[121.37696,-8.78906],[121.37919,-8.78911],[121.38044,-8.79043],[121.38775,-8.7891],[121.39218,-8.78909],[121.40745,-8.79113],[121.40544,-8.78906],[121.40387,-8.78906],[121.40463,-8.76709],[121.40516,-8.76628],[121.4042,-8.75748],[121.40487,-8.7524],[121.40426,-8.74172],[121.40448,-8.73495],[121.40542,-8.72989],[121.40483,-8.72724],[121.40524,-8.72337],[121.40468,-8.71637],[121.40544,-8.70972],[121.40439,-8.70584],[121.40435,-8.70117],[121.40725,-8.70117],[121.40532,-8.69974],[121.40425,-8.69682],[121.40298,-8.69102],[121.40188,-8.67897],[121.40212,-8.67412],[121.40392,-8.67043],[121.40472,-8.66402],[121.40415,-8.66049],[121.40504,-8.65325],[121.40419,-8.6503],[121.40393,-8.64472],[121.4044,-8.64215],[121.40384,-8.64009],[121.40609,-8.62969],[121.406,-8.62564],[121.40492,-8.62167],[121.40568,-8.6202],[121.405,-8.61817],[121.40594,-8.61725],[121.40628,-8.61466],[121.40717,-8.61328],[121.40312,-8.61328],[121.40049,-8.61506],[121.39946,-8.61426],[121.39859,-8.61466],[121.39739,-8.61402],[121.38816,-8.61434],[121.38657,-8.61359],[121.38148,-8.61401],[121.38004,-8.61332],[121.37808,-8.61382],[121.37695,-8.61328],[121.37511,-8.61428],[121.37321,-8.61438],[121.37182,-8.61616],[121.36928,-8.61729],[121.36245,-8.61792],[121.35887,-8.61944],[121.35655,-8.61951],[121.35503,-8.62059],[121.35102,-8.62095],[121.34811,-8.62018],[121.3471,-8.61894],[121.34512,-8.61852],[121.34153,-8.61602],[121.34121,-8.61682],[121.33916,-8.6265],[121.3433,-8.64344],[121.34331,-8.646],[121.34441,-8.64835],[121.34446,-8.65166],[121.34322,-8.65348],[121.34298,-8.65512],[121.34452,-8.65723],[121.3442,-8.66171],[121.34307,-8.66388],[121.34254,-8.6639],[121.33915,-8.67287],[121.34002,-8.67677],[121.33979,-8.68383],[121.3418,-8.69046],[121.3409,-8.69451],[121.34224,-8.69741],[121.34191,-8.7001],[121.34496,-8.70117],[121.3471,-8.69954],[121.35104,-8.70088],[121.35627,-8.6999],[121.3582,-8.70016],[121.36941,-8.69585],[121.37146,-8.69635],[121.37679,-8.70094]]]},"properties":{"date":"2023-09-20","year":2023,"res":0.5,"name":"Vivid"}},{"type":"Feature","geometry":{"type":"Polygon","coordinates":[[[121.40747,-8.79113],[121.40757,-8.79119],[121.40755,-8.79115],[121.40747,-8.79113]]]},"properties":{"date":"2023-09-20","year":2023,"res":0.5,"name":"Vivid"}},{"type":"Feature","geometry":{"type":"Polygon","coordinates":[[[121.64059,-8.87688],[121.64062,-8.85892],[121.63995,-8.86577],[121.64052,-8.87013],[121.63994,-8.87447],[121.64059,-8.87688]]]},"properties":{"date":"2024-12-18","year":2024,"res":0.31,"name":"Vivid"}},{"type":"Feature","geometry":{"type":"Polygon","coordinates":[[[121.03631,-8.43721],[121.03438,-8.43812],[121.04713,-8.43752],[121.05619,-8.43825],[121.06004,-8.43812],[121.06132,-8.43752],[121.06933,-8.4375],[121.06782,-8.43558],[121.06598,-8.43453],[121.06101,-8.4329],[121.05744,-8.43408],[121.05432,-8.43291],[121.05131,-8.43268],[121.04905,-8.43326],[121.043,-8.43253],[121.04143,-8.43295],[121.04065,-8.43518],[121.03963,-8.43601],[121.03802,-8.43606],[121.03631,-8.43721]]]},"properties":{"date":"2024-12-25","year":2024,"res":0.31,"name":"Vivid"}},{"type":"Feature","geometry":{"type":"Polygon","coordinates":[[[121.06945,-8.43705],[121.06979,-8.43769],[121.07424,-8.43754],[121.07799,-8.43854],[121.08304,-8.43764],[121.087,-8.43781],[121.0951,-8.43929],[121.09811,-8.43912],[121.09925,-8.43755],[121.10492,-8.4384],[121.11348,-8.43754],[121.11447,-8.44184],[121.11408,-8.44484],[121.11468,-8.44616],[121.11398,-8.45149],[121.11535,-8.45437],[121.11718,-8.45559],[121.11759,-8.45831],[121.11672,-8.46274],[121.11715,-8.46519],[121.11612,-8.4688],[121.11443,-8.47136],[121.11512,-8.47602],[121.11335,-8.48027],[121.11476,-8.48077],[121.12514,-8.48082],[121.12393,-8.47937],[121.1233,-8.47676],[121.12387,-8.47315],[121.12304,-8.47044],[121.12213,-8.4695],[121.12283,-8.46804],[121.12181,-8.46261],[121.12202,-8.45643],[121.12122,-8.45352],[121.12236,-8.45061],[121.12098,-8.44732],[121.12186,-8.44251],[121.12326,-8.4413],[121.12351,-8.43944],[121.12507,-8.4375],[121.12295,-8.43363],[121.12298,-8.43183],[121.12112,-8.43048],[121.12129,-8.42789],[121.11917,-8.42366],[121.12011,-8.41408],[121.12314,-8.40717],[121.08975,-8.40717],[121.09051,-8.41145],[121.09208,-8.41269],[121.09241,-8.41584],[121.09375,-8.41716],[121.09391,-8.41839],[121.09669,-8.42057],[121.09799,-8.42264],[121.09608,-8.43186],[121.09642,-8.43506],[121.09789,-8.4375],[121.09672,-8.43641],[121.09498,-8.43637],[121.09287,-8.43528],[121.09165,-8.43367],[121.09136,-8.43086],[121.09047,-8.42998],[121.08464,-8.4288],[121.08136,-8.42647],[121.0747,-8.42573],[121.07268,-8.42628],[121.06984,-8.4293],[121.06945,-8.43705]]]},"properties":{"date":"2024-12-25","year":2024,"res":0.31,"name":"Vivid"}},{"type":"Feature","geometry":{"type":"Polygon","coordinates":[[[121.0342,-8.43813],[121.03436,-8.43811],[121.03367,-8.43813],[121.0342,-8.43813]]]},"properties":{"date":"2024-12-25","year":2024,"res":0.31,"name":"Vivid"}},{"type":"Feature","geometry":{"type":"Polygon","coordinates":[[[121.23003,-8.48153],[121.22852,-8.47613],[121.22868,-8.47017],[121.22693,-8.46732],[121.22564,-8.46643],[121.22484,-8.46241],[121.22559,-8.46004],[121.22563,-8.45346],[121.22634,-8.4512],[121.228,-8.44974],[121.22829,-8.44366],[121.22913,-8.44199],[121.22869,-8.43934],[121.22998,-8.4375],[121.22426,-8.43576],[121.22248,-8.43601],[121.21946,-8.43479],[121.21723,-8.43506],[121.21615,-8.43453],[121.21661,-8.43078],[121.21603,-8.42932],[121.21909,-8.42271],[121.21742,-8.42089],[121.21841,-8.41873],[121.21754,-8.41688],[121.21861,-8.41436],[121.21732,-8.41029],[121.21803,-8.40717],[121.12297,-8.40736],[121.12011,-8.41408],[121.11917,-8.42366],[121.12129,-8.42789],[121.12112,-8.43048],[121.12298,-8.43183],[121.12295,-8.43363],[121.12507,-8.4375],[121.12351,-8.43944],[121.12326,-8.4413],[121.12186,-8.44251],[121.12098,-8.44732],[121.12236,-8.45061],[121.12122,-8.45352],[121.12202,-8.45643],[121.12181,-8.46261],[121.12283,-8.46804],[121.12213,-8.4695],[121.12304,-8.47044],[121.12387,-8.47315],[121.1233,-8.47676],[121.12393,-8.47937],[121.12517,-8.48086],[121.13401,-8.48144],[121.13546,-8.48224],[121.13818,-8.48248],[121.14054,-8.48431],[121.14371,-8.48481],[121.14603,-8.48441],[121.14877,-8.48493],[121.15079,-8.4842],[121.15362,-8.4842],[121.15658,-8.48346],[121.15723,-8.48252],[121.15787,-8.48437],[121.15912,-8.48477],[121.16,-8.486],[121.16609,-8.48687],[121.16739,-8.48648],[121.17268,-8.48696],[121.17961,-8.48484],[121.1806,-8.48377],[121.18122,-8.48518],[121.1832,-8.48585],[121.18744,-8.4858],[121.19344,-8.48685],[121.20117,-8.48385],[121.20746,-8.48452],[121.21216,-8.48402],[121.21551,-8.48494],[121.21901,-8.48441],[121.22225,-8.48588],[121.22322,-8.48533],[121.22689,-8.48585],[121.22838,-8.48553],[121.22872,-8.48442],[121.23006,-8.48412],[121.23003,-8.48153]]]},"properties":{"date":"2024-12-25","year":2024,"res":0.31,"name":"Vivid"}},{"type":"Feature","geometry":{"type":"Polygon","coordinates":[[[121.31146,-8.43758],[121.31249,-8.43652],[121.31274,-8.4372],[121.31631,-8.43677],[121.31696,-8.4375],[121.31831,-8.43628],[121.32032,-8.43622],[121.32166,-8.43708],[121.32665,-8.43575],[121.32743,-8.43638],[121.33063,-8.43694],[121.33222,-8.43651],[121.33296,-8.4375],[121.33511,-8.4375],[121.33386,-8.43638],[121.33425,-8.43473],[121.33359,-8.43343],[121.33357,-8.42883],[121.33304,-8.42775],[121.33362,-8.42548],[121.33311,-8.424],[121.33372,-8.42229],[121.33394,-8.41498],[121.33507,-8.4133],[121.3332,-8.41065],[121.3336,-8.40717],[121.21803,-8.40717],[121.21732,-8.41029],[121.21861,-8.41436],[121.21754,-8.41688],[121.21841,-8.41873],[121.21742,-8.42089],[121.21909,-8.42271],[121.21603,-8.42932],[121.21661,-8.43078],[121.21615,-8.43453],[121.21723,-8.43506],[121.21946,-8.43479],[121.22248,-8.43601],[121.22426,-8.43576],[121.22998,-8.4375],[121.22907,-8.43857],[121.23586,-8.43877],[121.2536,-8.43582],[121.25623,-8.43473],[121.25806,-8.43229],[121.26167,-8.43147],[121.26391,-8.4301],[121.27258,-8.42882],[121.27589,-8.42909],[121.27688,-8.42942],[121.27769,-8.43101],[121.28252,-8.43187],[121.2829,-8.43366],[121.28345,-8.43445],[121.28448,-8.43451],[121.28488,-8.43598],[121.28821,-8.43632],[121.28903,-8.4375],[121.29306,-8.43771],[121.29365,-8.43899],[121.30495,-8.43921],[121.30683,-8.43845],[121.31016,-8.43834],[121.31146,-8.43758]]]},"properties":{"date":"2024-12-25","year":2024,"res":0.31,"name":"Vivid"}},{"type":"Feature","geometry":{"type":"Polygon","coordinates":[[[121.57472,-8.96479],[121.64062,-8.96484],[121.64019,-8.86654],[121.63601,-8.86762],[121.62112,-8.86742],[121.61602,-8.86716],[121.60576,-8.86513],[121.59668,-8.86475],[121.59496,-8.8659],[121.59276,-8.87181],[121.58938,-8.87474],[121.58534,-8.87594],[121.57458,-8.87695],[121.57506,-8.9006],[121.57472,-8.96479]]]},"properties":{"date":"2025-01-06","year":2025,"res":0.31,"name":"Vivid"}},{"type":"Feature","geometry":{"type":"Polygon","coordinates":[[[121.02528,-8.43742],[121.02642,-8.43817],[121.0346,-8.43813],[121.03802,-8.43606],[121.03963,-8.43601],[121.04065,-8.43518],[121.04143,-8.43295],[121.043,-8.43253],[121.04905,-8.43326],[121.05131,-8.43268],[121.05432,-8.43291],[121.05744,-8.43408],[121.06101,-8.4329],[121.06598,-8.43453],[121.06782,-8.43558],[121.06935,-8.4375],[121.06984,-8.4293],[121.07268,-8.42628],[121.0747,-8.42573],[121.08136,-8.42647],[121.08464,-8.4288],[121.09047,-8.42998],[121.09136,-8.43086],[121.09165,-8.43367],[121.09287,-8.43528],[121.09498,-8.43637],[121.09672,-8.43641],[121.0978,-8.43753],[121.09642,-8.43506],[121.09608,-8.43186],[121.09799,-8.42264],[121.09669,-8.42057],[121.09391,-8.41839],[121.09375,-8.41716],[121.09241,-8.41584],[121.09208,-8.41269],[121.09051,-8.41145],[121.08975,-8.40717],[121.01882,-8.40717],[121.01859,-8.40882],[121.01938,-8.40919],[121.02241,-8.41472],[121.02402,-8.41537],[121.02501,-8.41767],[121.02475,-8.42831],[121.02376,-8.43004],[121.02213,-8.43104],[121.02184,-8.43576],[121.02201,-8.43646],[121.02356,-8.43727],[121.02528,-8.43742]]]},"properties":{"date":"2025-03-07","year":2025,"res":0.34,"name":"Vivid"}},{"type":"Feature","geometry":{"type":"Polygon","coordinates":[[[121.40892,-8.74516],[121.4106,-8.73688],[121.4089,-8.7274],[121.40901,-8.72326],[121.41048,-8.72067],[121.40948,-8.71575],[121.40991,-8.71078],[121.40889,-8.7083],[121.40913,-8.70189],[121.40866,-8.70117],[121.40435,-8.70117],[121.40439,-8.70584],[121.40546,-8.70998],[121.40468,-8.71637],[121.40524,-8.72337],[121.40483,-8.72724],[121.40542,-8.72989],[121.40448,-8.73495],[121.40426,-8.74172],[121.40487,-8.7524],[121.4042,-8.75748],[121.40516,-8.76628],[121.40463,-8.76709],[121.40387,-8.78906],[121.40869,-8.78906],[121.40936,-8.78769],[121.40907,-8.78533],[121.40997,-8.78448],[121.41053,-8.78174],[121.40904,-8.77705],[121.40895,-8.77221],[121.4099,-8.77021],[121.40959,-8.76124],[121.41035,-8.75828],[121.41032,-8.75027],[121.41107,-8.74854],[121.40892,-8.74516]]]},"properties":{"date":"2025-09-01","year":2025,"res":0.34,"name":"Vivid"}},{"type":"Feature","geometry":{"type":"Polygon","coordinates":[[[121.28907,-8.78906],[121.29024,-8.78843],[121.29111,-8.78653],[121.29486,-8.78661],[121.29666,-8.78455],[121.29895,-8.78496],[121.30525,-8.78354],[121.30638,-8.78115],[121.31185,-8.7803],[121.32114,-8.78089],[121.3221,-8.78245],[121.32478,-8.78317],[121.32807,-8.78709],[121.32961,-8.78656],[121.33203,-8.78888],[121.33306,-8.78906],[121.33395,-8.78828],[121.33454,-8.78632],[121.33554,-8.7859],[121.33544,-8.78452],[121.33617,-8.7842],[121.34349,-8.78475],[121.34534,-8.78443],[121.34735,-8.7828],[121.34952,-8.78289],[121.35048,-8.78353],[121.3531,-8.78326],[121.3537,-8.78186],[121.35542,-8.7809],[121.36115,-8.7823],[121.36294,-8.78139],[121.36393,-8.78195],[121.36608,-8.78135],[121.36871,-8.77995],[121.37232,-8.78088],[121.37302,-8.78223],[121.37476,-8.78314],[121.37515,-8.78621],[121.37661,-8.78754],[121.37696,-8.78906],[121.378,-8.78495],[121.37734,-8.77173],[121.3781,-8.76282],[121.37696,-8.75767],[121.37797,-8.75546],[121.37831,-8.74934],[121.37787,-8.7463],[121.37696,-8.74514],[121.37755,-8.73876],[121.37713,-8.73659],[121.37759,-8.736],[121.37737,-8.73201],[121.37836,-8.72902],[121.37773,-8.72652],[121.37814,-8.72066],[121.38015,-8.71262],[121.37973,-8.70982],[121.3783,-8.70874],[121.37884,-8.70762],[121.37865,-8.70592],[121.3764,-8.70028],[121.37374,-8.69871],[121.37146,-8.69635],[121.36941,-8.69585],[121.3582,-8.70016],[121.35627,-8.6999],[121.35104,-8.70088],[121.34681,-8.6996],[121.34451,-8.70146],[121.34445,-8.70283],[121.34318,-8.7037],[121.33795,-8.70182],[121.33354,-8.70197],[121.33301,-8.70117],[121.33085,-8.70156],[121.3292,-8.70294],[121.32694,-8.7035],[121.32614,-8.70285],[121.32395,-8.70332],[121.31984,-8.70281],[121.31823,-8.7018],[121.31495,-8.70198],[121.30777,-8.70001],[121.30536,-8.70023],[121.30175,-8.69832],[121.2985,-8.69788],[121.29426,-8.6979],[121.29365,-8.69815],[121.29288,-8.70089],[121.28907,-8.70117],[121.2903,-8.70231],[121.29097,-8.70422],[121.29145,-8.70805],[121.29405,-8.7104],[121.29441,-8.7119],[121.29353,-8.71311],[121.29345,-8.7163],[121.29193,-8.72239],[121.29267,-8.72305],[121.29254,-8.72539],[121.291,-8.72823],[121.2911,-8.73081],[121.2902,-8.73325],[121.29075,-8.73743],[121.29012,-8.73794],[121.28912,-8.74173],[121.28907,-8.74514],[121.29101,-8.74644],[121.29015,-8.75361],[121.28888,-8.75463],[121.28807,-8.75669],[121.28772,-8.76224],[121.28668,-8.76327],[121.28481,-8.76892],[121.28488,-8.77278],[121.28633,-8.775],[121.28662,-8.77786],[121.28652,-8.78083],[121.28517,-8.78186],[121.28492,-8.78318],[121.28509,-8.78631],[121.28728,-8.78882],[121.28907,-8.78906]]]},"properties":{"date":"2025-10-17","year":2025,"res":0.31,"name":"Vivid"}},{"type":"Feature","geometry":{"type":"Polygon","coordinates":[[[121.46485,-8.78906],[121.46718,-8.78842],[121.46991,-8.78903],[121.473,-8.7885],[121.47931,-8.78876],[121.48407,-8.78778],[121.4875,-8.78798],[121.48911,-8.78872],[121.49264,-8.78807],[121.49511,-8.78875],[121.49736,-8.7877],[121.49941,-8.78769],[121.49974,-8.78674],[121.50051,-8.78653],[121.50247,-8.78685],[121.5045,-8.78905],[121.50546,-8.78906],[121.50542,-8.78262],[121.50454,-8.77983],[121.50463,-8.77656],[121.50367,-8.77107],[121.50439,-8.76554],[121.50514,-8.76406],[121.5045,-8.76249],[121.50512,-8.75879],[121.50501,-8.74752],[121.50584,-8.74512],[121.50444,-8.73735],[121.5051,-8.73049],[121.50392,-8.72819],[121.50274,-8.72179],[121.50191,-8.72014],[121.50207,-8.71818],[121.5009,-8.71622],[121.49933,-8.71604],[121.49801,-8.71516],[121.49797,-8.71445],[121.49809,-8.71266],[121.49953,-8.71091],[121.50012,-8.70885],[121.50016,-8.70616],[121.50646,-8.70117],[121.50443,-8.70047],[121.50177,-8.701],[121.4993,-8.70027],[121.49184,-8.7011],[121.49045,-8.70017],[121.48829,-8.70143],[121.48415,-8.70126],[121.4802,-8.70192],[121.47547,-8.7051],[121.47283,-8.70442],[121.47124,-8.70322],[121.46767,-8.70276],[121.46715,-8.70196],[121.46485,-8.70117],[121.46677,-8.69038],[121.4661,-8.67806],[121.46705,-8.67513],[121.46584,-8.66986],[121.46621,-8.6608],[121.46485,-8.65719],[121.46601,-8.6546],[121.46747,-8.65385],[121.46855,-8.65168],[121.46845,-8.64906],[121.46906,-8.64773],[121.46862,-8.64446],[121.46919,-8.64223],[121.4683,-8.63953],[121.46934,-8.63751],[121.46924,-8.63539],[121.46833,-8.63337],[121.46835,-8.62839],[121.46704,-8.62444],[121.46722,-8.62195],[121.46583,-8.61976],[121.46485,-8.61328],[121.46302,-8.61561],[121.46098,-8.61597],[121.46002,-8.6171],[121.45613,-8.61727],[121.45307,-8.61825],[121.44314,-8.61654],[121.44032,-8.61434],[121.43678,-8.61468],[121.43464,-8.61673],[121.43158,-8.61763],[121.42085,-8.61329],[121.41962,-8.6121],[121.41518,-8.61173],[121.41054,-8.61246],[121.40836,-8.61328],[121.40882,-8.61489],[121.40852,-8.62082],[121.40978,-8.62317],[121.40957,-8.62614],[121.4103,-8.62895],[121.40976,-8.63249],[121.4103,-8.63631],[121.41106,-8.63712],[121.4115,-8.64255],[121.41119,-8.64798],[121.41004,-8.65117],[121.41012,-8.65499],[121.40936,-8.65723],[121.41301,-8.66838],[121.41395,-8.68588],[121.41151,-8.69735],[121.40866,-8.70117],[121.40929,-8.70654],[121.40889,-8.7083],[121.40966,-8.70961],[121.4101,-8.71298],[121.40948,-8.71575],[121.41048,-8.72067],[121.40901,-8.72326],[121.4089,-8.7274],[121.4106,-8.73676],[121.40884,-8.74512],[121.41107,-8.74854],[121.41032,-8.75027],[121.41035,-8.75828],[121.40959,-8.76124],[121.4099,-8.77021],[121.40895,-8.77221],[121.40904,-8.77705],[121.41053,-8.78174],[121.40997,-8.78448],[121.40907,-8.78533],[121.40936,-8.78769],[121.40869,-8.78906],[121.41592,-8.78988],[121.42132,-8.78912],[121.42456,-8.79055],[121.42539,-8.79319],[121.42822,-8.7937],[121.42841,-8.79506],[121.43962,-8.79461],[121.44093,-8.79541],[121.44779,-8.79582],[121.4524,-8.79511],[121.45314,-8.79238],[121.45536,-8.7909],[121.46485,-8.78906]]]},"properties":{"date":"2025-10-18","year":2025,"res":0.34,"name":"Vivid"}},{"type":"Feature","geometry":{"type":"Polygon","coordinates":[[[121.09854,-8.34954],[121.0971,-8.35878],[121.09569,-8.36138],[121.0945,-8.36653],[121.09368,-8.37708],[121.094,-8.3851],[121.09522,-8.38666],[121.09721,-8.38745],[121.09772,-8.39219],[121.09803,-8.39335],[121.09867,-8.39355],[121.09751,-8.3959],[121.09312,-8.39596],[121.09267,-8.39898],[121.08814,-8.40084],[121.08809,-8.4016],[121.08942,-8.40315],[121.08968,-8.40703],[121.12314,-8.40717],[121.12351,-8.40094],[121.12503,-8.39355],[121.1241,-8.38996],[121.12136,-8.38961],[121.12055,-8.38607],[121.11931,-8.385],[121.11963,-8.38337],[121.11852,-8.38299],[121.11827,-8.38206],[121.12007,-8.37982],[121.11993,-8.37386],[121.12108,-8.37122],[121.12047,-8.36951],[121.12136,-8.36581],[121.12074,-8.36489],[121.12109,-8.36395],[121.11954,-8.36312],[121.11932,-8.35954],[121.12501,-8.34961],[121.11328,-8.34961],[121.11328,-8.26172],[121.09849,-8.26172],[121.09689,-8.2642],[121.09574,-8.26795],[121.09374,-8.26991],[121.09218,-8.27289],[121.092,-8.27818],[121.09286,-8.28138],[121.09497,-8.28283],[121.09622,-8.29605],[121.09776,-8.30014],[121.09779,-8.30398],[121.09855,-8.30567],[121.09793,-8.30957],[121.09568,-8.31223],[121.09467,-8.31627],[121.09515,-8.31899],[121.09796,-8.32205],[121.09752,-8.32577],[121.09837,-8.3274],[121.09852,-8.32986],[121.09779,-8.34087],[121.09854,-8.34954]]]},"properties":{"date":"2024-12-25","year":2024,"res":0.31,"name":"Vivid"}},{"type":"Feature","geometry":{"type":"Polygon","coordinates":[[[121.12315,-8.40692],[121.21803,-8.40717],[121.2188,-8.40359],[121.21866,-8.40004],[121.21779,-8.39742],[121.21651,-8.39668],[121.21451,-8.39355],[121.21485,-8.38678],[121.21583,-8.38187],[121.21568,-8.37188],[121.21627,-8.36715],[121.21555,-8.35051],[121.21454,-8.34961],[121.12501,-8.34961],[121.11932,-8.35954],[121.11954,-8.36312],[121.12109,-8.36395],[121.12074,-8.36489],[121.12136,-8.36581],[121.12047,-8.36951],[121.12108,-8.37122],[121.11993,-8.37386],[121.12007,-8.37982],[121.11827,-8.38206],[121.11852,-8.38299],[121.11963,-8.38337],[121.11931,-8.385],[121.12055,-8.38607],[121.12136,-8.38961],[121.1241,-8.38996],[121.12503,-8.39355],[121.12351,-8.40094],[121.12315,-8.40692]]]},"properties":{"date":"2024-12-25","year":2024,"res":0.31,"name":"Vivid"}},{"type":"Feature","geometry":{"type":"Polygon","coordinates":[[[121.21808,-8.40704],[121.3336,-8.40717],[121.33409,-8.40455],[121.3336,-8.4041],[121.33468,-8.40079],[121.33421,-8.39885],[121.33501,-8.3964],[121.33455,-8.39083],[121.33499,-8.38975],[121.33427,-8.3865],[121.335,-8.38193],[121.33413,-8.37958],[121.3345,-8.37723],[121.33339,-8.37404],[121.33443,-8.36824],[121.33357,-8.36647],[121.33424,-8.36304],[121.3344,-8.35114],[121.33505,-8.34961],[121.21454,-8.34961],[121.21574,-8.35124],[121.21627,-8.36715],[121.21568,-8.37188],[121.21583,-8.38187],[121.21485,-8.38678],[121.21451,-8.39355],[121.21651,-8.39668],[121.21779,-8.39742],[121.21866,-8.40004],[121.2188,-8.40359],[121.21808,-8.40704]]]},"properties":{"date":"2024-12-25","year":2024,"res":0.31,"name":"Vivid"}},{"type":"Feature","geometry":{"type":"Polygon","coordinates":[[[121.01887,-8.40712],[121.08975,-8.40717],[121.08942,-8.40315],[121.08809,-8.4016],[121.08814,-8.40084],[121.09267,-8.39898],[121.09312,-8.39596],[121.09742,-8.39594],[121.09832,-8.39469],[121.09867,-8.39355],[121.09803,-8.39335],[121.09772,-8.39219],[121.09721,-8.38745],[121.09522,-8.38666],[121.094,-8.3851],[121.09368,-8.37708],[121.0945,-8.36653],[121.09569,-8.36138],[121.0971,-8.35878],[121.09861,-8.34961],[121.09779,-8.34087],[121.09852,-8.32986],[121.09837,-8.3274],[121.09752,-8.32577],[121.09796,-8.32205],[121.09509,-8.31889],[121.09471,-8.31557],[121.09568,-8.31223],[121.09793,-8.30957],[121.09855,-8.30567],[121.09779,-8.30398],[121.09776,-8.30014],[121.09622,-8.29605],[121.09497,-8.28283],[121.09286,-8.28138],[121.09196,-8.27792],[121.09242,-8.27216],[121.09574,-8.26795],[121.09689,-8.2642],[121.09849,-8.26172],[120.99729,-8.26172],[120.99815,-8.26234],[120.99913,-8.26823],[121.00028,-8.28033],[121.0002,-8.29282],[120.99966,-8.29427],[120.99821,-8.29509],[120.99727,-8.29915],[120.99719,-8.34961],[121.02539,-8.34961],[121.02369,-8.35382],[121.02182,-8.35554],[121.02128,-8.35709],[121.01978,-8.3577],[121.0189,-8.35903],[121.01829,-8.36331],[121.0177,-8.36496],[121.01635,-8.36617],[121.01522,-8.37058],[121.01423,-8.37106],[121.01167,-8.37584],[121.00995,-8.37656],[121.00872,-8.37912],[121.00878,-8.38142],[121.00962,-8.38247],[121.01713,-8.38267],[121.02011,-8.38392],[121.023,-8.384],[121.02491,-8.38521],[121.02537,-8.39826],[121.02417,-8.39999],[121.01921,-8.40125],[121.0184,-8.40317],[121.01917,-8.40491],[121.01887,-8.40712]]]},"properties":{"date":"2025-03-07","year":2025,"res":0.34,"name":"Vivid"}},{"type":"Feature","geometry":{"type":"Polygon","coordinates":[[[121.64062,-8.797],[121.64062,-8.79713],[121.64063,-8.79713],[121.64062,-8.797]]]},"properties":{"date":"2017-08-24","year":2017,"res":0.46,"name":"Vivid"}},{"type":"Feature","geometry":{"type":"Polygon","coordinates":[[[121.64067,-8.79412],[121.64062,-8.79683],[121.64111,-8.79578],[121.64067,-8.79412]]]},"properties":{"date":"2017-08-24","year":2017,"res":0.46,"name":"Vivid"}},{"type":"Feature","geometry":{"type":"Polygon","coordinates":[[[121.64069,-8.78928],[121.64062,-8.79365],[121.64144,-8.79246],[121.64176,-8.7898],[121.64069,-8.78928]]]},"properties":{"date":"2017-08-24","year":2017,"res":0.46,"name":"Vivid"}},{"type":"Feature","geometry":{"type":"Polygon","coordinates":[[[121.64063,-8.75649],[121.64062,-8.7564],[121.64062,-8.75649],[121.64063,-8.75649]]]},"properties":{"date":"2017-08-24","year":2017,"res":0.46,"name":"Vivid"}},{"type":"Feature","geometry":{"type":"Polygon","coordinates":[[[121.64068,-8.74785],[121.64062,-8.75606],[121.64138,-8.75476],[121.641,-8.75231],[121.64147,-8.75006],[121.64068,-8.74785]]]},"properties":{"date":"2017-08-24","year":2017,"res":0.46,"name":"Vivid"}},{"type":"Feature","geometry":{"type":"Polygon","coordinates":[[[121.64066,-8.73084],[121.64062,-8.74511],[121.64182,-8.74284],[121.64312,-8.73777],[121.64243,-8.73291],[121.64066,-8.73084]]]},"properties":{"date":"2017-08-24","year":2017,"res":0.46,"name":"Vivid"}},{"type":"Feature","geometry":{"type":"Polygon","coordinates":[[[121.64083,-8.78748],[121.64062,-8.78748],[121.64062,-8.78906],[121.64083,-8.78748]]]},"properties":{"date":"2018-09-27","year":2018,"res":0.31,"name":"Vivid"}},{"type":"Feature","geometry":{"type":"Polygon","coordinates":[[[121.64083,-8.77786],[121.64062,-8.78069],[121.64155,-8.77919],[121.64083,-8.77786]]]},"properties":{"date":"2018-09-27","year":2018,"res":0.31,"name":"Vivid"}},{"type":"Feature","geometry":{"type":"Polygon","coordinates":[[[121.64072,-8.77656],[121.64062,-8.7764],[121.64062,-8.77692],[121.64072,-8.77656]]]},"properties":{"date":"2018-09-27","year":2018,"res":0.31,"name":"Vivid"}},{"type":"Feature","geometry":{"type":"Polygon","coordinates":[[[121.64066,-8.77013],[121.64062,-8.76997],[121.64062,-8.77065],[121.64066,-8.77013]]]},"properties":{"date":"2018-09-27","year":2018,"res":0.31,"name":"Vivid"}},{"type":"Feature","geometry":{"type":"Polygon","coordinates":[[[121.64064,-8.76155],[121.64062,-8.76413],[121.6408,-8.76263],[121.64064,-8.76155]]]},"properties":{"date":"2018-09-27","year":2018,"res":0.31,"name":"Vivid"}},{"type":"Feature","geometry":{"type":"Polygon","coordinates":[[[121.64069,-8.7582],[121.64062,-8.7607],[121.64088,-8.75929],[121.64069,-8.7582]]]},"properties":{"date":"2018-09-27","year":2018,"res":0.31,"name":"Vivid"}},{"type":"Feature","geometry":{"type":"Polygon","coordinates":[[[121.64072,-8.7033],[121.64062,-8.70482],[121.64099,-8.70382],[121.64072,-8.7033]]]},"properties":{"date":"2018-09-27","year":2018,"res":0.31,"name":"Vivid"}},{"type":"Feature","geometry":{"type":"Polygon","coordinates":[[[121.64068,-8.70151],[121.64062,-8.70117],[121.64062,-8.70164],[121.64068,-8.70151]]]},"properties":{"date":"2018-09-27","year":2018,"res":0.31,"name":"Vivid"}},{"type":"Feature","geometry":{"type":"Polygon","coordinates":[[[121.64062,-8.83314],[121.64065,-8.83306],[121.64062,-8.83302],[121.64062,-8.83314]]]},"properties":{"date":"2019-06-30","year":2019,"res":0.5,"name":"Vivid"}},{"type":"Feature","geometry":{"type":"Polygon","coordinates":[[[121.64067,-8.83223],[121.64062,-8.83301],[121.64075,-8.83265],[121.64067,-8.83223]]]},"properties":{"date":"2019-06-30","year":2019,"res":0.5,"name":"Vivid"}},{"type":"Feature","geometry":{"type":"Polygon","coordinates":[[[121.64067,-8.81245],[121.64062,-8.81476],[121.64085,-8.8128],[121.64067,-8.81245]]]},"properties":{"date":"2019-06-30","year":2019,"res":0.5,"name":"Vivid"}},{"type":"Feature","geometry":{"type":"Polygon","coordinates":[[[121.64066,-8.79721],[121.64062,-8.79714],[121.64062,-8.79726],[121.64066,-8.79721]]]},"properties":{"date":"2019-06-30","year":2019,"res":0.5,"name":"Vivid"}},{"type":"Feature","geometry":{"type":"Polygon","coordinates":[[[121.64066,-8.78063],[121.64062,-8.78906],[121.64182,-8.78768],[121.64221,-8.78609],[121.64513,-8.78495],[121.64669,-8.78298],[121.64829,-8.78259],[121.64957,-8.78126],[121.64888,-8.77945],[121.64937,-8.77715],[121.64854,-8.77584],[121.64796,-8.77125],[121.64937,-8.76608],[121.64925,-8.76303],[121.64794,-8.76065],[121.64831,-8.75644],[121.64658,-8.75002],[121.64653,-8.74633],[121.64556,-8.74512],[121.64626,-8.74282],[121.64658,-8.7354],[121.64611,-8.73356],[121.64721,-8.72447],[121.64716,-8.7212],[121.64613,-8.71756],[121.64674,-8.71176],[121.6461,-8.70881],[121.64654,-8.70559],[121.64564,-8.70117],[121.64062,-8.70117],[121.64062,-8.73075],[121.64243,-8.73291],[121.64312,-8.73777],[121.64182,-8.74284],[121.64062,-8.74511],[121.64062,-8.74783],[121.64147,-8.75006],[121.641,-8.75231],[121.64138,-8.75476],[121.64063,-8.75566],[121.64062,-8.77786],[121.64155,-8.77919],[121.64066,-8.78063]]]},"properties":{"date":"2019-12-13","year":2019,"res":0.5,"name":"Vivid"}},{"type":"Feature","geometry":{"type":"Polygon","coordinates":[[[121.64232,-8.70118],[121.64264,-8.70123],[121.64178,-8.70117],[121.64232,-8.70118]]]},"properties":{"date":"2020-04-26","year":2020,"res":0.46,"name":"Vivid"}},{"type":"Feature","geometry":{"type":"Polygon","coordinates":[[[121.64292,-8.70118],[121.64307,-8.70117],[121.6429,-8.70117],[121.64292,-8.70118]]]},"properties":{"date":"2020-04-26","year":2020,"res":0.46,"name":"Vivid"}},{"type":"Feature","geometry":{"type":"Polygon","coordinates":[[[121.64099,-8.78898],[121.64069,-8.78928],[121.64176,-8.7898],[121.64144,-8.79246],[121.64062,-8.79365],[121.64111,-8.79578],[121.64062,-8.79683],[121.64062,-8.85891],[121.64263,-8.85993],[121.64753,-8.85984],[121.6498,-8.86046],[121.64924,-8.8581],[121.65057,-8.8547],[121.65006,-8.85335],[121.65033,-8.85102],[121.64922,-8.84917],[121.64921,-8.84029],[121.64694,-8.83509],[121.64543,-8.83433],[121.64498,-8.83301],[121.6463,-8.8305],[121.64638,-8.82842],[121.6484,-8.82663],[121.64878,-8.82214],[121.64772,-8.81653],[121.64836,-8.81299],[121.64772,-8.80892],[121.6465,-8.80669],[121.64626,-8.80128],[121.64559,-8.79968],[121.64659,-8.79816],[121.64659,-8.79668],[121.6461,-8.79353],[121.6465,-8.79043],[121.64548,-8.78906],[121.64841,-8.7868],[121.64955,-8.78366],[121.64957,-8.78126],[121.64829,-8.78259],[121.64669,-8.78298],[121.64513,-8.78495],[121.64221,-8.78609],[121.64099,-8.78898]]]},"properties":{"date":"2020-06-08","year":2020,"res":0.31,"name":"Vivid"}},{"type":"Feature","geometry":{"type":"Polygon","coordinates":[[[121.86031,-8.70117],[121.8603,-8.70117],[121.8603,-8.70117],[121.86031,-8.70117]]]},"properties":{"date":"2020-09-04","year":2020,"res":0.5,"name":"Vivid"}},{"type":"Feature","geometry":{"type":"Polygon","coordinates":[[[121.87468,-8.70324],[121.87468,-8.70325],[121.87468,-8.70324]]]},"properties":{"date":"2020-09-04","year":2020,"res":0.5,"name":"Vivid"}},{"type":"Feature","geometry":{"type":"Polygon","coordinates":[[[121.86265,-8.70188],[121.86258,-8.70182],[121.86262,-8.70188],[121.86265,-8.70188]]]},"properties":{"date":"2020-09-04","year":2020,"res":0.5,"name":"Vivid"}},{"type":"Feature","geometry":{"type":"Polygon","coordinates":[[[121.86258,-8.70181],[121.86256,-8.70182],[121.86258,-8.70182],[121.86258,-8.70181]]]},"properties":{"date":"2020-09-04","year":2020,"res":0.5,"name":"Vivid"}},{"type":"Feature","geometry":{"type":"Polygon","coordinates":[[[121.86237,-8.70182],[121.86256,-8.70181],[121.86247,-8.70178],[121.86237,-8.70182]]]},"properties":{"date":"2020-09-04","year":2020,"res":0.5,"name":"Vivid"}},{"type":"Feature","geometry":{"type":"Polygon","coordinates":[[[121.861,-8.70157],[121.86106,-8.7016],[121.86106,-8.70158],[121.861,-8.70157]]]},"properties":{"date":"2020-09-04","year":2020,"res":0.5,"name":"Vivid"}},{"type":"Feature","geometry":{"type":"Polygon","coordinates":[[[121.86097,-8.70156],[121.86097,-8.70155],[121.86097,-8.70156]]]},"properties":{"date":"2020-09-04","year":2020,"res":0.5,"name":"Vivid"}},{"type":"Feature","geometry":{"type":"Polygon","coordinates":[[[121.8609,-8.70151],[121.86091,-8.70152],[121.86091,-8.70151],[121.8609,-8.70151]]]},"properties":{"date":"2020-09-04","year":2020,"res":0.5,"name":"Vivid"}},{"type":"Feature","geometry":{"type":"Polygon","coordinates":[[[121.86075,-8.70147],[121.8607,-8.70145],[121.86079,-8.70147],[121.86075,-8.70147]]]},"properties":{"date":"2020-09-04","year":2020,"res":0.5,"name":"Vivid"}},{"type":"Feature","geometry":{"type":"Polygon","coordinates":[[[121.86042,-8.70132],[121.86046,-8.70138],[121.86053,-8.70139],[121.86042,-8.70132]]]},"properties":{"date":"2020-09-04","year":2020,"res":0.5,"name":"Vivid"}},{"type":"Feature","geometry":{"type":"Polygon","coordinates":[[[121.86038,-8.70131],[121.86041,-8.7013],[121.86038,-8.7013],[121.86038,-8.70131]]]},"properties":{"date":"2020-09-04","year":2020,"res":0.5,"name":"Vivid"}},{"type":"Feature","geometry":{"type":"Polygon","coordinates":[]},"properties":{"date":"2020-09-04","year":2020,"res":0.5,"name":"Vivid"}},{"type":"Feature","geometry":{"type":"Polygon","coordinates":[[[121.8747,-8.70325],[121.87469,-8.70325],[121.8747,-8.70325]]]},"properties":{"date":"2020-09-04","year":2020,"res":0.5,"name":"Vivid"}},{"type":"Feature","geometry":{"type":"Polygon","coordinates":[[[121.64074,-8.87788],[121.64074,-8.87789],[121.64074,-8.87788]]]},"properties":{"date":"2022-02-15","year":2022,"res":0.46,"name":"Vivid"}},{"type":"Feature","geometry":{"type":"Polygon","coordinates":[[[121.64074,-8.87788],[121.64073,-8.87788],[121.64074,-8.87788]]]},"properties":{"date":"2022-02-15","year":2022,"res":0.46,"name":"Vivid"}},{"type":"Feature","geometry":{"type":"Polygon","coordinates":[[[121.64068,-8.87774],[121.64069,-8.87772],[121.64068,-8.87769],[121.64068,-8.87774]]]},"properties":{"date":"2022-02-15","year":2022,"res":0.46,"name":"Vivid"}},{"type":"Feature","geometry":{"type":"Polygon","coordinates":[[[121.64066,-8.87728],[121.64066,-8.87729],[121.64066,-8.87728]]]},"properties":{"date":"2022-02-15","year":2022,"res":0.46,"name":"Vivid"}},{"type":"Feature","geometry":{"type":"Polygon","coordinates":[[[121.64068,-8.87721],[121.64066,-8.8771],[121.64066,-8.87719],[121.64068,-8.87721]]]},"properties":{"date":"2022-02-15","year":2022,"res":0.46,"name":"Vivid"}},{"type":"Feature","geometry":{"type":"Polygon","coordinates":[]},"properties":{"date":"2022-07-05","year":2022,"res":0.46,"name":"Vivid"}},{"type":"Feature","geometry":{"type":"Polygon","coordinates":[[[121.646,-8.70125],[121.646,-8.70125],[121.64599,-8.70125],[121.646,-8.70125]]]},"properties":{"date":"2022-07-05","year":2022,"res":0.46,"name":"Vivid"}},{"type":"Feature","geometry":{"type":"Polygon","coordinates":[[[121.64564,-8.70117],[121.64599,-8.70125],[121.64594,-8.70117],[121.64564,-8.70117]]]},"properties":{"date":"2022-07-05","year":2022,"res":0.46,"name":"Vivid"}},{"type":"Feature","geometry":{"type":"Polygon","coordinates":[[[121.64063,-8.70117],[121.6407,-8.7012],[121.64093,-8.70117],[121.64063,-8.70117]]]},"properties":{"date":"2022-07-05","year":2022,"res":0.46,"name":"Vivid"}},{"type":"Feature","geometry":{"type":"Polygon","coordinates":[[[121.81648,-8.70108],[121.81374,-8.69989],[121.8116,-8.70034],[121.80853,-8.6995],[121.80667,-8.70003],[121.80124,-8.69864],[121.79824,-8.69941],[121.79643,-8.70255],[121.79546,-8.70283],[121.79457,-8.70435],[121.796,-8.70869],[121.79545,-8.70982],[121.7957,-8.71553],[121.79332,-8.71956],[121.79347,-8.72314],[121.79204,-8.72782],[121.79328,-8.73075],[121.79281,-8.7346],[121.79407,-8.74097],[121.79765,-8.74512],[121.79727,-8.7501],[121.79575,-8.75176],[121.79568,-8.7563],[121.7948,-8.75956],[121.79576,-8.7622],[121.79626,-8.77297],[121.79735,-8.77504],[121.79641,-8.78615],[121.79724,-8.78673],[121.79725,-8.78906],[121.795,-8.79319],[121.79504,-8.7973],[121.7943,-8.79991],[121.79461,-8.80115],[121.79553,-8.80177],[121.7958,-8.8048],[121.79482,-8.80769],[121.7952,-8.81058],[121.79462,-8.81755],[121.79632,-8.82231],[121.79604,-8.82475],[121.7968,-8.82665],[121.79719,-8.83301],[121.79505,-8.83379],[121.79157,-8.83349],[121.7905,-8.83438],[121.78879,-8.83452],[121.78676,-8.83938],[121.78611,-8.84323],[121.78692,-8.8448],[121.78698,-8.84769],[121.78839,-8.84951],[121.78792,-8.85078],[121.78843,-8.85203],[121.7905,-8.85513],[121.7916,-8.85816],[121.79307,-8.85865],[121.79367,-8.86123],[121.79566,-8.86491],[121.79386,-8.86832],[121.79671,-8.87695],[121.79312,-8.87832],[121.78924,-8.88311],[121.78846,-8.89239],[121.79064,-8.90037],[121.79193,-8.90161],[121.79278,-8.90866],[121.79472,-8.91207],[121.79479,-8.91674],[121.79677,-8.9209],[121.79618,-8.92628],[121.79665,-8.92916],[121.79572,-8.9329],[121.79446,-8.9453],[121.79669,-8.96009],[121.79644,-8.96429],[121.79683,-8.96484],[121.89385,-8.96484],[121.89492,-8.94909],[121.89404,-8.93801],[121.89454,-8.9272],[121.89378,-8.9209],[121.89431,-8.91741],[121.89625,-8.91204],[121.89673,-8.90336],[121.89535,-8.89398],[121.89473,-8.88033],[121.8937,-8.87695],[121.89853,-8.87636],[121.90424,-8.87696],[121.93077,-8.87695],[121.92712,-8.85994],[121.92799,-8.85005],[121.9275,-8.84742],[121.92876,-8.84526],[121.92889,-8.83954],[121.93059,-8.83705],[121.93061,-8.82993],[121.92938,-8.82745],[121.92848,-8.82322],[121.92827,-8.82035],[121.92881,-8.81889],[121.92709,-8.8151],[121.9268,-8.8119],[121.92549,-8.81001],[121.92467,-8.8022],[121.92701,-8.79877],[121.92821,-8.79544],[121.92973,-8.79381],[121.93039,-8.79175],[121.92984,-8.78729],[121.92835,-8.7858],[121.92853,-8.78211],[121.92789,-8.78036],[121.92862,-8.77977],[121.92896,-8.77718],[121.92744,-8.77501],[121.92722,-8.77283],[121.92553,-8.77015],[121.92639,-8.76605],[121.92585,-8.76349],[121.92662,-8.76184],[121.92652,-8.75832],[121.92792,-8.75519],[121.92761,-8.75068],[121.93012,-8.74512],[121.92914,-8.74133],[121.92959,-8.73662],[121.92909,-8.73458],[121.92965,-8.73375],[121.92836,-8.73129],[121.92726,-8.72639],[121.92508,-8.72292],[121.92527,-8.72066],[121.92361,-8.71333],[121.92544,-8.70951],[121.92655,-8.70893],[121.92698,-8.70395],[121.92966,-8.70117],[121.92486,-8.70195],[121.92321,-8.70323],[121.9205,-8.70333],[121.9186,-8.70456],[121.90778,-8.70313],[121.9055,-8.70132],[121.9043,-8.70117],[121.89683,-8.70279],[121.88969,-8.70318],[121.88841,-8.70383],[121.88319,-8.703],[121.88018,-8.70336],[121.87871,-8.70273],[121.87532,-8.70344],[121.87372,-8.70228],[121.87087,-8.70233],[121.86817,-8.7015],[121.86525,-8.70236],[121.86429,-8.70157],[121.86159,-8.70193],[121.85952,-8.70029],[121.85764,-8.69981],[121.85526,-8.69734],[121.85188,-8.69566],[121.84901,-8.69601],[121.84663,-8.69509],[121.84332,-8.69498],[121.83702,-8.69794],[121.83047,-8.69947],[121.824,-8.69846],[121.81774,-8.69915],[121.81648,-8.70108]]]},"properties":{"date":"2023-06-11","year":2023,"res":0.46,"name":"Vivid"}},{"type":"Feature","geometry":{"type":"Polygon","coordinates":[[[121.79654,-8.56962],[121.79573,-8.56795],[121.79584,-8.56628],[121.79656,-8.56548],[121.79625,-8.56254],[121.7944,-8.55641],[121.79515,-8.54958],[121.79624,-8.54748],[121.79502,-8.54097],[121.79577,-8.53997],[121.79623,-8.53519],[121.79479,-8.52857],[121.79188,-8.52849],[121.78126,-8.53091],[121.77773,-8.53072],[121.77618,-8.53011],[121.77571,-8.52813],[121.77248,-8.52539],[121.76992,-8.5254],[121.76729,-8.52434],[121.75803,-8.5228],[121.75208,-8.52248],[121.74114,-8.51856],[121.73416,-8.51982],[121.73215,-8.52172],[121.72915,-8.52172],[121.72868,-8.52519],[121.7277,-8.52602],[121.72515,-8.52582],[121.71896,-8.5278],[121.71031,-8.52842],[121.70879,-8.52939],[121.70622,-8.52961],[121.70551,-8.53067],[121.70435,-8.53034],[121.70173,-8.53178],[121.6998,-8.53153],[121.69819,-8.53281],[121.69094,-8.53157],[121.68953,-8.52909],[121.68744,-8.52871],[121.68664,-8.52679],[121.68448,-8.5254],[121.68303,-8.52644],[121.68218,-8.52918],[121.6812,-8.52964],[121.68089,-8.53135],[121.67937,-8.53263],[121.67661,-8.53287],[121.67421,-8.53513],[121.67139,-8.53542],[121.6671,-8.53295],[121.66491,-8.53293],[121.66223,-8.53198],[121.65823,-8.53214],[121.65531,-8.53043],[121.65072,-8.52916],[121.64873,-8.5274],[121.64557,-8.52625],[121.64567,-8.53709],[121.64645,-8.54151],[121.64547,-8.55402],[121.64701,-8.55729],[121.6477,-8.56143],[121.64605,-8.56379],[121.64706,-8.56651],[121.64527,-8.56934],[121.64577,-8.57072],[121.6454,-8.57204],[121.64728,-8.5759],[121.64767,-8.58042],[121.64951,-8.58211],[121.64977,-8.58547],[121.64808,-8.58825],[121.64778,-8.59631],[121.64666,-8.60145],[121.64581,-8.61328],[121.64675,-8.61682],[121.64883,-8.61914],[121.64952,-8.6264],[121.65064,-8.62849],[121.64969,-8.6327],[121.65116,-8.63788],[121.65146,-8.64218],[121.65047,-8.64889],[121.64742,-8.65411],[121.64634,-8.65448],[121.64536,-8.65723],[121.64634,-8.66227],[121.64549,-8.66547],[121.64561,-8.6706],[121.64703,-8.67786],[121.64593,-8.68166],[121.64649,-8.68328],[121.64617,-8.69004],[121.64689,-8.6949],[121.64594,-8.70117],[121.64655,-8.70568],[121.64611,-8.70901],[121.64674,-8.71176],[121.64613,-8.71756],[121.64716,-8.7212],[121.64721,-8.72447],[121.64611,-8.73356],[121.64658,-8.7354],[121.64626,-8.74282],[121.64556,-8.74512],[121.64653,-8.74633],[121.64658,-8.75002],[121.64831,-8.75644],[121.64794,-8.76065],[121.64925,-8.76303],[121.64937,-8.76608],[121.64796,-8.77125],[121.64854,-8.77584],[121.64937,-8.77715],[121.64888,-8.77945],[121.64962,-8.78305],[121.64841,-8.7868],[121.64548,-8.78906],[121.6465,-8.79043],[121.6461,-8.79353],[121.64659,-8.79668],[121.64659,-8.79816],[121.64559,-8.79968],[121.64626,-8.80128],[121.6465,-8.80669],[121.64772,-8.80892],[121.64836,-8.81299],[121.64772,-8.81653],[121.64878,-8.82214],[121.6484,-8.82663],[121.64638,-8.82842],[121.6463,-8.8305],[121.64498,-8.83301],[121.64543,-8.83433],[121.64694,-8.83509],[121.64921,-8.84029],[121.64922,-8.84917],[121.65033,-8.85102],[121.65006,-8.85335],[121.65057,-8.8547],[121.64924,-8.8581],[121.64986,-8.86069],[121.65679,-8.86335],[121.65938,-8.86337],[121.66279,-8.86755],[121.67389,-8.86813],[121.67684,-8.8664],[121.67961,-8.86214],[121.68303,-8.8585],[121.68458,-8.85463],[121.68586,-8.85682],[121.68719,-8.85741],[121.68876,-8.85944],[121.68949,-8.86508],[121.69083,-8.86658],[121.69281,-8.87494],[121.69405,-8.87647],[121.69924,-8.87693],[121.72354,-8.8759],[121.72853,-8.87695],[121.73076,-8.87569],[121.73255,-8.87574],[121.73417,-8.87689],[121.74555,-8.87609],[121.75035,-8.87625],[121.75242,-8.87693],[121.7569,-8.87571],[121.76846,-8.87689],[121.76745,-8.87833],[121.76811,-8.88171],[121.76745,-8.88302],[121.76735,-8.89493],[121.76619,-8.90778],[121.76661,-8.91066],[121.76604,-8.91297],[121.76652,-8.91754],[121.76812,-8.9209],[121.76748,-8.92271],[121.76704,-8.93931],[121.76808,-8.96484],[121.79683,-8.96484],[121.7963,-8.95642],[121.79446,-8.9453],[121.79572,-8.9329],[121.79665,-8.92916],[121.79618,-8.92628],[121.79677,-8.9209],[121.79479,-8.91674],[121.79472,-8.91207],[121.79278,-8.90866],[121.79193,-8.90161],[121.79064,-8.90037],[121.78846,-8.89239],[121.78924,-8.88311],[121.79312,-8.87832],[121.79671,-8.87695],[121.79386,-8.86832],[121.79566,-8.86491],[121.79367,-8.86123],[121.79307,-8.85865],[121.7916,-8.85816],[121.7905,-8.85513],[121.78843,-8.85203],[121.78792,-8.85078],[121.78839,-8.84951],[121.78698,-8.84769],[121.78692,-8.8448],[121.78611,-8.84323],[121.78676,-8.83938],[121.78879,-8.83452],[121.7905,-8.83438],[121.79157,-8.83349],[121.79505,-8.83379],[121.79719,-8.83301],[121.7968,-8.82665],[121.79604,-8.82475],[121.79632,-8.82231],[121.79462,-8.81755],[121.7952,-8.81058],[121.79482,-8.80769],[121.7958,-8.8048],[121.79553,-8.80177],[121.79461,-8.80115],[121.7943,-8.79991],[121.79504,-8.7973],[121.795,-8.79319],[121.79725,-8.78906],[121.79724,-8.78673],[121.79641,-8.78615],[121.79735,-8.77504],[121.79626,-8.77297],[121.79576,-8.7622],[121.7948,-8.75956],[121.79568,-8.7563],[121.79575,-8.75176],[121.79727,-8.7501],[121.79765,-8.74512],[121.79407,-8.74097],[121.79281,-8.7346],[121.79328,-8.73075],[121.79204,-8.72785],[121.79347,-8.72314],[121.79332,-8.71956],[121.7957,-8.71553],[121.79545,-8.70982],[121.796,-8.70869],[121.79457,-8.70435],[121.79714,-8.70117],[121.79652,-8.69949],[121.79678,-8.69455],[121.79536,-8.69282],[121.79556,-8.68904],[121.79665,-8.68562],[121.79621,-8.68434],[121.79669,-8.68015],[121.79615,-8.67848],[121.79724,-8.67627],[121.7964,-8.66949],[121.79676,-8.6656],[121.79563,-8.6637],[121.7955,-8.66159],[121.79731,-8.65723],[121.79678,-8.65188],[121.79537,-8.64959],[121.79437,-8.64559],[121.79308,-8.64413],[121.79302,-8.64197],[121.79436,-8.63421],[121.79457,-8.62103],[121.79669,-8.61328],[121.7941,-8.60739],[121.79406,-8.60166],[121.7925,-8.59786],[121.79322,-8.59475],[121.7929,-8.58922],[121.79375,-8.58766],[121.79374,-8.58508],[121.7951,-8.58289],[121.79654,-8.56962]]]},"properties":{"date":"2023-08-10","year":2023,"res":0.46,"name":"Vivid"}},{"type":"Feature","geometry":{"type":"Polygon","coordinates":[[[121.67452,-8.87858],[121.67452,-8.87859],[121.67452,-8.87858]]]},"properties":{"date":"2023-08-10","year":2023,"res":0.46,"name":"Vivid"}},{"type":"Feature","geometry":{"type":"Polygon","coordinates":[[[121.67455,-8.87858],[121.67453,-8.87858],[121.67455,-8.87858]]]},"properties":{"date":"2023-08-10","year":2023,"res":0.46,"name":"Vivid"}},{"type":"Feature","geometry":{"type":"Polygon","coordinates":[[[121.67483,-8.87853],[121.67464,-8.87854],[121.67455,-8.87858],[121.67483,-8.87853]]]},"properties":{"date":"2023-08-10","year":2023,"res":0.46,"name":"Vivid"}},{"type":"Feature","geometry":{"type":"Polygon","coordinates":[[[121.67621,-8.8783],[121.67606,-8.8783],[121.676,-8.87837],[121.67621,-8.8783]]]},"properties":{"date":"2023-08-10","year":2023,"res":0.46,"name":"Vivid"}},{"type":"Feature","geometry":{"type":"Polygon","coordinates":[[[121.67671,-8.87818],[121.67671,-8.87819],[121.67672,-8.87819],[121.67671,-8.87818]]]},"properties":{"date":"2023-08-10","year":2023,"res":0.46,"name":"Vivid"}},{"type":"Feature","geometry":{"type":"Polygon","coordinates":[[[121.67675,-8.87814],[121.67674,-8.87816],[121.67679,-8.87814],[121.67675,-8.87814]]]},"properties":{"date":"2023-08-10","year":2023,"res":0.46,"name":"Vivid"}},{"type":"Feature","geometry":{"type":"Polygon","coordinates":[[[121.6768,-8.87813],[121.67679,-8.87814],[121.67681,-8.87814],[121.6768,-8.87813]]]},"properties":{"date":"2023-08-10","year":2023,"res":0.46,"name":"Vivid"}},{"type":"Feature","geometry":{"type":"Polygon","coordinates":[[[121.67713,-8.87806],[121.67713,-8.87805],[121.67713,-8.87806]]]},"properties":{"date":"2023-08-10","year":2023,"res":0.46,"name":"Vivid"}},{"type":"Feature","geometry":{"type":"Polygon","coordinates":[[[121.67714,-8.87805],[121.67713,-8.87805],[121.67714,-8.87805]]]},"properties":{"date":"2023-08-10","year":2023,"res":0.46,"name":"Vivid"}},{"type":"Feature","geometry":{"type":"Polygon","coordinates":[[[121.68396,-8.8774],[121.68419,-8.87716],[121.68321,-8.87761],[121.68396,-8.8774]]]},"properties":{"date":"2023-08-10","year":2023,"res":0.46,"name":"Vivid"}},{"type":"Feature","geometry":{"type":"Polygon","coordinates":[[[121.68425,-8.87712],[121.68426,-8.87712],[121.68425,-8.87712]]]},"properties":{"date":"2023-08-10","year":2023,"res":0.46,"name":"Vivid"}},{"type":"Feature","geometry":{"type":"Polygon","coordinates":[[[121.68426,-8.87712],[121.68427,-8.87711],[121.68426,-8.87711],[121.68426,-8.87712]]]},"properties":{"date":"2023-08-10","year":2023,"res":0.46,"name":"Vivid"}},{"type":"Feature","geometry":{"type":"Polygon","coordinates":[]},"properties":{"date":"2023-08-10","year":2023,"res":0.46,"name":"Vivid"}},{"type":"Feature","geometry":{"type":"Polygon","coordinates":[[[121.68665,-8.87694],[121.68666,-8.87694],[121.68665,-8.87694]]]},"properties":{"date":"2023-08-10","year":2023,"res":0.46,"name":"Vivid"}},{"type":"Feature","geometry":{"type":"Polygon","coordinates":[[[121.68478,-8.87695],[121.68466,-8.87693],[121.6846,-8.87695],[121.68478,-8.87695]]]},"properties":{"date":"2023-08-10","year":2023,"res":0.46,"name":"Vivid"}},{"type":"Feature","geometry":{"type":"Polygon","coordinates":[[[121.68647,-8.87693],[121.68645,-8.87693],[121.68644,-8.87693],[121.68647,-8.87693]]]},"properties":{"date":"2023-08-10","year":2023,"res":0.46,"name":"Vivid"}},{"type":"Feature","geometry":{"type":"Polygon","coordinates":[[[121.68661,-8.87694],[121.68654,-8.87693],[121.68649,-8.87694],[121.68661,-8.87694]]]},"properties":{"date":"2023-08-10","year":2023,"res":0.46,"name":"Vivid"}},{"type":"Feature","geometry":{"type":"Polygon","coordinates":[[[121.68542,-8.87686],[121.68481,-8.87695],[121.68593,-8.87693],[121.68542,-8.87686]]]},"properties":{"date":"2023-08-10","year":2023,"res":0.46,"name":"Vivid"}},{"type":"Feature","geometry":{"type":"Polygon","coordinates":[[[121.68625,-8.87685],[121.68599,-8.87693],[121.6864,-8.87693],[121.68625,-8.87685]]]},"properties":{"date":"2023-08-10","year":2023,"res":0.46,"name":"Vivid"}},{"type":"Feature","geometry":{"type":"Polygon","coordinates":[[[121.68672,-8.87694],[121.6867,-8.87693],[121.6867,-8.87694],[121.68672,-8.87694]]]},"properties":{"date":"2023-08-10","year":2023,"res":0.46,"name":"Vivid"}},{"type":"Feature","geometry":{"type":"Polygon","coordinates":[[[121.68689,-8.87693],[121.68694,-8.87693],[121.68688,-8.87693],[121.68689,-8.87693]]]},"properties":{"date":"2023-08-10","year":2023,"res":0.46,"name":"Vivid"}},{"type":"Feature","geometry":{"type":"Polygon","coordinates":[[[121.68706,-8.87693],[121.68699,-8.87691],[121.68695,-8.87693],[121.68706,-8.87693]]]},"properties":{"date":"2023-08-10","year":2023,"res":0.46,"name":"Vivid"}},{"type":"Feature","geometry":{"type":"Polygon","coordinates":[[[121.69007,-8.87689],[121.69006,-8.87692],[121.69013,-8.87689],[121.69007,-8.87689]]]},"properties":{"date":"2023-08-10","year":2023,"res":0.46,"name":"Vivid"}},{"type":"Feature","geometry":{"type":"Polygon","coordinates":[[[121.69099,-8.87689],[121.69098,-8.87688],[121.69098,-8.87689],[121.69099,-8.87689]]]},"properties":{"date":"2023-08-10","year":2023,"res":0.46,"name":"Vivid"}},{"type":"Feature","geometry":{"type":"Polygon","coordinates":[[[121.68719,-8.87693],[121.68838,-8.87693],[121.68782,-8.87671],[121.68719,-8.87693]]]},"properties":{"date":"2023-08-10","year":2023,"res":0.46,"name":"Vivid"}},{"type":"Feature","geometry":{"type":"Polygon","coordinates":[[[121.68899,-8.87672],[121.68859,-8.87693],[121.69002,-8.87693],[121.68899,-8.87672]]]},"properties":{"date":"2023-08-10","year":2023,"res":0.46,"name":"Vivid"}},{"type":"Feature","geometry":{"type":"Polygon","coordinates":[[[121.76807,-8.92099],[121.76652,-8.91754],[121.76604,-8.91297],[121.76661,-8.91066],[121.76619,-8.90778],[121.76735,-8.89493],[121.76745,-8.88302],[121.76811,-8.88171],[121.76741,-8.87909],[121.76752,-8.87796],[121.76851,-8.87695],[121.76813,-8.87664],[121.75899,-8.87631],[121.7569,-8.87571],[121.75242,-8.87693],[121.75035,-8.87625],[121.74555,-8.87609],[121.73417,-8.87689],[121.73255,-8.87574],[121.73076,-8.87569],[121.72853,-8.87695],[121.72656,-8.87616],[121.72311,-8.8759],[121.69949,-8.87689],[121.71152,-8.87647],[121.71182,-8.87695],[121.71119,-8.87707],[121.69923,-8.87713],[121.69931,-8.96484],[121.76808,-8.96484],[121.76704,-8.93931],[121.76748,-8.92271],[121.76807,-8.92099]]]},"properties":{"date":"2024-08-31","year":2024,"res":0.31,"name":"Vivid"}},{"type":"Feature","geometry":{"type":"Polygon","coordinates":[[[121.68448,-8.87699],[121.71182,-8.87695],[121.71063,-8.87643],[121.69584,-8.87692],[121.69344,-8.87611],[121.69148,-8.86836],[121.69059,-8.86604],[121.68949,-8.86508],[121.68876,-8.85944],[121.68719,-8.85741],[121.68586,-8.85682],[121.68458,-8.85463],[121.68303,-8.8585],[121.67961,-8.86214],[121.67684,-8.8664],[121.67339,-8.86819],[121.66279,-8.86755],[121.65938,-8.86337],[121.65679,-8.86335],[121.65154,-8.86091],[121.64753,-8.85984],[121.64263,-8.85993],[121.64062,-8.85891],[121.64066,-8.87763],[121.64159,-8.87939],[121.64297,-8.88015],[121.64972,-8.88201],[121.65227,-8.88108],[121.65587,-8.88114],[121.65781,-8.88027],[121.66163,-8.88107],[121.663,-8.88057],[121.66682,-8.88137],[121.67056,-8.88134],[121.67265,-8.87912],[121.67759,-8.87795],[121.6832,-8.87765],[121.68448,-8.87699]]]},"properties":{"date":"2024-12-18","year":2024,"res":0.31,"name":"Vivid"}},{"type":"Feature","geometry":{"type":"Polygon","coordinates":[[[121.64068,-8.87703],[121.64062,-8.96484],[121.69931,-8.96484],[121.69923,-8.87713],[121.68458,-8.87695],[121.6832,-8.87765],[121.67759,-8.87795],[121.67265,-8.87912],[121.67056,-8.88134],[121.66682,-8.88137],[121.663,-8.88057],[121.66163,-8.88107],[121.65781,-8.88027],[121.65587,-8.88114],[121.65227,-8.88108],[121.64972,-8.88201],[121.64748,-8.88175],[121.64615,-8.88071],[121.64195,-8.87964],[121.64068,-8.87703]]]},"properties":{"date":"2025-01-06","year":2025,"res":0.31,"name":"Vivid"}},{"type":"Feature","geometry":{"type":"Polygon","coordinates":[[[121.64062,-8.87695],[121.64063,-8.87694],[121.64062,-8.87694],[121.64062,-8.87695]]]},"properties":{"date":"2025-01-06","year":2025,"res":0.31,"name":"Vivid"}},{"type":"Feature","geometry":{"type":"Polygon","coordinates":[[[121.69718,-8.87691],[121.69584,-8.87692],[121.69924,-8.87693],[121.69718,-8.87691]]]},"properties":{"date":"2025-01-06","year":2025,"res":0.31,"name":"Vivid"}},{"type":"Feature","geometry":{"type":"Polygon","coordinates":[[[121.55251,-8.80614],[121.5524,-8.80487],[121.55207,-8.81289],[121.55274,-8.83298],[121.55326,-8.81621],[121.55251,-8.81238],[121.55251,-8.80614]]]},"properties":{"date":"2019-12-02","year":2019,"res":0.5,"name":"Vivid"}},{"type":"Feature","geometry":{"type":"Polygon","coordinates":[[[121.55242,-8.80482],[121.55242,-8.80481],[121.55242,-8.80482]]]},"properties":{"date":"2019-12-02","year":2019,"res":0.5,"name":"Vivid"}},{"type":"Feature","geometry":{"type":"Polygon","coordinates":[[[121.55225,-8.80359],[121.55212,-8.80248],[121.55234,-8.80425],[121.55225,-8.80359]]]},"properties":{"date":"2019-12-02","year":2019,"res":0.5,"name":"Vivid"}},{"type":"Feature","geometry":{"type":"Polygon","coordinates":[[[121.55192,-8.80154],[121.5518,-8.80148],[121.55202,-8.80157],[121.55192,-8.80154]]]},"properties":{"date":"2019-12-02","year":2019,"res":0.5,"name":"Vivid"}},{"type":"Feature","geometry":{"type":"Polygon","coordinates":[[[121.55173,-8.80146],[121.55172,-8.80146],[121.55173,-8.80146]]]},"properties":{"date":"2019-12-02","year":2019,"res":0.5,"name":"Vivid"}},{"type":"Feature","geometry":{"type":"Polygon","coordinates":[[[121.55156,-8.7997],[121.55169,-8.79888],[121.55172,-8.80146],[121.55156,-8.7997]]]},"properties":{"date":"2019-12-02","year":2019,"res":0.5,"name":"Vivid"}},{"type":"Feature","geometry":{"type":"Polygon","coordinates":[[[121.55273,-8.83302],[121.55274,-8.83302],[121.55273,-8.83302]]]},"properties":{"date":"2019-12-02","year":2019,"res":0.5,"name":"Vivid"}},{"type":"Feature","geometry":{"type":"Polygon","coordinates":[[[120.99768,-8.40733],[120.99661,-8.40936],[120.99668,-8.41354],[120.99803,-8.41584],[120.99829,-8.4145],[120.99674,-8.40947],[120.99768,-8.40733]]]},"properties":{"date":"2021-07-12","year":2021,"res":0.31,"name":"Vivid"}},{"type":"Feature","geometry":{"type":"Polygon","coordinates":[[[121.01713,-8.44101],[121.01029,-8.44114],[121.00806,-8.44014],[121.00531,-8.44005],[121.00481,-8.44355],[121.00333,-8.44662],[121.00225,-8.45365],[121.00266,-8.45835],[121.00182,-8.46243],[121.00241,-8.46551],[121.00217,-8.47227],[121.00505,-8.47225],[121.00785,-8.47382],[121.00923,-8.47346],[121.01146,-8.47452],[121.01904,-8.47511],[121.01867,-8.46814],[121.01985,-8.46088],[121.01861,-8.45411],[121.01939,-8.44866],[121.01841,-8.44263],[121.01713,-8.44101]]]},"properties":{"date":"2021-07-12","year":2021,"res":0.31,"name":"Vivid"}},{"type":"Feature","geometry":{"type":"Polygon","coordinates":[[[121.11335,-8.92142],[121.11369,-8.91642],[121.11613,-8.9131],[121.11575,-8.91109],[121.11954,-8.89981],[121.11914,-8.89486],[121.11943,-8.89021],[121.11995,-8.88946],[121.11857,-8.88482],[121.11892,-8.88229],[121.11742,-8.88018],[121.11666,-8.88007],[121.11626,-8.87754],[121.11307,-8.87669],[121.11199,-8.87237],[121.11184,-8.86856],[121.10974,-8.8672],[121.10838,-8.86427],[121.10532,-8.86175],[121.10505,-8.85714],[121.10213,-8.8543],[121.10128,-8.85193],[121.10098,-8.84653],[121.10263,-8.84517],[121.10359,-8.84286],[121.10813,-8.83731],[121.1097,-8.83661],[121.11327,-8.83304],[121.11337,-8.82949],[121.1154,-8.82652],[121.11548,-8.82445],[121.11705,-8.82164],[121.11676,-8.81488],[121.11817,-8.81042],[121.11854,-8.80527],[121.11768,-8.80314],[121.11807,-8.7988],[121.11625,-8.79394],[121.11384,-8.79131],[121.11331,-8.7891],[121.11117,-8.78907],[121.10368,-8.79005],[121.10004,-8.78979],[121.09989,-8.79228],[121.09878,-8.79452],[121.09595,-8.79737],[121.09395,-8.80107],[121.09391,-8.80776],[121.09585,-8.80973],[121.09697,-8.81577],[121.09901,-8.82066],[121.09905,-8.82813],[121.10008,-8.82978],[121.1008,-8.83301],[121.09883,-8.83549],[121.09776,-8.83954],[121.09818,-8.84244],[121.09747,-8.84755],[121.09783,-8.85182],[121.0971,-8.85377],[121.09725,-8.85608],[121.09614,-8.85747],[121.09727,-8.86264],[121.09723,-8.8657],[121.09866,-8.86982],[121.09971,-8.87695],[121.099,-8.88151],[121.0994,-8.88865],[121.09868,-8.89594],[121.09914,-8.89865],[121.09797,-8.90272],[121.09893,-8.90723],[121.0971,-8.9198],[121.09793,-8.92088],[121.09786,-8.9236],[121.09688,-8.93054],[121.09482,-8.93213],[121.09213,-8.93566],[121.09205,-8.93802],[121.08972,-8.94285],[121.08874,-8.95934],[121.09022,-8.96271],[121.09141,-8.96376],[121.09787,-8.96484],[121.11344,-8.9647],[121.11432,-8.95846],[121.11355,-8.949],[121.11335,-8.92142]]]},"properties":{"date":"2021-08-31","year":2021,"res":0.5,"name":"Vivid"}},{"type":"Feature","geometry":{"type":"Polygon","coordinates":[[[121.10382,-8.78973],[121.10435,-8.78964],[121.10031,-8.78906],[121.10004,-8.78979],[121.10382,-8.78973]]]},"properties":{"date":"2021-10-22","year":2021,"res":0.31,"name":"Vivid"}},{"type":"Feature","geometry":{"type":"Polygon","coordinates":[[[121.10787,-8.78955],[121.10788,-8.78924],[121.10702,-8.78949],[121.10787,-8.78955]]]},"properties":{"date":"2021-10-22","year":2021,"res":0.31,"name":"Vivid"}},{"type":"Feature","geometry":{"type":"Polygon","coordinates":[[[121.11068,-8.78927],[121.11069,-8.78927],[121.11068,-8.78927]]]},"properties":{"date":"2021-10-22","year":2021,"res":0.31,"name":"Vivid"}},{"type":"Feature","geometry":{"type":"Polygon","coordinates":[[[121.11069,-8.78926],[121.11073,-8.78924],[121.1107,-8.78924],[121.11069,-8.78926]]]},"properties":{"date":"2021-10-22","year":2021,"res":0.31,"name":"Vivid"}},{"type":"Feature","geometry":{"type":"Polygon","coordinates":[[[121.10803,-8.78924],[121.10802,-8.78925],[121.10803,-8.78925],[121.10803,-8.78924]]]},"properties":{"date":"2021-10-22","year":2021,"res":0.31,"name":"Vivid"}},{"type":"Feature","geometry":{"type":"Polygon","coordinates":[[[121.10805,-8.78922],[121.10803,-8.78924],[121.10805,-8.78924],[121.10805,-8.78922]]]},"properties":{"date":"2021-10-22","year":2021,"res":0.31,"name":"Vivid"}},{"type":"Feature","geometry":{"type":"Polygon","coordinates":[[[121.11078,-8.78922],[121.11076,-8.78922],[121.11075,-8.78924],[121.11078,-8.78922]]]},"properties":{"date":"2021-10-22","year":2021,"res":0.31,"name":"Vivid"}},{"type":"Feature","geometry":{"type":"Polygon","coordinates":[[[121.10842,-8.78922],[121.10841,-8.78922],[121.10842,-8.78922]]]},"properties":{"date":"2021-10-22","year":2021,"res":0.31,"name":"Vivid"}},{"type":"Feature","geometry":{"type":"Polygon","coordinates":[[[121.11084,-8.78918],[121.11079,-8.78922],[121.11083,-8.78922],[121.11084,-8.78918]]]},"properties":{"date":"2021-10-22","year":2021,"res":0.31,"name":"Vivid"}},{"type":"Feature","geometry":{"type":"Polygon","coordinates":[[[121.11099,-8.7891],[121.111,-8.78909],[121.11098,-8.78909],[121.11099,-8.7891]]]},"properties":{"date":"2021-10-22","year":2021,"res":0.31,"name":"Vivid"}},{"type":"Feature","geometry":{"type":"Polygon","coordinates":[[[121.11152,-8.78911],[121.11148,-8.78907],[121.11132,-8.78907],[121.11152,-8.78911]]]},"properties":{"date":"2021-10-22","year":2021,"res":0.31,"name":"Vivid"}},{"type":"Feature","geometry":{"type":"Polygon","coordinates":[[[121.11115,-8.78908],[121.11116,-8.78908],[121.11115,-8.78908],[121.11115,-8.78908]]]},"properties":{"date":"2021-10-22","year":2021,"res":0.31,"name":"Vivid"}},{"type":"Feature","geometry":{"type":"Polygon","coordinates":[[[121.11116,-8.78908],[121.11117,-8.78907],[121.11116,-8.78907],[121.11116,-8.78908]]]},"properties":{"date":"2021-10-22","year":2021,"res":0.31,"name":"Vivid"}},{"type":"Feature","geometry":{"type":"Polygon","coordinates":[[[121.11318,-8.78906],[121.11318,-8.78908],[121.11326,-8.78906],[121.11318,-8.78906]]]},"properties":{"date":"2021-10-22","year":2021,"res":0.31,"name":"Vivid"}},{"type":"Feature","geometry":{"type":"Polygon","coordinates":[[[121.11124,-8.78907],[121.11132,-8.78907],[121.11124,-8.78907]]]},"properties":{"date":"2021-10-22","year":2021,"res":0.31,"name":"Vivid"}},{"type":"Feature","geometry":{"type":"Polygon","coordinates":[[[121.08903,-9.05273],[121.08876,-9.02347],[121.08427,-9.0235],[121.07681,-9.02246],[121.06934,-9.02349],[121.05745,-9.02316],[121.04612,-9.02254],[121.04252,-9.02134],[121.0366,-9.02096],[121.02875,-9.02184],[121.02539,-9.02335],[121.02278,-9.02239],[121.01504,-9.02328],[121.00799,-9.02274],[121.00408,-9.02311],[120.99786,-9.02267],[120.99422,-9.02121],[120.9906,-9.02116],[120.95564,-9.02387],[120.94711,-9.02397],[120.9375,-9.02516],[120.9375,-9.05273],[121.08903,-9.05273]]]},"properties":{"date":"2021-11-22","year":2021,"res":0.46,"name":"Vivid"}},{"type":"Feature","geometry":{"type":"Polygon","coordinates":[[[121.02536,-8.48152],[121.04279,-8.48382],[121.04441,-8.48316],[121.04676,-8.48349],[121.04863,-8.48144],[121.04052,-8.48095],[121.03929,-8.47943],[121.03521,-8.47895],[121.0331,-8.47736],[121.02539,-8.47488],[121.02429,-8.47547],[121.02024,-8.47575],[121.01655,-8.47452],[121.01146,-8.47452],[121.00923,-8.47346],[121.00785,-8.47382],[121.00478,-8.47218],[121.00217,-8.47227],[121.00683,-8.48141],[121.01874,-8.48281],[121.02536,-8.48152]]]},"properties":{"date":"2022-07-20","year":2022,"res":0.5,"name":"Vivid"}},{"type":"Feature","geometry":{"type":"Polygon","coordinates":[[[121.02543,-8.43753],[121.02542,-8.4375],[121.02543,-8.43755],[121.02543,-8.43753]]]},"properties":{"date":"2022-12-13","year":2022,"res":0.5,"name":"Vivid"}},{"type":"Feature","geometry":{"type":"Polygon","coordinates":[]},"properties":{"date":"2022-12-13","year":2022,"res":0.5,"name":"Vivid"}},{"type":"Feature","geometry":{"type":"Polygon","coordinates":[[[121.0254,-8.4375],[121.02539,-8.4375],[121.0254,-8.4375]]]},"properties":{"date":"2022-12-13","year":2022,"res":0.5,"name":"Vivid"}},{"type":"Feature","geometry":{"type":"Polygon","coordinates":[[[121.52821,-8.87677],[121.52778,-8.87933],[121.5285,-8.88231],[121.53093,-8.881],[121.53426,-8.88099],[121.53751,-8.87854],[121.55219,-8.87723],[121.55291,-8.87686],[121.55367,-8.87331],[121.55529,-8.87061],[121.5569,-8.85102],[121.55643,-8.84493],[121.55343,-8.83769],[121.55241,-8.82928],[121.55248,-8.80439],[121.55144,-8.7994],[121.55158,-8.79666],[121.55246,-8.7957],[121.55216,-8.78985],[121.55264,-8.789],[121.5461,-8.79444],[121.54284,-8.79554],[121.53065,-8.79414],[121.52833,-8.79465],[121.52784,-8.79562],[121.52748,-8.80282],[121.52648,-8.80551],[121.52736,-8.80695],[121.52808,-8.83712],[121.5275,-8.83846],[121.52743,-8.84524],[121.52512,-8.84823],[121.52517,-8.85024],[121.52644,-8.85166],[121.52503,-8.85371],[121.52494,-8.85541],[121.52666,-8.86],[121.52649,-8.86195],[121.5275,-8.86637],[121.5264,-8.86831],[121.52565,-8.8742],[121.52684,-8.87661],[121.52821,-8.87677]]]},"properties":{"date":"2023-08-18","year":2023,"res":0.46,"name":"Vivid"}},{"type":"Feature","geometry":{"type":"Polygon","coordinates":[[[121.31287,-8.83314],[121.31285,-8.83068],[121.31149,-8.82555],[121.3117,-8.82342],[121.31073,-8.82202],[121.30896,-8.81208],[121.30924,-8.80909],[121.31071,-8.80595],[121.30993,-8.79549],[121.31213,-8.79123],[121.3123,-8.78906],[121.31027,-8.78296],[121.30868,-8.78099],[121.30638,-8.78115],[121.30525,-8.78354],[121.29895,-8.78496],[121.29666,-8.78455],[121.29486,-8.78661],[121.29111,-8.78653],[121.29024,-8.78843],[121.28762,-8.78913],[121.28599,-8.79057],[121.28321,-8.7898],[121.28182,-8.79079],[121.28102,-8.79048],[121.28011,-8.79103],[121.27785,-8.79017],[121.2751,-8.79104],[121.27213,-8.79057],[121.26972,-8.79092],[121.26749,-8.78975],[121.26568,-8.79105],[121.26069,-8.78906],[121.25827,-8.78909],[121.25529,-8.79047],[121.25083,-8.79034],[121.24876,-8.78921],[121.24507,-8.78906],[121.24454,-8.79079],[121.24242,-8.79106],[121.24013,-8.79224],[121.2357,-8.79224],[121.23067,-8.79396],[121.22314,-8.79487],[121.22248,-8.79438],[121.21901,-8.79472],[121.21264,-8.79354],[121.20824,-8.79006],[121.2043,-8.79031],[121.20122,-8.78906],[121.19304,-8.78919],[121.1889,-8.79001],[121.1837,-8.78906],[121.18275,-8.7911],[121.18336,-8.79339],[121.18291,-8.79595],[121.18326,-8.80005],[121.18123,-8.8059],[121.18229,-8.80856],[121.18252,-8.81521],[121.18196,-8.81705],[121.18231,-8.81931],[121.18175,-8.82151],[121.18168,-8.82882],[121.18225,-8.83223],[121.18345,-8.83301],[121.18038,-8.83381],[121.17846,-8.83594],[121.1748,-8.84585],[121.17458,-8.84801],[121.17332,-8.84904],[121.17199,-8.85795],[121.17293,-8.86237],[121.17218,-8.86504],[121.1733,-8.86698],[121.17323,-8.86929],[121.17433,-8.87097],[121.17489,-8.87382],[121.17754,-8.87685],[121.18445,-8.87695],[121.18534,-8.87526],[121.1897,-8.87441],[121.19194,-8.8751],[121.19359,-8.87674],[121.19909,-8.87772],[121.20257,-8.87706],[121.20478,-8.87822],[121.20509,-8.87955],[121.20745,-8.88109],[121.21425,-8.88344],[121.22323,-8.88251],[121.22876,-8.88327],[121.23123,-8.88258],[121.23364,-8.88291],[121.23617,-8.88153],[121.23867,-8.88103],[121.23962,-8.88012],[121.24262,-8.87945],[121.24547,-8.87653],[121.24923,-8.87693],[121.25391,-8.87627],[121.25703,-8.87695],[121.25966,-8.87646],[121.26122,-8.87792],[121.26301,-8.8781],[121.26542,-8.8777],[121.26622,-8.87698],[121.2685,-8.87708],[121.26889,-8.87866],[121.26995,-8.8789],[121.27068,-8.88164],[121.27417,-8.8836],[121.27687,-8.88336],[121.27965,-8.88393],[121.28428,-8.88196],[121.2856,-8.88044],[121.28639,-8.87813],[121.28931,-8.87704],[121.28986,-8.87809],[121.28959,-8.88135],[121.2902,-8.88477],[121.29108,-8.88677],[121.29062,-8.89721],[121.2911,-8.90089],[121.29208,-8.90264],[121.29084,-8.9068],[121.28907,-8.92087],[121.28947,-8.93797],[121.28907,-8.96484],[121.3112,-8.96484],[121.30899,-8.9593],[121.30767,-8.94753],[121.30868,-8.93494],[121.30996,-8.93301],[121.31051,-8.92804],[121.31122,-8.92717],[121.31128,-8.91062],[121.31045,-8.90887],[121.30976,-8.90344],[121.3108,-8.8955],[121.3103,-8.89066],[121.31191,-8.88225],[121.31158,-8.87909],[121.31265,-8.87695],[121.31169,-8.87442],[121.3123,-8.87102],[121.31133,-8.86703],[121.31144,-8.86287],[121.31035,-8.86053],[121.31001,-8.85408],[121.31046,-8.85075],[121.30992,-8.84697],[121.31123,-8.84287],[121.31082,-8.84106],[121.31128,-8.83597],[121.31267,-8.8345],[121.31287,-8.83314]]]},"properties":{"date":"2023-09-15","year":2023,"res":0.5,"name":"Vivid"}},{"type":"Feature","geometry":{"type":"Polygon","coordinates":[[[121.31257,-8.87673],[121.31158,-8.87909],[121.31191,-8.88225],[121.3103,-8.89066],[121.3108,-8.8955],[121.30976,-8.90344],[121.31045,-8.90887],[121.31128,-8.91062],[121.31122,-8.92717],[121.31051,-8.92804],[121.30996,-8.93301],[121.30868,-8.93494],[121.30771,-8.94481],[121.30764,-8.95009],[121.30877,-8.95479],[121.30899,-8.9593],[121.31103,-8.96472],[121.37708,-8.96477],[121.37893,-8.9606],[121.38089,-8.95804],[121.38183,-8.94737],[121.38096,-8.94247],[121.38117,-8.93895],[121.38015,-8.93589],[121.38026,-8.93261],[121.37885,-8.92914],[121.37913,-8.92351],[121.37696,-8.92093],[121.37712,-8.92008],[121.38163,-8.91705],[121.38259,-8.91557],[121.38237,-8.91379],[121.38413,-8.91066],[121.38772,-8.90939],[121.38867,-8.90853],[121.3888,-8.90725],[121.39041,-8.90621],[121.39225,-8.90377],[121.39499,-8.89208],[121.39437,-8.88854],[121.3931,-8.88664],[121.39252,-8.88278],[121.39129,-8.88115],[121.39111,-8.87958],[121.38646,-8.87737],[121.37841,-8.87751],[121.37455,-8.87579],[121.37011,-8.87519],[121.3693,-8.87446],[121.36908,-8.87233],[121.36998,-8.86797],[121.36893,-8.86685],[121.36882,-8.86392],[121.3673,-8.8614],[121.36661,-8.8564],[121.36501,-8.85498],[121.36504,-8.84567],[121.36641,-8.84351],[121.36884,-8.84208],[121.36899,-8.83819],[121.37046,-8.83632],[121.37185,-8.83574],[121.37167,-8.83448],[121.37229,-8.83362],[121.37696,-8.83304],[121.36965,-8.83254],[121.3673,-8.82807],[121.36625,-8.8224],[121.3671,-8.81737],[121.36677,-8.81378],[121.36761,-8.81265],[121.36791,-8.80807],[121.37076,-8.80506],[121.37197,-8.80161],[121.37181,-8.80048],[121.37571,-8.79348],[121.37596,-8.79088],[121.37694,-8.78919],[121.37661,-8.78754],[121.37515,-8.78621],[121.37476,-8.78314],[121.37302,-8.78223],[121.37232,-8.78088],[121.36871,-8.77995],[121.36608,-8.78135],[121.36393,-8.78195],[121.36294,-8.78139],[121.36225,-8.78217],[121.36043,-8.78232],[121.35542,-8.7809],[121.3537,-8.78186],[121.3531,-8.78326],[121.35048,-8.78353],[121.34952,-8.78289],[121.34735,-8.7828],[121.34534,-8.78443],[121.34349,-8.78475],[121.33617,-8.7842],[121.33544,-8.78452],[121.33554,-8.7859],[121.33454,-8.78632],[121.33395,-8.78828],[121.33306,-8.78906],[121.33203,-8.78888],[121.32961,-8.78656],[121.32807,-8.78709],[121.32478,-8.78317],[121.3221,-8.78245],[121.32114,-8.78089],[121.31502,-8.78017],[121.30858,-8.78097],[121.30955,-8.78147],[121.31027,-8.78296],[121.3123,-8.78906],[121.31213,-8.79123],[121.30993,-8.79549],[121.31071,-8.80595],[121.30924,-8.80909],[121.30896,-8.81208],[121.31073,-8.82202],[121.3117,-8.82342],[121.31149,-8.82555],[121.31306,-8.83301],[121.31267,-8.8345],[121.31128,-8.83597],[121.31082,-8.84106],[121.31123,-8.84287],[121.30992,-8.84697],[121.31046,-8.85075],[121.31001,-8.85408],[121.31035,-8.86053],[121.31144,-8.86287],[121.31133,-8.86703],[121.3123,-8.87102],[121.31169,-8.87442],[121.31257,-8.87673]]]},"properties":{"date":"2023-09-20","year":2023,"res":0.5,"name":"Vivid"}},{"type":"Feature","geometry":{"type":"Polygon","coordinates":[]},"properties":{"date":"2023-09-20","year":2023,"res":0.5,"name":"Vivid"}},{"type":"Feature","geometry":{"type":"Polygon","coordinates":[[[120.93752,-8.514],[120.9375,-8.52538],[120.93838,-8.517],[120.93752,-8.514]]]},"properties":{"date":"2024-02-01","year":2024,"res":0.5,"name":"Vivid"}},{"type":"Feature","geometry":{"type":"Polygon","coordinates":[[[121.00665,-8.43734],[121.00656,-8.43875],[121.00537,-8.43998],[121.00806,-8.44014],[121.01029,-8.44114],[121.01476,-8.44131],[121.0187,-8.44043],[121.02084,-8.44086],[121.02257,-8.44017],[121.02536,-8.43761],[121.02201,-8.43646],[121.02184,-8.43576],[121.02213,-8.43104],[121.02376,-8.43004],[121.02475,-8.42831],[121.02501,-8.41767],[121.02402,-8.41537],[121.02241,-8.41472],[121.01938,-8.40919],[121.01859,-8.40882],[121.01882,-8.40717],[120.99778,-8.40717],[120.99674,-8.40938],[120.99829,-8.4145],[120.99807,-8.41598],[120.99958,-8.41681],[121.00087,-8.42131],[121.00235,-8.42298],[121.00275,-8.42619],[121.00511,-8.43027],[121.00665,-8.43734]]]},"properties":{"date":"2024-12-25","year":2024,"res":0.31,"name":"Vivid"}},{"type":"Feature","geometry":{"type":"Polygon","coordinates":[[[121.03073,-8.43863],[121.02924,-8.43806],[121.02629,-8.43813],[121.02977,-8.43919],[121.03073,-8.43863]]]},"properties":{"date":"2024-12-25","year":2024,"res":0.31,"name":"Vivid"}},{"type":"Feature","geometry":{"type":"Polygon","coordinates":[[[121.03085,-8.43833],[121.03088,-8.43832],[121.03085,-8.43832],[121.03085,-8.43833]]]},"properties":{"date":"2024-12-25","year":2024,"res":0.31,"name":"Vivid"}},{"type":"Feature","geometry":{"type":"Polygon","coordinates":[]},"properties":{"date":"2024-12-25","year":2024,"res":0.31,"name":"Vivid"}},{"type":"Feature","geometry":{"type":"Polygon","coordinates":[[[121.02629,-8.43813],[121.02628,-8.43813],[121.02629,-8.43813]]]},"properties":{"date":"2024-12-25","year":2024,"res":0.31,"name":"Vivid"}},{"type":"Feature","geometry":{"type":"Polygon","coordinates":[[[121.02602,-8.43815],[121.02626,-8.43815],[121.02588,-8.43794],[121.02602,-8.43815]]]},"properties":{"date":"2024-12-25","year":2024,"res":0.31,"name":"Vivid"}},{"type":"Feature","geometry":{"type":"Polygon","coordinates":[[[121.02586,-8.43791],[121.02581,-8.43793],[121.02588,-8.43794],[121.02586,-8.43791]]]},"properties":{"date":"2024-12-25","year":2024,"res":0.31,"name":"Vivid"}},{"type":"Feature","geometry":{"type":"Polygon","coordinates":[[[121.02541,-8.4375],[121.02542,-8.4375],[121.02541,-8.4375]]]},"properties":{"date":"2024-12-25","year":2024,"res":0.31,"name":"Vivid"}},{"type":"Feature","geometry":{"type":"Polygon","coordinates":[[[121.03094,-8.43831],[121.03092,-8.43831],[121.03092,-8.43833],[121.03094,-8.43831]]]},"properties":{"date":"2024-12-25","year":2024,"res":0.31,"name":"Vivid"}},{"type":"Feature","geometry":{"type":"Polygon","coordinates":[[[121.03317,-8.43816],[121.03359,-8.43813],[121.03253,-8.43814],[121.03317,-8.43816]]]},"properties":{"date":"2024-12-25","year":2024,"res":0.31,"name":"Vivid"}},{"type":"Feature","geometry":{"type":"Polygon","coordinates":[[[121.37689,-8.87685],[121.37978,-8.8776],[121.38076,-8.87708],[121.38646,-8.87737],[121.39111,-8.87958],[121.39129,-8.88115],[121.39252,-8.88278],[121.3931,-8.88664],[121.39437,-8.88854],[121.39499,-8.89208],[121.39225,-8.90377],[121.39041,-8.90621],[121.3888,-8.90725],[121.38867,-8.90853],[121.38772,-8.90939],[121.38413,-8.91066],[121.38237,-8.91379],[121.38259,-8.91557],[121.38163,-8.91705],[121.37712,-8.92008],[121.37696,-8.92093],[121.37913,-8.92351],[121.37885,-8.92914],[121.38026,-8.93261],[121.38015,-8.93589],[121.38117,-8.93895],[121.38096,-8.94247],[121.38183,-8.94737],[121.38086,-8.95814],[121.37893,-8.9606],[121.37696,-8.96484],[121.40443,-8.96484],[121.40479,-8.95255],[121.40596,-8.94323],[121.40748,-8.94138],[121.40772,-8.93502],[121.40466,-8.9209],[121.40538,-8.90293],[121.40489,-8.89541],[121.40504,-8.85248],[121.4063,-8.84937],[121.40699,-8.84135],[121.40511,-8.83301],[121.40674,-8.82508],[121.4076,-8.8131],[121.40782,-8.79217],[121.40773,-8.79137],[121.40677,-8.79087],[121.39218,-8.78909],[121.38775,-8.7891],[121.38044,-8.79043],[121.37919,-8.78911],[121.37696,-8.78906],[121.37596,-8.79088],[121.37571,-8.79348],[121.37181,-8.80048],[121.3713,-8.80393],[121.36791,-8.80807],[121.36761,-8.81265],[121.36677,-8.81378],[121.3671,-8.81737],[121.36625,-8.8224],[121.3673,-8.82807],[121.36965,-8.83254],[121.37696,-8.83304],[121.37229,-8.83362],[121.37167,-8.83448],[121.37185,-8.83574],[121.37046,-8.83632],[121.36899,-8.83819],[121.36884,-8.84208],[121.36641,-8.84351],[121.36504,-8.84567],[121.36501,-8.85498],[121.36661,-8.8564],[121.3673,-8.8614],[121.36882,-8.86392],[121.36893,-8.86685],[121.36998,-8.86797],[121.36908,-8.87233],[121.3693,-8.87446],[121.37011,-8.87519],[121.37455,-8.87579],[121.37689,-8.87685]]]},"properties":{"date":"2024-12-25","year":2024,"res":0.31,"name":"Vivid"}},{"type":"Feature","geometry":{"type":"Polygon","coordinates":[[[121.56621,-8.92102],[121.56503,-8.90395],[121.56622,-8.87695],[121.56149,-8.87645],[121.54139,-8.87795],[121.53678,-8.87873],[121.53426,-8.88099],[121.53093,-8.881],[121.5283,-8.88229],[121.52774,-8.88693],[121.52846,-8.89066],[121.52808,-8.897],[121.52674,-8.90226],[121.52655,-8.90854],[121.52809,-8.9209],[121.52804,-8.96484],[121.56632,-8.96484],[121.56621,-8.92102]]]},"properties":{"date":"2024-12-25","year":2024,"res":0.31,"name":"Vivid"}},{"type":"Feature","geometry":{"type":"Polygon","coordinates":[[[121.50431,-8.87691],[121.50367,-8.87881],[121.50033,-8.88121],[121.49954,-8.88403],[121.49881,-8.89007],[121.49879,-8.91674],[121.49993,-8.91961],[121.50449,-8.9209],[121.50461,-8.9648],[121.52804,-8.96484],[121.52809,-8.9209],[121.52655,-8.90854],[121.52674,-8.90226],[121.52767,-8.9001],[121.52845,-8.89087],[121.52774,-8.88693],[121.52841,-8.88299],[121.52778,-8.87933],[121.52824,-8.87695],[121.52684,-8.87661],[121.52565,-8.8742],[121.5264,-8.86831],[121.5275,-8.86637],[121.52649,-8.86195],[121.52666,-8.86],[121.52494,-8.85541],[121.52503,-8.85371],[121.52644,-8.85166],[121.52517,-8.85024],[121.52512,-8.84823],[121.52743,-8.84524],[121.5275,-8.83846],[121.52808,-8.83712],[121.52736,-8.80695],[121.52648,-8.80551],[121.52748,-8.80282],[121.52879,-8.78906],[121.52749,-8.78796],[121.52331,-8.78787],[121.51511,-8.78906],[121.50454,-8.78906],[121.5024,-8.79194],[121.50195,-8.79598],[121.50358,-8.7985],[121.50335,-8.79985],[121.50417,-8.80257],[121.50431,-8.87691]]]},"properties":{"date":"2025-02-17","year":2025,"res":0.34,"name":"Vivid"}},{"type":"Feature","geometry":{"type":"Polygon","coordinates":[[[120.99766,-8.40732],[120.9375,-8.40717],[120.9375,-8.48332],[120.94239,-8.48384],[120.948,-8.48669],[120.94983,-8.48609],[120.95595,-8.48653],[120.96631,-8.48528],[120.96847,-8.48602],[120.97254,-8.486],[120.98145,-8.48393],[120.98346,-8.48658],[120.98484,-8.49075],[120.98797,-8.49334],[120.98911,-8.49632],[120.99093,-8.49846],[120.99234,-8.50337],[120.99349,-8.50524],[120.99844,-8.50664],[121.0003,-8.50974],[121.00403,-8.5121],[121.00295,-8.5111],[121.00367,-8.5092],[121.00315,-8.50635],[121.00195,-8.50442],[121.00217,-8.49329],[121.00294,-8.48913],[121.00461,-8.48533],[121.00453,-8.48393],[121.00671,-8.48247],[121.00698,-8.48144],[121.00453,-8.4763],[121.00231,-8.4732],[121.00195,-8.46847],[121.00241,-8.46551],[121.00182,-8.46243],[121.00266,-8.45835],[121.00225,-8.45365],[121.00333,-8.44662],[121.00481,-8.44355],[121.00522,-8.44025],[121.00656,-8.43875],[121.00672,-8.4375],[121.00511,-8.43027],[121.00272,-8.42608],[121.00235,-8.42298],[121.00087,-8.42131],[120.99958,-8.41681],[120.99821,-8.41628],[120.99668,-8.41354],[120.99661,-8.40936],[120.99766,-8.40732]]]},"properties":{"date":"2025-07-08","year":2025,"res":0.34,"name":"Vivid"}},{"type":"Feature","geometry":{"type":"Polygon","coordinates":[[[120.93753,-8.51388],[120.9375,-8.51385],[120.9375,-8.51389],[120.93753,-8.51388]]]},"properties":{"date":"2025-07-08","year":2025,"res":0.34,"name":"Vivid"}},{"type":"Feature","geometry":{"type":"Polygon","coordinates":[[[121.00429,-8.96462],[121.00294,-8.96512],[121.00261,-8.96919],[121.00284,-9.01079],[121.001,-9.01674],[120.99943,-9.01837],[120.99489,-9.02035],[120.99425,-9.02124],[120.99786,-9.02267],[121.00408,-9.02311],[121.00799,-9.02274],[121.01504,-9.02328],[121.02278,-9.02239],[121.02539,-9.02335],[121.02875,-9.02184],[121.0366,-9.02096],[121.04252,-9.02134],[121.04612,-9.02254],[121.05745,-9.02316],[121.06934,-9.02349],[121.07681,-9.02246],[121.08427,-9.0235],[121.09778,-9.02358],[121.09787,-8.96484],[121.09092,-8.96345],[121.08874,-8.95934],[121.0887,-8.9572],[121.08999,-8.94142],[121.09192,-8.93839],[121.09213,-8.93566],[121.09482,-8.93213],[121.09688,-8.93054],[121.09734,-8.9292],[121.09793,-8.92088],[121.0971,-8.9198],[121.09893,-8.90723],[121.09797,-8.90272],[121.09914,-8.89865],[121.09868,-8.89594],[121.0994,-8.88865],[121.099,-8.88151],[121.09971,-8.87695],[121.09866,-8.86982],[121.09723,-8.8657],[121.09727,-8.86264],[121.09614,-8.85747],[121.09725,-8.85608],[121.0971,-8.85377],[121.09783,-8.85182],[121.09747,-8.84755],[121.09818,-8.84244],[121.09776,-8.83954],[121.09883,-8.83549],[121.1008,-8.83301],[121.10008,-8.82978],[121.09905,-8.82813],[121.09901,-8.82066],[121.09697,-8.81577],[121.09585,-8.80973],[121.09391,-8.80776],[121.09366,-8.80498],[121.0941,-8.80033],[121.09543,-8.79904],[121.09595,-8.79737],[121.09878,-8.79452],[121.09989,-8.79228],[121.10031,-8.78906],[121.1,-8.78643],[121.09848,-8.78245],[121.09906,-8.78143],[121.09895,-8.77969],[121.09801,-8.77833],[121.09722,-8.76846],[121.09815,-8.76543],[121.09761,-8.7639],[121.09797,-8.76058],[121.09869,-8.75709],[121.09958,-8.75575],[121.09944,-8.73753],[121.09926,-8.73427],[121.09871,-8.73354],[121.09904,-8.72643],[121.09806,-8.7232],[121.0986,-8.72015],[121.0973,-8.7132],[121.09853,-8.71038],[121.09932,-8.70117],[121.09869,-8.69842],[121.09708,-8.6979],[121.09485,-8.69584],[121.09358,-8.69229],[121.09455,-8.68332],[121.09589,-8.68071],[121.09694,-8.67999],[121.09755,-8.6765],[121.09896,-8.6746],[121.09859,-8.67234],[121.09922,-8.66964],[121.09814,-8.6668],[121.09862,-8.65995],[121.09959,-8.65723],[121.09855,-8.65435],[121.09891,-8.65097],[121.09772,-8.64697],[121.09858,-8.64207],[121.09816,-8.6398],[121.09927,-8.63822],[121.10045,-8.63325],[121.09803,-8.62683],[121.099,-8.62484],[121.09905,-8.62171],[121.10007,-8.61752],[121.10074,-8.61706],[121.10132,-8.61331],[121.09695,-8.60419],[121.09658,-8.60284],[121.09707,-8.60037],[121.09582,-8.59938],[121.09536,-8.59718],[121.09545,-8.593],[121.09676,-8.59073],[121.09649,-8.58951],[121.09854,-8.5857],[121.09994,-8.58132],[121.10059,-8.57247],[121.10001,-8.57018],[121.10054,-8.56934],[121.10046,-8.56753],[121.09907,-8.56625],[121.09814,-8.56246],[121.09857,-8.55867],[121.0977,-8.55356],[121.09795,-8.55034],[121.09646,-8.54631],[121.09563,-8.54601],[121.09555,-8.54506],[121.09443,-8.544],[121.09406,-8.5421],[121.09542,-8.53778],[121.09797,-8.5333],[121.09801,-8.53118],[121.10032,-8.52777],[121.10077,-8.52539],[121.09957,-8.52112],[121.09865,-8.51378],[121.09942,-8.49729],[121.09781,-8.48589],[121.10001,-8.48144],[121.09961,-8.48124],[121.09588,-8.48311],[121.08738,-8.48144],[121.0869,-8.48206],[121.0836,-8.4818],[121.07674,-8.48298],[121.06933,-8.48144],[121.06233,-8.48314],[121.05609,-8.4831],[121.05145,-8.48231],[121.04676,-8.48349],[121.0438,-8.48324],[121.04279,-8.48382],[121.03414,-8.48298],[121.02831,-8.48151],[121.02371,-8.4815],[121.01874,-8.48281],[121.00698,-8.48144],[121.00671,-8.48247],[121.00453,-8.48393],[121.00461,-8.48533],[121.00239,-8.49182],[121.00195,-8.50442],[121.00315,-8.50635],[121.00367,-8.5092],[121.00295,-8.5111],[121.00405,-8.51207],[121.00266,-8.51611],[121.00037,-8.51812],[121.0004,-8.52033],[121.00107,-8.52265],[121.00405,-8.52539],[121.00317,-8.52571],[121.00172,-8.52837],[121.00245,-8.53216],[121.00076,-8.53402],[121.00036,-8.53738],[121.00081,-8.53964],[121.00014,-8.54133],[121.00128,-8.54324],[121.00106,-8.54482],[121.00207,-8.54795],[121.00243,-8.55254],[121.00191,-8.55536],[121.00307,-8.55936],[121.00223,-8.56124],[121.00309,-8.56296],[121.00412,-8.56934],[121.00356,-8.58597],[121.00113,-8.58912],[121.00087,-8.5916],[121.00111,-8.59794],[121.00216,-8.60176],[121.00172,-8.60423],[121.00319,-8.61212],[121.00415,-8.61325],[121.0039,-8.61953],[121.00252,-8.62111],[121.00225,-8.62265],[121.00355,-8.62511],[121.00357,-8.6279],[121.00248,-8.63053],[121.00227,-8.64128],[121.00349,-8.64761],[121.00312,-8.65524],[121.00422,-8.65723],[121.00337,-8.66651],[121.0041,-8.67278],[121.00163,-8.68544],[121.0019,-8.68841],[121.00294,-8.68955],[121.00289,-8.6926],[121.0022,-8.69361],[121.00314,-8.69531],[121.00284,-8.69865],[121.00433,-8.70117],[121.00311,-8.70184],[121.00255,-8.70311],[121.00309,-8.70502],[121.00231,-8.70949],[121.00255,-8.71126],[121.00407,-8.71345],[121.00362,-8.71585],[121.00407,-8.71659],[121.00284,-8.72089],[121.00319,-8.72626],[121.00185,-8.72747],[121.00171,-8.72846],[121.00223,-8.7308],[121.0019,-8.73315],[121.00305,-8.73738],[121.0027,-8.73926],[121.00447,-8.74512],[121.00212,-8.74952],[121.00158,-8.75187],[120.99996,-8.75354],[120.9985,-8.76069],[121.00038,-8.77136],[121.00128,-8.77316],[121.0014,-8.77712],[121.00268,-8.77809],[121.00372,-8.78008],[121.00382,-8.78371],[121.00458,-8.78616],[121.00328,-8.80236],[121.00389,-8.80339],[121.00407,-8.80682],[121.00285,-8.81124],[121.00302,-8.81351],[121.00431,-8.81609],[121.00429,-8.81803],[121.00349,-8.819],[121.00304,-8.82129],[121.00432,-8.82703],[121.0041,-8.83096],[121.00483,-8.83301],[121.00396,-8.83989],[121.00448,-8.84212],[121.00298,-8.84872],[121.0029,-8.85253],[121.00399,-8.85484],[121.00287,-8.85976],[121.00441,-8.86218],[121.00348,-8.86604],[121.0046,-8.87695],[121.00332,-8.87892],[121.00307,-8.8815],[121.0023,-8.88222],[121.00146,-8.88566],[121.00178,-8.89087],[121.0007,-8.89463],[121.00187,-8.89926],[121.00072,-8.90565],[121.0028,-8.90884],[121.00289,-8.91271],[121.00359,-8.91376],[121.00355,-8.91668],[121.00477,-8.9209],[121.00358,-8.92728],[121.00449,-8.92958],[121.00409,-8.93133],[121.0046,-8.9337],[121.00391,-8.93619],[121.00452,-8.94192],[121.00248,-8.9499],[121.00396,-8.95241],[121.00437,-8.9545],[121.00429,-8.96462]]]},"properties":{"date":"2025-09-03","year":2025,"res":0.34,"name":"Vivid"}},{"type":"Feature","geometry":{"type":"Polygon","coordinates":[[[121.4649,-8.83574],[121.46611,-8.8017],[121.46584,-8.79867],[121.46501,-8.79786],[121.46488,-8.79542],[121.46545,-8.79416],[121.46485,-8.79256],[121.46485,-8.78906],[121.45536,-8.7909],[121.45314,-8.79238],[121.4524,-8.79511],[121.44779,-8.79582],[121.44093,-8.79541],[121.43962,-8.79461],[121.42841,-8.79506],[121.42822,-8.7937],[121.42539,-8.79319],[121.42456,-8.79055],[121.42132,-8.78912],[121.41592,-8.78988],[121.40544,-8.78906],[121.40773,-8.79137],[121.40781,-8.79397],[121.40752,-8.8164],[121.40674,-8.82508],[121.40511,-8.83301],[121.40699,-8.84135],[121.4063,-8.84937],[121.40504,-8.85248],[121.40489,-8.89541],[121.40538,-8.90293],[121.40466,-8.9209],[121.40772,-8.93502],[121.40748,-8.94138],[121.40596,-8.94323],[121.40479,-8.95255],[121.40443,-8.96484],[121.46485,-8.96484],[121.46529,-8.9159],[121.4649,-8.83574]]]},"properties":{"date":"2025-09-20","year":2025,"res":0.34,"name":"Vivid"}},{"type":"Feature","geometry":{"type":"Polygon","coordinates":[[[121.18421,-8.61337],[121.18268,-8.61126],[121.17944,-8.60893],[121.17637,-8.60479],[121.17521,-8.603],[121.17505,-8.60035],[121.17718,-8.59284],[121.17687,-8.58703],[121.17828,-8.58156],[121.17753,-8.57868],[121.1792,-8.57738],[121.17919,-8.57462],[121.18052,-8.57256],[121.18317,-8.57044],[121.18344,-8.56948],[121.18421,-8.56934],[121.18306,-8.56823],[121.18255,-8.56579],[121.18155,-8.55213],[121.18183,-8.54702],[121.18407,-8.53941],[121.18288,-8.53352],[121.18434,-8.5293],[121.18466,-8.52539],[121.18349,-8.52291],[121.18268,-8.52246],[121.18306,-8.51612],[121.18201,-8.50988],[121.18264,-8.50453],[121.18235,-8.50031],[121.18038,-8.49569],[121.17935,-8.49462],[121.1806,-8.48377],[121.17961,-8.48484],[121.17286,-8.48693],[121.16739,-8.48648],[121.16609,-8.48687],[121.16,-8.486],[121.15912,-8.48477],[121.15787,-8.48437],[121.15723,-8.48252],[121.15649,-8.48349],[121.14877,-8.48493],[121.14054,-8.48431],[121.13818,-8.48248],[121.13546,-8.48224],[121.13374,-8.4814],[121.11476,-8.48077],[121.11347,-8.48051],[121.11328,-8.47983],[121.10901,-8.48134],[121.09362,-8.48009],[121.0876,-8.48121],[121.08817,-8.48176],[121.09588,-8.48311],[121.09882,-8.48147],[121.10001,-8.48144],[121.09781,-8.48589],[121.09942,-8.49729],[121.09865,-8.51378],[121.09957,-8.52112],[121.10077,-8.52539],[121.10032,-8.52777],[121.09801,-8.53118],[121.09797,-8.5333],[121.09542,-8.53778],[121.09406,-8.5421],[121.09443,-8.544],[121.09555,-8.54506],[121.09563,-8.54601],[121.09646,-8.54631],[121.09795,-8.55034],[121.0977,-8.55356],[121.09857,-8.55867],[121.09814,-8.56246],[121.09907,-8.56625],[121.10046,-8.56753],[121.10054,-8.56934],[121.10001,-8.57018],[121.10059,-8.57247],[121.09994,-8.58132],[121.09854,-8.5857],[121.09649,-8.58951],[121.09676,-8.59073],[121.09545,-8.593],[121.09536,-8.59718],[121.09582,-8.59938],[121.09707,-8.60037],[121.09658,-8.60284],[121.09695,-8.60419],[121.10132,-8.61328],[121.10074,-8.61706],[121.10007,-8.61752],[121.09905,-8.62171],[121.099,-8.62484],[121.09803,-8.62683],[121.10045,-8.63325],[121.09927,-8.63822],[121.09816,-8.6398],[121.09858,-8.64207],[121.09772,-8.64697],[121.09891,-8.65097],[121.09855,-8.65435],[121.09959,-8.65723],[121.09862,-8.65995],[121.09814,-8.6668],[121.09922,-8.66964],[121.09859,-8.67234],[121.09896,-8.6746],[121.09755,-8.6765],[121.09694,-8.67999],[121.09589,-8.68071],[121.09455,-8.68332],[121.09358,-8.69229],[121.09485,-8.69584],[121.09708,-8.6979],[121.09869,-8.69842],[121.09932,-8.70117],[121.09853,-8.71038],[121.0973,-8.7132],[121.0986,-8.72015],[121.09806,-8.7232],[121.09904,-8.72643],[121.09871,-8.73354],[121.09926,-8.73427],[121.09944,-8.73753],[121.09958,-8.75575],[121.09869,-8.75709],[121.09797,-8.76058],[121.09761,-8.7639],[121.09815,-8.76543],[121.09723,-8.76829],[121.09734,-8.77314],[121.09801,-8.77833],[121.09895,-8.77969],[121.09906,-8.78143],[121.09848,-8.78245],[121.1,-8.78643],[121.10028,-8.78905],[121.10547,-8.78979],[121.10733,-8.78922],[121.11328,-8.78906],[121.11384,-8.79131],[121.11625,-8.79394],[121.11807,-8.7988],[121.11768,-8.80314],[121.11854,-8.80527],[121.11817,-8.81042],[121.11676,-8.81488],[121.11705,-8.82164],[121.11548,-8.82445],[121.1154,-8.82652],[121.11337,-8.82949],[121.11327,-8.83304],[121.1097,-8.83661],[121.10813,-8.83731],[121.10359,-8.84286],[121.10263,-8.84517],[121.10098,-8.84653],[121.10128,-8.85193],[121.10213,-8.8543],[121.10505,-8.85714],[121.10532,-8.86175],[121.10838,-8.86427],[121.10974,-8.8672],[121.11184,-8.86856],[121.11199,-8.87237],[121.11307,-8.87669],[121.11626,-8.87754],[121.11666,-8.88007],[121.1187,-8.88166],[121.11857,-8.88482],[121.11995,-8.88946],[121.11943,-8.89021],[121.11914,-8.89486],[121.11954,-8.89981],[121.11575,-8.91109],[121.11613,-8.9131],[121.11374,-8.91624],[121.11346,-8.91815],[121.11355,-8.949],[121.11432,-8.95846],[121.11328,-8.96484],[121.18475,-8.96484],[121.18427,-8.95079],[121.18478,-8.9209],[121.18023,-8.91942],[121.17873,-8.918],[121.17787,-8.91564],[121.17656,-8.91438],[121.17565,-8.91011],[121.17638,-8.90382],[121.17633,-8.88964],[121.1771,-8.88854],[121.17938,-8.88798],[121.18142,-8.88032],[121.18308,-8.87949],[121.18441,-8.87693],[121.17779,-8.87692],[121.17546,-8.87474],[121.17323,-8.86929],[121.1733,-8.86698],[121.17218,-8.86504],[121.17293,-8.86237],[121.17199,-8.85795],[121.17323,-8.84929],[121.17458,-8.84801],[121.1748,-8.84585],[121.17708,-8.84064],[121.17748,-8.83767],[121.18038,-8.83381],[121.18345,-8.83301],[121.18225,-8.83223],[121.18168,-8.82882],[121.18175,-8.82151],[121.18231,-8.81931],[121.18196,-8.81705],[121.18252,-8.81521],[121.18229,-8.80856],[121.18123,-8.8059],[121.18326,-8.80005],[121.18291,-8.79595],[121.18336,-8.79339],[121.18275,-8.7911],[121.1837,-8.78906],[121.18222,-8.78389],[121.18142,-8.78299],[121.18303,-8.77166],[121.18217,-8.76886],[121.18302,-8.76472],[121.1823,-8.76019],[121.18381,-8.75722],[121.18341,-8.74915],[121.18435,-8.7451],[121.18331,-8.74447],[121.18385,-8.741],[121.18248,-8.73877],[121.18198,-8.73436],[121.18096,-8.73181],[121.17905,-8.73009],[121.17875,-8.72906],[121.17993,-8.72378],[121.17997,-8.71996],[121.17917,-8.71535],[121.17941,-8.71321],[121.17836,-8.70909],[121.18099,-8.70667],[121.18224,-8.70332],[121.18464,-8.70115],[121.18223,-8.69742],[121.1812,-8.69161],[121.17845,-8.68953],[121.17858,-8.68843],[121.17695,-8.68571],[121.17413,-8.68265],[121.17464,-8.68002],[121.17371,-8.67876],[121.17341,-8.67595],[121.17423,-8.67513],[121.17401,-8.67282],[121.1751,-8.66762],[121.18061,-8.66277],[121.18412,-8.6609],[121.18478,-8.65957],[121.18475,-8.6572],[121.18368,-8.6568],[121.18061,-8.6529],[121.17885,-8.65197],[121.17869,-8.65046],[121.17795,-8.64976],[121.17726,-8.64224],[121.17539,-8.63839],[121.17528,-8.63536],[121.17547,-8.63064],[121.17811,-8.62498],[121.17886,-8.62122],[121.17984,-8.6203],[121.18081,-8.61706],[121.18421,-8.61337]]]},"properties":{"date":"2025-09-21","year":2025,"res":0.34,"name":"Vivid"}},{"type":"Feature","geometry":{"type":"Polygon","coordinates":[[[121.18453,-8.70102],[121.18357,-8.7026],[121.18224,-8.70332],[121.18099,-8.70667],[121.17836,-8.70909],[121.17941,-8.71321],[121.17917,-8.71535],[121.17997,-8.71996],[121.17993,-8.72378],[121.17875,-8.72906],[121.17905,-8.73009],[121.18096,-8.73181],[121.18198,-8.73436],[121.18248,-8.73877],[121.18385,-8.741],[121.18331,-8.74447],[121.18435,-8.7451],[121.18341,-8.74915],[121.18381,-8.75722],[121.1823,-8.76019],[121.18302,-8.76472],[121.18217,-8.76886],[121.18303,-8.77166],[121.18142,-8.78299],[121.18222,-8.78389],[121.18355,-8.78897],[121.1889,-8.79001],[121.19304,-8.78919],[121.20122,-8.78906],[121.2043,-8.79031],[121.20824,-8.79006],[121.21264,-8.79354],[121.21901,-8.79472],[121.22248,-8.79438],[121.22314,-8.79487],[121.23067,-8.79396],[121.2357,-8.79224],[121.24013,-8.79224],[121.24242,-8.79106],[121.24454,-8.79079],[121.24507,-8.78906],[121.24876,-8.78921],[121.25083,-8.79034],[121.25529,-8.79047],[121.25827,-8.78909],[121.26069,-8.78906],[121.2581,-8.78871],[121.25762,-8.78803],[121.25752,-8.78079],[121.25677,-8.78007],[121.25686,-8.77822],[121.25296,-8.77266],[121.25311,-8.77072],[121.25422,-8.76956],[121.25426,-8.76622],[121.25488,-8.76489],[121.25315,-8.76256],[121.2533,-8.7606],[121.25402,-8.7583],[121.25616,-8.75516],[121.25657,-8.75213],[121.25911,-8.74933],[121.25949,-8.74694],[121.26061,-8.74512],[121.26027,-8.74397],[121.2582,-8.74277],[121.25679,-8.74026],[121.25519,-8.73973],[121.25,-8.73583],[121.24869,-8.72985],[121.25073,-8.72427],[121.25122,-8.71513],[121.25221,-8.71448],[121.25329,-8.7121],[121.25381,-8.70637],[121.25637,-8.70375],[121.25679,-8.70247],[121.26052,-8.7012],[121.2568,-8.69836],[121.25521,-8.694],[121.25594,-8.68984],[121.2568,-8.68866],[121.25585,-8.68079],[121.25623,-8.67973],[121.25559,-8.6779],[121.25284,-8.6745],[121.2534,-8.67286],[121.25504,-8.67117],[121.25541,-8.66905],[121.25691,-8.66757],[121.25703,-8.66513],[121.26052,-8.65723],[121.25956,-8.65504],[121.25709,-8.6531],[121.25734,-8.64977],[121.25669,-8.64859],[121.25676,-8.64633],[121.25472,-8.64183],[121.255,-8.63563],[121.25394,-8.63278],[121.25411,-8.62874],[121.25544,-8.62581],[121.25642,-8.6208],[121.25798,-8.61698],[121.26045,-8.61328],[121.25999,-8.6115],[121.25936,-8.61118],[121.25943,-8.6084],[121.25761,-8.60586],[121.25693,-8.60358],[121.25435,-8.60194],[121.25389,-8.59888],[121.25232,-8.5968],[121.25241,-8.59291],[121.25093,-8.59213],[121.24957,-8.59007],[121.24937,-8.58829],[121.25003,-8.58525],[121.25174,-8.58306],[121.25278,-8.57723],[121.25695,-8.5745],[121.25895,-8.5716],[121.25908,-8.57042],[121.26038,-8.56936],[121.25947,-8.56844],[121.26006,-8.56558],[121.25982,-8.56141],[121.25859,-8.55848],[121.25924,-8.5544],[121.25817,-8.55243],[121.25824,-8.54945],[121.25742,-8.54867],[121.25729,-8.54599],[121.25567,-8.54437],[121.25433,-8.53862],[121.2563,-8.53069],[121.25832,-8.52795],[121.25964,-8.52737],[121.26042,-8.52539],[121.25665,-8.52443],[121.25373,-8.52503],[121.25232,-8.52466],[121.25143,-8.5253],[121.24253,-8.52539],[121.24375,-8.52355],[121.24301,-8.51344],[121.24451,-8.50915],[121.24357,-8.50263],[121.24385,-8.49968],[121.24499,-8.49722],[121.24439,-8.49399],[121.24465,-8.49039],[121.24389,-8.48812],[121.24246,-8.4868],[121.24199,-8.48401],[121.24163,-8.48465],[121.23733,-8.48504],[121.23459,-8.48407],[121.23105,-8.48441],[121.23011,-8.48396],[121.22872,-8.48442],[121.22838,-8.48553],[121.22661,-8.48587],[121.22322,-8.48533],[121.22225,-8.48588],[121.21901,-8.48441],[121.21551,-8.48494],[121.21216,-8.48402],[121.20746,-8.48452],[121.20117,-8.48385],[121.19344,-8.48685],[121.18744,-8.4858],[121.1832,-8.48585],[121.18122,-8.48518],[121.1806,-8.48377],[121.18011,-8.48557],[121.18045,-8.48725],[121.1797,-8.4886],[121.17935,-8.49462],[121.18038,-8.49569],[121.18235,-8.50031],[121.18264,-8.50453],[121.18201,-8.50988],[121.18306,-8.51612],[121.18268,-8.52246],[121.18349,-8.52291],[121.18466,-8.52539],[121.18434,-8.5293],[121.18288,-8.53352],[121.18407,-8.53941],[121.18183,-8.54702],[121.18155,-8.55213],[121.18255,-8.56579],[121.18306,-8.56823],[121.18421,-8.56934],[121.18344,-8.56948],[121.18317,-8.57044],[121.18052,-8.57256],[121.17919,-8.57462],[121.1792,-8.57738],[121.17753,-8.57868],[121.17828,-8.58156],[121.17687,-8.58703],[121.17718,-8.59284],[121.17505,-8.60035],[121.17521,-8.603],[121.17637,-8.60479],[121.17944,-8.60893],[121.18268,-8.61126],[121.18425,-8.61328],[121.18081,-8.61706],[121.17984,-8.6203],[121.17886,-8.62122],[121.17726,-8.62727],[121.17585,-8.62924],[121.17532,-8.63812],[121.17726,-8.64224],[121.17789,-8.64954],[121.17869,-8.65046],[121.17885,-8.65197],[121.18061,-8.6529],[121.18368,-8.6568],[121.18475,-8.6572],[121.18478,-8.65957],[121.18412,-8.6609],[121.18061,-8.66277],[121.1751,-8.66762],[121.17401,-8.67282],[121.17423,-8.67513],[121.17341,-8.67595],[121.17371,-8.67876],[121.17464,-8.68002],[121.17413,-8.68265],[121.17695,-8.68571],[121.17858,-8.68843],[121.17845,-8.68953],[121.1812,-8.69161],[121.18223,-8.69742],[121.18453,-8.70102]]]},"properties":{"date":"2025-09-21","year":2025,"res":0.34,"name":"Vivid"}},{"type":"Feature","geometry":{"type":"Polygon","coordinates":[[[121.18467,-8.96463],[121.2607,-8.96484],[121.2593,-8.96401],[121.25906,-8.96262],[121.25886,-8.94799],[121.25915,-8.92489],[121.26059,-8.9209],[121.25804,-8.91716],[121.25763,-8.91426],[121.25532,-8.91143],[121.25528,-8.90273],[121.2539,-8.90026],[121.25283,-8.89467],[121.25356,-8.88782],[121.2559,-8.88644],[121.25666,-8.88338],[121.25762,-8.88367],[121.25948,-8.8817],[121.25956,-8.87964],[121.25888,-8.87843],[121.26069,-8.87695],[121.25391,-8.87627],[121.24923,-8.87693],[121.24547,-8.87653],[121.24262,-8.87945],[121.23962,-8.88012],[121.23867,-8.88103],[121.23617,-8.88153],[121.23378,-8.88288],[121.23123,-8.88258],[121.22876,-8.88327],[121.22323,-8.88251],[121.21674,-8.88279],[121.21498,-8.88347],[121.20745,-8.88109],[121.20509,-8.87955],[121.20478,-8.87822],[121.20257,-8.87706],[121.19909,-8.87772],[121.19359,-8.87674],[121.1918,-8.87502],[121.18902,-8.87431],[121.18498,-8.87551],[121.18308,-8.87949],[121.18142,-8.88032],[121.17938,-8.88798],[121.1771,-8.88854],[121.17633,-8.88964],[121.17638,-8.90382],[121.17565,-8.91011],[121.17656,-8.91438],[121.17787,-8.91564],[121.17873,-8.918],[121.18023,-8.91942],[121.18478,-8.9209],[121.18428,-8.94472],[121.18467,-8.96463]]]},"properties":{"date":"2025-09-21","year":2025,"res":0.34,"name":"Vivid"}},{"type":"Feature","geometry":{"type":"Polygon","coordinates":[[[121.33324,-8.52537],[121.3321,-8.52694],[121.33161,-8.53002],[121.32914,-8.53094],[121.31379,-8.54218],[121.3038,-8.54082],[121.30223,-8.53869],[121.29804,-8.5302],[121.29807,-8.52926],[121.28925,-8.52635],[121.28908,-8.52539],[121.28787,-8.52613],[121.28538,-8.52563],[121.28511,-8.5265],[121.28418,-8.52635],[121.28347,-8.52713],[121.28203,-8.52687],[121.28163,-8.52773],[121.26828,-8.52563],[121.26042,-8.52539],[121.25964,-8.52737],[121.25832,-8.52795],[121.25674,-8.52984],[121.25479,-8.53512],[121.25444,-8.5401],[121.25567,-8.54437],[121.25729,-8.54599],[121.25742,-8.54867],[121.25824,-8.54945],[121.25817,-8.55243],[121.25924,-8.5544],[121.25859,-8.55848],[121.25982,-8.56141],[121.26006,-8.56558],[121.25947,-8.56844],[121.26038,-8.56936],[121.25908,-8.57042],[121.25895,-8.5716],[121.25695,-8.5745],[121.25278,-8.57723],[121.25174,-8.58306],[121.25003,-8.58525],[121.24937,-8.58829],[121.24957,-8.59007],[121.25093,-8.59213],[121.25241,-8.59291],[121.25232,-8.5968],[121.25389,-8.59888],[121.25435,-8.60194],[121.25693,-8.60358],[121.25761,-8.60586],[121.25943,-8.6084],[121.25936,-8.61118],[121.25999,-8.6115],[121.26045,-8.61328],[121.25798,-8.61698],[121.25642,-8.6208],[121.25544,-8.62581],[121.25411,-8.62874],[121.25394,-8.63278],[121.255,-8.63563],[121.25472,-8.64183],[121.25676,-8.64633],[121.25669,-8.64859],[121.25734,-8.64977],[121.25709,-8.6531],[121.25956,-8.65504],[121.26052,-8.65723],[121.25703,-8.66513],[121.25691,-8.66757],[121.25541,-8.66905],[121.25504,-8.67117],[121.2534,-8.67286],[121.25284,-8.6745],[121.25559,-8.6779],[121.25623,-8.67973],[121.25585,-8.68079],[121.2568,-8.68866],[121.25594,-8.68984],[121.25521,-8.694],[121.2568,-8.69836],[121.26052,-8.7012],[121.25679,-8.70247],[121.25637,-8.70375],[121.25381,-8.70637],[121.25329,-8.7121],[121.25221,-8.71448],[121.25122,-8.71513],[121.25073,-8.72427],[121.24869,-8.72985],[121.25,-8.73583],[121.25519,-8.73973],[121.25679,-8.74026],[121.2582,-8.74277],[121.26044,-8.74444],[121.25952,-8.74861],[121.25657,-8.75213],[121.25616,-8.75516],[121.25402,-8.7583],[121.2533,-8.7606],[121.25315,-8.76256],[121.25488,-8.76489],[121.25426,-8.76622],[121.25422,-8.76956],[121.25311,-8.77072],[121.25296,-8.77266],[121.25686,-8.77822],[121.25677,-8.78007],[121.25752,-8.78079],[121.25783,-8.78848],[121.26333,-8.78979],[121.26524,-8.79101],[121.26749,-8.78975],[121.26972,-8.79092],[121.27213,-8.79057],[121.2751,-8.79104],[121.27785,-8.79017],[121.28011,-8.79103],[121.28102,-8.79048],[121.28182,-8.79079],[121.28321,-8.7898],[121.28599,-8.79057],[121.28762,-8.78913],[121.28907,-8.78906],[121.28728,-8.78882],[121.28509,-8.78631],[121.28492,-8.78318],[121.28517,-8.78186],[121.28652,-8.78083],[121.28662,-8.77786],[121.28633,-8.775],[121.28488,-8.77278],[121.28481,-8.76892],[121.28668,-8.76327],[121.28772,-8.76224],[121.28807,-8.75669],[121.28888,-8.75463],[121.29015,-8.75361],[121.29101,-8.74644],[121.28907,-8.74514],[121.28912,-8.74173],[121.29012,-8.73794],[121.29075,-8.73743],[121.2902,-8.73325],[121.2911,-8.73081],[121.291,-8.72823],[121.29254,-8.72539],[121.29267,-8.72305],[121.29193,-8.72239],[121.29345,-8.7163],[121.29353,-8.71311],[121.29441,-8.7119],[121.29405,-8.7104],[121.29145,-8.70805],[121.29097,-8.70422],[121.2903,-8.70231],[121.28907,-8.70117],[121.29288,-8.70089],[121.29365,-8.69815],[121.29497,-8.69783],[121.30175,-8.69832],[121.30536,-8.70023],[121.30777,-8.70001],[121.3131,-8.70171],[121.31823,-8.7018],[121.31973,-8.70279],[121.32395,-8.70332],[121.32526,-8.70283],[121.32747,-8.70339],[121.3292,-8.70294],[121.3298,-8.70197],[121.33301,-8.70117],[121.33354,-8.70197],[121.33795,-8.70182],[121.34318,-8.7037],[121.34445,-8.70283],[121.34496,-8.70117],[121.34191,-8.7001],[121.34224,-8.69741],[121.3409,-8.69451],[121.3418,-8.69046],[121.33979,-8.68383],[121.34002,-8.67677],[121.33915,-8.67287],[121.34254,-8.6639],[121.34307,-8.66388],[121.34436,-8.66114],[121.34397,-8.65929],[121.34452,-8.65723],[121.34298,-8.65512],[121.34322,-8.65348],[121.34446,-8.65166],[121.34441,-8.64835],[121.34331,-8.646],[121.3433,-8.64344],[121.33916,-8.6265],[121.34152,-8.61582],[121.34398,-8.61328],[121.34349,-8.60975],[121.34162,-8.60634],[121.34186,-8.60365],[121.34087,-8.60358],[121.3396,-8.60182],[121.33651,-8.60011],[121.33604,-8.59825],[121.33763,-8.59231],[121.33693,-8.58994],[121.33947,-8.58757],[121.33962,-8.57725],[121.34117,-8.5742],[121.3415,-8.57177],[121.34326,-8.56934],[121.34042,-8.56208],[121.34186,-8.55973],[121.34131,-8.55597],[121.34178,-8.55521],[121.34119,-8.55379],[121.34287,-8.54836],[121.34247,-8.54649],[121.34313,-8.54164],[121.34314,-8.52539],[121.33451,-8.52489],[121.33324,-8.52537]]]},"properties":{"date":"2025-09-21","year":2025,"res":0.34,"name":"Vivid"}},{"type":"Feature","geometry":{"type":"Polygon","coordinates":[[[121.2891,-8.92137],[121.29084,-8.9068],[121.29208,-8.90264],[121.2911,-8.90089],[121.29062,-8.89721],[121.29108,-8.88677],[121.2902,-8.88477],[121.28959,-8.88135],[121.28986,-8.87809],[121.28931,-8.87704],[121.28639,-8.87813],[121.2856,-8.88044],[121.28428,-8.88196],[121.2822,-8.88319],[121.27873,-8.88397],[121.27714,-8.88338],[121.27417,-8.8836],[121.27068,-8.88164],[121.26995,-8.8789],[121.26889,-8.87866],[121.2685,-8.87708],[121.26622,-8.87698],[121.26542,-8.8777],[121.26301,-8.8781],[121.26122,-8.87792],[121.26069,-8.87695],[121.25939,-8.87778],[121.25888,-8.87854],[121.25956,-8.87964],[121.25948,-8.8817],[121.25762,-8.88367],[121.25666,-8.88338],[121.2559,-8.88644],[121.25356,-8.88782],[121.25283,-8.89467],[121.2539,-8.90026],[121.25528,-8.90273],[121.25532,-8.91143],[121.25763,-8.91426],[121.25804,-8.91716],[121.26059,-8.9209],[121.25915,-8.92489],[121.25888,-8.9329],[121.25894,-8.95988],[121.25917,-8.96353],[121.25976,-8.96449],[121.28907,-8.96484],[121.2891,-8.92137]]]},"properties":{"date":"2025-09-21","year":2025,"res":0.34,"name":"Vivid"}},{"type":"Feature","geometry":{"type":"Polygon","coordinates":[[[121.50417,-8.83576],[121.50417,-8.80257],[121.50335,-8.79985],[121.50358,-8.7985],[121.50195,-8.79598],[121.5024,-8.79194],[121.50454,-8.78906],[121.50382,-8.78811],[121.50247,-8.78685],[121.50051,-8.78653],[121.49974,-8.78674],[121.49941,-8.78769],[121.49736,-8.7877],[121.49511,-8.78875],[121.49264,-8.78807],[121.48911,-8.78872],[121.4875,-8.78798],[121.48407,-8.78778],[121.47931,-8.78876],[121.473,-8.7885],[121.46991,-8.78903],[121.46718,-8.78842],[121.46485,-8.78906],[121.46485,-8.79256],[121.46545,-8.79416],[121.46488,-8.79542],[121.46501,-8.79786],[121.46584,-8.79867],[121.46611,-8.8017],[121.46546,-8.83103],[121.46485,-8.83301],[121.46529,-8.9159],[121.46485,-8.96484],[121.50463,-8.96484],[121.50449,-8.9209],[121.49993,-8.91961],[121.49879,-8.91674],[121.49881,-8.89007],[121.49954,-8.88403],[121.50033,-8.88121],[121.50367,-8.87881],[121.50435,-8.87695],[121.50417,-8.83576]]]},"properties":{"date":"2025-09-30","year":2025,"res":0.34,"name":"Vivid"}},{"type":"Feature","geometry":{"type":"Polygon","coordinates":[[[120.98163,-8.96484],[120.9375,-8.96484],[120.9375,-9.02516],[120.94711,-9.02397],[120.99425,-9.02124],[120.99489,-9.02035],[120.99943,-9.01837],[121.001,-9.01674],[121.00207,-9.01446],[121.00305,-9.00879],[121.00258,-8.97012],[121.00309,-8.96484],[120.98163,-8.96484]]]},"properties":{"date":"2025-10-14","year":2025,"res":0.34,"name":"Vivid"}},{"type":"Feature","geometry":{"type":"Polygon","coordinates":[[[121.09777,-9.01422],[121.11328,-9.01464],[121.11326,-8.96481],[121.09784,-8.96487],[121.09777,-9.01422]]]},"properties":{"date":"2025-10-20","year":2025,"res":0.34,"name":"Vivid"}},{"type":"Feature","geometry":{"type":"Polygon","coordinates":[[[121.00471,-8.92109],[121.00355,-8.91668],[121.00359,-8.91376],[121.00289,-8.91271],[121.0028,-8.90884],[121.00072,-8.90565],[121.00187,-8.89926],[121.0007,-8.89463],[121.00178,-8.89087],[121.00146,-8.88566],[121.0023,-8.88222],[121.00307,-8.8815],[121.00332,-8.87892],[121.0046,-8.87695],[121.00348,-8.86604],[121.00441,-8.86218],[121.00287,-8.85976],[121.00399,-8.85484],[121.0029,-8.85253],[121.00298,-8.84872],[121.00448,-8.84212],[121.00396,-8.83989],[121.00483,-8.83301],[121.0041,-8.83096],[121.00432,-8.82703],[121.00304,-8.82129],[121.00349,-8.819],[121.00429,-8.81803],[121.00431,-8.81609],[121.00302,-8.81351],[121.00285,-8.81124],[121.00407,-8.80682],[121.00389,-8.80339],[121.00328,-8.80236],[121.00458,-8.78616],[121.00382,-8.78371],[121.00372,-8.78008],[121.00268,-8.77809],[121.0014,-8.77712],[121.00128,-8.77316],[121.00038,-8.77136],[120.9985,-8.76069],[120.99996,-8.75354],[121.00158,-8.75187],[121.00212,-8.74952],[121.00447,-8.74512],[121.0027,-8.73926],[121.00305,-8.73738],[121.0019,-8.73315],[121.00223,-8.7308],[121.00171,-8.72846],[121.00185,-8.72747],[121.00319,-8.72626],[121.00284,-8.72089],[121.00407,-8.71659],[121.00362,-8.71585],[121.00407,-8.71345],[121.00255,-8.71126],[121.00231,-8.70949],[121.00309,-8.70502],[121.00255,-8.70311],[121.00311,-8.70184],[121.00433,-8.70117],[121.00284,-8.69865],[121.00314,-8.69531],[121.0022,-8.69361],[121.00289,-8.6926],[121.00294,-8.68955],[121.0019,-8.68841],[121.00163,-8.68544],[121.0041,-8.67278],[121.00337,-8.66651],[121.00422,-8.65723],[121.00312,-8.65524],[121.00349,-8.64761],[121.00227,-8.64128],[121.00248,-8.63053],[121.00357,-8.6279],[121.00355,-8.62511],[121.00225,-8.62265],[121.00252,-8.62111],[121.0039,-8.61953],[121.00415,-8.61325],[121.00319,-8.61212],[121.00172,-8.60423],[121.00216,-8.60176],[121.00111,-8.59794],[121.00087,-8.5916],[121.00113,-8.58912],[121.00356,-8.58597],[121.00412,-8.56934],[121.00309,-8.56296],[121.00223,-8.56124],[121.00307,-8.55936],[121.00191,-8.55536],[121.00243,-8.55254],[121.00207,-8.54795],[121.00106,-8.54482],[121.00128,-8.54324],[121.00014,-8.54133],[121.00081,-8.53964],[121.00036,-8.53738],[121.00076,-8.53402],[121.00245,-8.53216],[121.00172,-8.52837],[121.00317,-8.52571],[121.00405,-8.52539],[121.00049,-8.5216],[121.00037,-8.51812],[121.00266,-8.51611],[121.00403,-8.5121],[121.0003,-8.50974],[120.99844,-8.50664],[120.99349,-8.50524],[120.99234,-8.50337],[120.99093,-8.49846],[120.98911,-8.49632],[120.98797,-8.49334],[120.98484,-8.49075],[120.98346,-8.48658],[120.98145,-8.48393],[120.97254,-8.486],[120.96847,-8.48602],[120.96631,-8.48528],[120.95595,-8.48653],[120.94983,-8.48609],[120.948,-8.48669],[120.94239,-8.48384],[120.9375,-8.48332],[120.9375,-8.51392],[120.93838,-8.517],[120.9375,-8.52162],[120.9375,-8.96484],[121.00444,-8.96484],[121.00437,-8.9545],[121.00396,-8.95241],[121.00248,-8.9499],[121.00452,-8.94192],[121.00391,-8.93619],[121.0046,-8.9337],[121.00409,-8.93133],[121.00449,-8.92958],[121.00358,-8.92728],[121.00471,-8.92109]]]},"properties":{"date":"2025-10-21","year":2025,"res":0.34,"name":"Vivid"}},{"type":"Feature","geometry":{"type":"Polygon","coordinates":[[[120.80495,-8.40723],[120.72043,-8.40717],[120.71993,-8.41554],[120.71841,-8.419],[120.71914,-8.4219],[120.7192,-8.42645],[120.71843,-8.42989],[120.71874,-8.43332],[120.72157,-8.43682],[120.72168,-8.43752],[120.72083,-8.43772],[120.72085,-8.43832],[120.72444,-8.43873],[120.72443,-8.43733],[120.72776,-8.43702],[120.72906,-8.43604],[120.73553,-8.43483],[120.7369,-8.43302],[120.73896,-8.43171],[120.75593,-8.42756],[120.76172,-8.42485],[120.76429,-8.42537],[120.77067,-8.42507],[120.77199,-8.42592],[120.77497,-8.42627],[120.78377,-8.42573],[120.78615,-8.42661],[120.78991,-8.42564],[120.7972,-8.42602],[120.80305,-8.42441],[120.80348,-8.42024],[120.80472,-8.4162],[120.80551,-8.41538],[120.80495,-8.40723]]]},"properties":{"date":"2021-06-16","year":2021,"res":0.46,"name":"Vivid"}},{"type":"Feature","geometry":{"type":"Polygon","coordinates":[[[120.7245,-8.43868],[120.72887,-8.43917],[120.73565,-8.43806],[120.73682,-8.4365],[120.73682,-8.43323],[120.73464,-8.43525],[120.73059,-8.43561],[120.72776,-8.43702],[120.72443,-8.43733],[120.7245,-8.43868]]]},"properties":{"date":"2022-12-10","year":2022,"res":0.5,"name":"Vivid"}},{"type":"Feature","geometry":{"type":"Polygon","coordinates":[[[120.71771,-8.78925],[120.72416,-8.79195],[120.73828,-8.79443],[120.73824,-8.79121],[120.73673,-8.78906],[120.73902,-8.78799],[120.74013,-8.78613],[120.74011,-8.78462],[120.74132,-8.78294],[120.74055,-8.78036],[120.74054,-8.77613],[120.73908,-8.77487],[120.73831,-8.77317],[120.73908,-8.77001],[120.74009,-8.76897],[120.74115,-8.76428],[120.74048,-8.76339],[120.74064,-8.76081],[120.73954,-8.75627],[120.74002,-8.75373],[120.73922,-8.75009],[120.73754,-8.74826],[120.73741,-8.74512],[120.7388,-8.7418],[120.73805,-8.7394],[120.73856,-8.73905],[120.73869,-8.7338],[120.74002,-8.72779],[120.73944,-8.72427],[120.74037,-8.72183],[120.73948,-8.71152],[120.7382,-8.70804],[120.73843,-8.7055],[120.73666,-8.70117],[120.7371,-8.69589],[120.7411,-8.69236],[120.7407,-8.68545],[120.74201,-8.6834],[120.74259,-8.67921],[120.74218,-8.67802],[120.74349,-8.67587],[120.74293,-8.67374],[120.74373,-8.6727],[120.74378,-8.66952],[120.74294,-8.66919],[120.74355,-8.66674],[120.74249,-8.6635],[120.73913,-8.66119],[120.737,-8.65723],[120.73719,-8.65403],[120.73877,-8.65311],[120.73916,-8.65195],[120.73956,-8.64519],[120.74075,-8.64287],[120.73978,-8.63937],[120.74111,-8.63281],[120.7406,-8.63186],[120.74142,-8.63087],[120.74134,-8.62754],[120.74224,-8.62526],[120.73974,-8.61557],[120.73834,-8.61328],[120.73935,-8.61308],[120.74111,-8.61034],[120.74024,-8.60713],[120.74118,-8.60519],[120.74081,-8.60336],[120.74211,-8.60112],[120.74207,-8.59905],[120.74159,-8.59077],[120.74055,-8.58837],[120.74223,-8.58455],[120.74177,-8.5804],[120.74235,-8.57893],[120.74037,-8.57642],[120.73913,-8.57043],[120.73786,-8.56934],[120.73895,-8.56841],[120.73865,-8.56462],[120.73918,-8.56426],[120.73972,-8.56054],[120.73818,-8.55123],[120.73871,-8.54356],[120.73722,-8.53581],[120.73798,-8.53193],[120.73649,-8.52539],[120.73794,-8.51686],[120.73666,-8.51243],[120.73671,-8.51012],[120.73598,-8.51059],[120.73377,-8.51026],[120.73136,-8.5119],[120.72896,-8.51211],[120.72627,-8.51152],[120.7234,-8.51201],[120.72265,-8.51131],[120.72064,-8.5115],[120.71892,-8.51066],[120.71844,-8.51426],[120.71878,-8.52114],[120.71952,-8.52294],[120.72173,-8.52539],[120.71527,-8.52546],[120.71156,-8.52618],[120.7065,-8.52586],[120.70538,-8.52634],[120.70243,-8.52545],[120.69989,-8.5262],[120.69148,-8.52642],[120.69037,-8.52695],[120.68142,-8.5259],[120.67756,-8.52693],[120.67383,-8.52539],[120.67155,-8.5259],[120.671,-8.52707],[120.66862,-8.52754],[120.66517,-8.52656],[120.66217,-8.52693],[120.65829,-8.52616],[120.65515,-8.52697],[120.65141,-8.5257],[120.64693,-8.52542],[120.63719,-8.52719],[120.63394,-8.52689],[120.63268,-8.52583],[120.62946,-8.52539],[120.62785,-8.52553],[120.62553,-8.52746],[120.62231,-8.52794],[120.61678,-8.52768],[120.6149,-8.52821],[120.60998,-8.52752],[120.60898,-8.52849],[120.60911,-8.53513],[120.60621,-8.53767],[120.60519,-8.54039],[120.60417,-8.54107],[120.60389,-8.54343],[120.60623,-8.54827],[120.6076,-8.55424],[120.60679,-8.55909],[120.60807,-8.56033],[120.6078,-8.56368],[120.60922,-8.56546],[120.60884,-8.56685],[120.60934,-8.56934],[120.60817,-8.57047],[120.60785,-8.57278],[120.60691,-8.57424],[120.60679,-8.57674],[120.60541,-8.57896],[120.60462,-8.58426],[120.60538,-8.58741],[120.60334,-8.59339],[120.60326,-8.59752],[120.60279,-8.59806],[120.60367,-8.60014],[120.60333,-8.60224],[120.60441,-8.60787],[120.60887,-8.61292],[120.60805,-8.61423],[120.61399,-8.61351],[120.62233,-8.61482],[120.62924,-8.61329],[120.63438,-8.61408],[120.64487,-8.61331],[120.64893,-8.6143],[120.65484,-8.6144],[120.65678,-8.61565],[120.66237,-8.61615],[120.66949,-8.61579],[120.67226,-8.61348],[120.67383,-8.61328],[120.6747,-8.61739],[120.6742,-8.62372],[120.67491,-8.62833],[120.6741,-8.63113],[120.67389,-8.63565],[120.67501,-8.64024],[120.67411,-8.64493],[120.67417,-8.64929],[120.67504,-8.65186],[120.6745,-8.6536],[120.67485,-8.65498],[120.67396,-8.65573],[120.67383,-8.65723],[120.67444,-8.65952],[120.67415,-8.66231],[120.67494,-8.66381],[120.67384,-8.66827],[120.67499,-8.67153],[120.674,-8.68292],[120.67477,-8.68597],[120.67384,-8.69115],[120.67447,-8.69566],[120.67379,-8.70122],[120.67065,-8.70168],[120.66899,-8.7045],[120.6632,-8.7064],[120.65797,-8.70895],[120.65152,-8.70988],[120.6471,-8.70913],[120.64129,-8.70533],[120.63843,-8.70553],[120.63308,-8.70391],[120.63029,-8.70119],[120.62498,-8.70176],[120.62251,-8.70258],[120.61998,-8.70449],[120.61642,-8.70513],[120.61173,-8.70487],[120.60746,-8.70584],[120.59946,-8.704],[120.59711,-8.70481],[120.59275,-8.70465],[120.59324,-8.71099],[120.59407,-8.71179],[120.59555,-8.71583],[120.59629,-8.7233],[120.59443,-8.73164],[120.59531,-8.73873],[120.59248,-8.74512],[120.59417,-8.74939],[120.59557,-8.75106],[120.59487,-8.75411],[120.59631,-8.75713],[120.59671,-8.76049],[120.59759,-8.7616],[120.59756,-8.76426],[120.59988,-8.76763],[120.60051,-8.77127],[120.60005,-8.77682],[120.60092,-8.77822],[120.5994,-8.78282],[120.59801,-8.78368],[120.59722,-8.78617],[120.59295,-8.78911],[120.5938,-8.78983],[120.59552,-8.78934],[120.60004,-8.79069],[120.60396,-8.7908],[120.60665,-8.79057],[120.60832,-8.78959],[120.61374,-8.78964],[120.61519,-8.78906],[120.62053,-8.79047],[120.62989,-8.78906],[120.63286,-8.79005],[120.63714,-8.78921],[120.6388,-8.79034],[120.64098,-8.79035],[120.64325,-8.7891],[120.65182,-8.78899],[120.65453,-8.78733],[120.66246,-8.78877],[120.66895,-8.78899],[120.67129,-8.78835],[120.67364,-8.78882],[120.6744,-8.79216],[120.67607,-8.7933],[120.6852,-8.79598],[120.68582,-8.79755],[120.6866,-8.79774],[120.68985,-8.79721],[120.69092,-8.79644],[120.694,-8.79692],[120.6955,-8.79613],[120.69963,-8.79645],[120.70132,-8.79444],[120.70327,-8.79367],[120.70364,-8.79262],[120.70531,-8.79162],[120.70917,-8.79014],[120.71771,-8.78925]]]},"properties":{"date":"2023-06-03","year":2023,"res":0.5,"name":"Vivid"}},{"type":"Feature","geometry":{"type":"Polygon","coordinates":[[[120.59061,-8.61317],[120.59054,-8.6148],[120.59103,-8.61499],[120.59404,-8.61538],[120.59567,-8.61496],[120.59061,-8.61317]]]},"properties":{"date":"2023-06-03","year":2023,"res":0.5,"name":"Vivid"}},{"type":"Feature","geometry":{"type":"Polygon","coordinates":[[[120.60924,-8.56941],[120.60922,-8.56546],[120.6078,-8.56368],[120.60807,-8.56033],[120.60679,-8.55909],[120.6076,-8.55424],[120.60623,-8.54827],[120.60389,-8.54343],[120.60417,-8.54107],[120.60519,-8.54039],[120.60621,-8.53767],[120.60911,-8.53513],[120.60869,-8.53228],[120.60914,-8.52803],[120.59931,-8.52617],[120.58594,-8.52539],[120.58645,-8.52669],[120.5877,-8.52709],[120.58989,-8.52934],[120.5912,-8.53849],[120.59114,-8.54527],[120.59007,-8.54589],[120.58942,-8.54841],[120.59016,-8.55734],[120.58713,-8.56081],[120.58594,-8.56933],[120.58636,-8.57664],[120.58854,-8.58059],[120.58997,-8.58696],[120.58932,-8.5963],[120.59033,-8.60092],[120.58813,-8.60709],[120.58751,-8.61107],[120.58594,-8.61328],[120.59054,-8.6148],[120.59061,-8.61317],[120.59364,-8.61454],[120.59728,-8.61497],[120.60172,-8.61411],[120.60576,-8.61485],[120.60805,-8.61423],[120.60899,-8.61328],[120.60441,-8.60787],[120.60333,-8.60224],[120.60367,-8.60014],[120.60278,-8.59792],[120.60326,-8.59752],[120.60334,-8.59339],[120.60538,-8.58741],[120.60462,-8.58426],[120.60541,-8.57896],[120.60679,-8.57674],[120.60691,-8.57424],[120.60785,-8.57278],[120.60817,-8.57047],[120.60924,-8.56941]]]},"properties":{"date":"2023-06-08","year":2023,"res":0.31,"name":"Vivid"}},{"type":"Feature","geometry":{"type":"Polygon","coordinates":[[[120.58639,-8.70121],[120.58633,-8.7012],[120.58647,-8.7012],[120.58639,-8.70121]]]},"properties":{"date":"2023-06-08","year":2023,"res":0.31,"name":"Vivid"}},{"type":"Feature","geometry":{"type":"Polygon","coordinates":[[[120.58649,-8.7012],[120.58648,-8.7012],[120.58648,-8.70121],[120.58649,-8.7012]]]},"properties":{"date":"2023-06-08","year":2023,"res":0.31,"name":"Vivid"}},{"type":"Feature","geometry":{"type":"Polygon","coordinates":[[[120.58621,-8.70119],[120.58619,-8.70119],[120.58621,-8.7012],[120.58621,-8.70119]]]},"properties":{"date":"2023-06-08","year":2023,"res":0.31,"name":"Vivid"}},{"type":"Feature","geometry":{"type":"Polygon","coordinates":[[[120.58622,-8.70118],[120.58622,-8.70119],[120.58622,-8.70118]]]},"properties":{"date":"2023-06-08","year":2023,"res":0.31,"name":"Vivid"}},{"type":"Feature","geometry":{"type":"Polygon","coordinates":[[[120.58603,-8.70117],[120.58596,-8.70117],[120.58597,-8.70119],[120.58603,-8.70117]]]},"properties":{"date":"2023-06-08","year":2023,"res":0.31,"name":"Vivid"}},{"type":"Feature","geometry":{"type":"Polygon","coordinates":[[[120.58604,-8.70118],[120.58608,-8.70118],[120.58608,-8.70117],[120.58604,-8.70118]]]},"properties":{"date":"2023-06-08","year":2023,"res":0.31,"name":"Vivid"}},{"type":"Feature","geometry":{"type":"Polygon","coordinates":[]},"properties":{"date":"2023-06-08","year":2023,"res":0.31,"name":"Vivid"}},{"type":"Feature","geometry":{"type":"Polygon","coordinates":[[[120.80543,-8.48158],[120.80562,-8.47717],[120.80474,-8.4685],[120.8054,-8.46504],[120.80557,-8.45717],[120.80355,-8.4518],[120.80315,-8.44885],[120.80387,-8.44491],[120.80353,-8.44388],[120.80429,-8.44172],[120.80424,-8.43974],[120.80297,-8.4375],[120.80345,-8.43721],[120.80301,-8.43576],[120.80369,-8.42776],[120.80306,-8.42432],[120.7972,-8.42602],[120.78991,-8.42564],[120.78615,-8.42661],[120.78377,-8.42573],[120.77497,-8.42627],[120.77199,-8.42592],[120.77067,-8.42507],[120.76429,-8.42537],[120.76172,-8.42485],[120.75593,-8.42756],[120.75274,-8.42797],[120.75045,-8.42918],[120.74251,-8.43043],[120.7368,-8.43313],[120.73682,-8.4365],[120.73625,-8.4375],[120.73753,-8.43911],[120.73745,-8.44149],[120.73836,-8.44292],[120.73834,-8.44884],[120.739,-8.45071],[120.74,-8.45136],[120.74081,-8.45559],[120.74201,-8.45809],[120.74181,-8.46055],[120.73983,-8.46497],[120.74001,-8.46879],[120.73894,-8.4735],[120.73686,-8.47693],[120.7377,-8.47886],[120.73693,-8.48144],[120.73814,-8.48516],[120.73845,-8.49014],[120.73664,-8.49793],[120.73796,-8.5015],[120.73656,-8.51145],[120.73794,-8.51686],[120.73649,-8.52539],[120.73798,-8.53193],[120.73722,-8.53581],[120.73871,-8.54356],[120.73818,-8.55123],[120.73972,-8.56054],[120.73918,-8.56426],[120.73865,-8.56462],[120.73895,-8.56841],[120.73786,-8.56934],[120.73913,-8.57043],[120.74037,-8.57642],[120.74235,-8.57893],[120.74177,-8.5804],[120.74223,-8.58455],[120.74055,-8.58837],[120.74159,-8.59077],[120.74207,-8.59905],[120.74211,-8.60112],[120.74081,-8.60336],[120.74118,-8.60519],[120.74024,-8.60713],[120.74111,-8.61034],[120.73935,-8.61308],[120.73834,-8.61328],[120.73974,-8.61557],[120.74224,-8.62526],[120.74134,-8.62754],[120.74142,-8.63087],[120.7406,-8.63186],[120.74111,-8.63281],[120.73978,-8.63937],[120.74075,-8.64287],[120.73956,-8.64519],[120.73916,-8.65195],[120.73877,-8.65311],[120.73719,-8.65403],[120.737,-8.65723],[120.73913,-8.66119],[120.74249,-8.6635],[120.74356,-8.66693],[120.74294,-8.66919],[120.74378,-8.66952],[120.74373,-8.6727],[120.74293,-8.67374],[120.74351,-8.67578],[120.74218,-8.67802],[120.74239,-8.68174],[120.7407,-8.68545],[120.7411,-8.69236],[120.7371,-8.69589],[120.73666,-8.70117],[120.73843,-8.7055],[120.7382,-8.70804],[120.73948,-8.71152],[120.74042,-8.72268],[120.73944,-8.72427],[120.74002,-8.72779],[120.73869,-8.7338],[120.73878,-8.73748],[120.73805,-8.73947],[120.7388,-8.7418],[120.73764,-8.74361],[120.73748,-8.74802],[120.73926,-8.7502],[120.74019,-8.75458],[120.73954,-8.75627],[120.74064,-8.76081],[120.74048,-8.76339],[120.74115,-8.76428],[120.74009,-8.76897],[120.73908,-8.77001],[120.73831,-8.77317],[120.73908,-8.77487],[120.74054,-8.77613],[120.74055,-8.78036],[120.74132,-8.78294],[120.74011,-8.78462],[120.74013,-8.78613],[120.73902,-8.78799],[120.73673,-8.78906],[120.73824,-8.79121],[120.73828,-8.79443],[120.73927,-8.79419],[120.74632,-8.7958],[120.75168,-8.79472],[120.75371,-8.79316],[120.75901,-8.79216],[120.76184,-8.78867],[120.7632,-8.77828],[120.76433,-8.77684],[120.76516,-8.77197],[120.7645,-8.77029],[120.76449,-8.7637],[120.76231,-8.76126],[120.76188,-8.75763],[120.7627,-8.75555],[120.76297,-8.75076],[120.76387,-8.7473],[120.76308,-8.74582],[120.76173,-8.74518],[120.76176,-8.74158],[120.76208,-8.7399],[120.7637,-8.73813],[120.76295,-8.73413],[120.76485,-8.72811],[120.76471,-8.72525],[120.76317,-8.72196],[120.76339,-8.71851],[120.76215,-8.71616],[120.76234,-8.71313],[120.76172,-8.71194],[120.76243,-8.70875],[120.76175,-8.70549],[120.76311,-8.70503],[120.76172,-8.70117],[120.76309,-8.70112],[120.76432,-8.69906],[120.76934,-8.69887],[120.77636,-8.69749],[120.78159,-8.69823],[120.7879,-8.69759],[120.792,-8.69891],[120.7987,-8.69866],[120.80195,-8.69916],[120.8042,-8.70043],[120.80521,-8.69844],[120.80472,-8.69719],[120.80558,-8.69474],[120.80557,-8.68934],[120.80478,-8.68843],[120.8044,-8.68635],[120.80553,-8.683],[120.80557,-8.68031],[120.80497,-8.67958],[120.80505,-8.67734],[120.80392,-8.67268],[120.80491,-8.67081],[120.80521,-8.66798],[120.80324,-8.66272],[120.80431,-8.66085],[120.80458,-8.65873],[120.80365,-8.65723],[120.80442,-8.65505],[120.80457,-8.65101],[120.80352,-8.64842],[120.80346,-8.64445],[120.80546,-8.63871],[120.80491,-8.63714],[120.80563,-8.63266],[120.80479,-8.62836],[120.80552,-8.62699],[120.80499,-8.62619],[120.80465,-8.62125],[120.80556,-8.61868],[120.8059,-8.6124],[120.80678,-8.61166],[120.80705,-8.60739],[120.80566,-8.60419],[120.80512,-8.59885],[120.80562,-8.59285],[120.8051,-8.58695],[120.80556,-8.58541],[120.80539,-8.57764],[120.80566,-8.57515],[120.80682,-8.57375],[120.8062,-8.5724],[120.80643,-8.56667],[120.80884,-8.56306],[120.80877,-8.56141],[120.80791,-8.55991],[120.80806,-8.55502],[120.8102,-8.55011],[120.81028,-8.54532],[120.80981,-8.54208],[120.80837,-8.53926],[120.80566,-8.5373],[120.80553,-8.53637],[120.8061,-8.53336],[120.80544,-8.53053],[120.80549,-8.52091],[120.80488,-8.51957],[120.80563,-8.51359],[120.80443,-8.50723],[120.8053,-8.50317],[120.80459,-8.50142],[120.8052,-8.49688],[120.80426,-8.49314],[120.80515,-8.48907],[120.80543,-8.48158]]]},"properties":{"date":"2023-06-22","year":2023,"res":0.46,"name":"Vivid"}},{"type":"Feature","geometry":{"type":"Polygon","coordinates":[[[120.73657,-8.51011],[120.73715,-8.50928],[120.73796,-8.50154],[120.73664,-8.49793],[120.73845,-8.49014],[120.73814,-8.48516],[120.73693,-8.48144],[120.7377,-8.47886],[120.73686,-8.47693],[120.73894,-8.4735],[120.74001,-8.46879],[120.73983,-8.46497],[120.74181,-8.46055],[120.74201,-8.45809],[120.74081,-8.45559],[120.74,-8.45136],[120.73857,-8.44985],[120.73836,-8.44292],[120.73756,-8.44196],[120.73713,-8.43824],[120.7362,-8.4375],[120.73349,-8.43859],[120.72697,-8.43915],[120.72589,-8.4385],[120.72363,-8.43878],[120.7206,-8.43804],[120.71853,-8.44156],[120.71937,-8.44552],[120.71955,-8.45169],[120.71808,-8.45355],[120.71824,-8.45756],[120.7197,-8.46004],[120.71981,-8.46359],[120.72079,-8.46495],[120.71963,-8.47073],[120.72061,-8.47426],[120.72023,-8.47749],[120.72126,-8.48144],[120.72037,-8.48378],[120.72094,-8.49733],[120.72022,-8.49875],[120.71895,-8.49946],[120.71859,-8.50096],[120.71848,-8.50472],[120.71957,-8.50658],[120.71892,-8.51066],[120.72064,-8.5115],[120.72265,-8.51131],[120.7234,-8.51201],[120.72627,-8.51152],[120.72896,-8.51211],[120.73136,-8.5119],[120.73377,-8.51026],[120.73598,-8.51059],[120.73657,-8.51011]]]},"properties":{"date":"2023-07-14","year":2023,"res":0.46,"name":"Vivid"}},{"type":"Feature","geometry":{"type":"Polygon","coordinates":[[[120.59295,-8.78911],[120.59722,-8.78617],[120.59801,-8.78368],[120.5993,-8.78298],[120.59989,-8.78051],[120.60079,-8.77976],[120.60092,-8.77822],[120.60005,-8.77682],[120.60045,-8.77054],[120.59937,-8.76644],[120.59756,-8.76426],[120.59759,-8.7616],[120.59671,-8.76049],[120.59631,-8.75713],[120.59508,-8.75501],[120.59557,-8.75106],[120.59417,-8.74939],[120.59248,-8.74512],[120.59531,-8.73873],[120.59443,-8.73164],[120.59629,-8.7233],[120.59555,-8.71583],[120.59407,-8.71179],[120.59324,-8.71099],[120.59275,-8.70465],[120.58912,-8.7022],[120.58594,-8.70117],[120.58694,-8.70517],[120.5865,-8.71123],[120.58688,-8.71501],[120.58638,-8.71601],[120.58718,-8.71925],[120.58634,-8.7222],[120.58679,-8.73049],[120.58766,-8.7321],[120.58789,-8.73627],[120.58595,-8.74392],[120.58596,-8.75576],[120.58634,-8.75967],[120.58726,-8.76172],[120.58638,-8.76389],[120.58679,-8.76801],[120.58628,-8.771],[120.58691,-8.77611],[120.58643,-8.7799],[120.58776,-8.78246],[120.58723,-8.78679],[120.58638,-8.78734],[120.58594,-8.78906],[120.59156,-8.79017],[120.5938,-8.78983],[120.59295,-8.78911]]]},"properties":{"date":"2023-09-15","year":2023,"res":0.5,"name":"Vivid"}},{"type":"Feature","geometry":{"type":"Polygon","coordinates":[[[120.58593,-8.70117],[120.58591,-8.70117],[120.58593,-8.70117]]]},"properties":{"date":"2023-09-15","year":2023,"res":0.5,"name":"Vivid"}},{"type":"Feature","geometry":{"type":"Polygon","coordinates":[[[120.80541,-8.52532],[120.80562,-8.5327],[120.8061,-8.53336],[120.80566,-8.5373],[120.80828,-8.5391],[120.80981,-8.54208],[120.81028,-8.54532],[120.8102,-8.55011],[120.80806,-8.55502],[120.80791,-8.55991],[120.80877,-8.56141],[120.80884,-8.56306],[120.80643,-8.56667],[120.8062,-8.5724],[120.80682,-8.57375],[120.80566,-8.57515],[120.80539,-8.57764],[120.80556,-8.58541],[120.8051,-8.58695],[120.80562,-8.59285],[120.80512,-8.59885],[120.80566,-8.60419],[120.80705,-8.60739],[120.80678,-8.61166],[120.8059,-8.6124],[120.80556,-8.61868],[120.80465,-8.62125],[120.80499,-8.62619],[120.80552,-8.62699],[120.80479,-8.62836],[120.80563,-8.63266],[120.80491,-8.63714],[120.80546,-8.63871],[120.80346,-8.64445],[120.80352,-8.64842],[120.80457,-8.65101],[120.80442,-8.65505],[120.80365,-8.65723],[120.80458,-8.65873],[120.80431,-8.66085],[120.80324,-8.66272],[120.80519,-8.66767],[120.80491,-8.67081],[120.80392,-8.67268],[120.80558,-8.68066],[120.80553,-8.683],[120.8044,-8.68635],[120.80478,-8.68843],[120.80557,-8.68934],[120.80558,-8.69474],[120.80472,-8.69719],[120.80521,-8.69844],[120.80419,-8.70029],[120.80969,-8.7025],[120.81184,-8.70521],[120.81427,-8.70441],[120.81667,-8.70444],[120.81848,-8.70353],[120.82288,-8.70314],[120.82804,-8.69575],[120.82929,-8.69483],[120.83067,-8.68875],[120.83083,-8.68307],[120.83019,-8.68103],[120.83168,-8.67709],[120.83152,-8.67468],[120.8303,-8.67271],[120.82826,-8.66625],[120.82695,-8.66486],[120.82567,-8.65822],[120.82467,-8.65723],[120.82809,-8.65525],[120.82854,-8.65412],[120.82799,-8.64979],[120.82626,-8.64623],[120.82677,-8.64159],[120.82642,-8.63233],[120.82726,-8.62974],[120.82698,-8.62723],[120.82772,-8.62451],[120.82683,-8.62139],[120.82687,-8.61526],[120.82565,-8.61388],[120.82533,-8.61235],[120.82668,-8.60724],[120.82911,-8.60325],[120.82927,-8.60163],[120.82871,-8.59501],[120.82907,-8.59326],[120.82609,-8.58451],[120.82615,-8.57876],[120.82528,-8.57767],[120.82548,-8.57329],[120.82462,-8.57152],[120.82561,-8.56591],[120.82504,-8.56412],[120.8251,-8.55912],[120.8274,-8.5528],[120.82691,-8.53796],[120.82803,-8.53146],[120.82678,-8.5274],[120.82507,-8.52539],[120.82597,-8.52539],[120.82902,-8.52295],[120.83039,-8.52035],[120.83269,-8.51934],[120.83436,-8.51483],[120.83448,-8.51034],[120.83359,-8.50687],[120.83214,-8.50532],[120.83106,-8.50191],[120.83202,-8.49605],[120.83026,-8.49266],[120.82995,-8.4898],[120.82865,-8.48789],[120.82792,-8.48415],[120.82571,-8.48142],[120.82807,-8.48022],[120.83137,-8.47682],[120.84035,-8.47497],[120.84693,-8.4716],[120.84799,-8.47017],[120.84961,-8.47013],[120.85292,-8.47138],[120.85608,-8.47098],[120.85954,-8.4719],[120.86458,-8.47161],[120.86952,-8.47247],[120.8755,-8.4719],[120.87742,-8.4725],[120.88195,-8.47243],[120.89184,-8.47096],[120.89471,-8.47169],[120.90617,-8.47219],[120.90651,-8.46785],[120.90773,-8.46445],[120.90639,-8.45429],[120.90855,-8.44801],[120.90787,-8.44162],[120.90605,-8.4375],[120.90682,-8.43693],[120.90703,-8.43486],[120.90803,-8.43377],[120.90779,-8.43053],[120.90872,-8.42929],[120.90937,-8.42514],[120.90946,-8.41723],[120.90815,-8.41117],[120.90928,-8.40717],[120.80495,-8.40717],[120.80551,-8.41538],[120.80466,-8.41638],[120.80325,-8.42181],[120.80369,-8.42776],[120.80301,-8.43576],[120.80345,-8.43721],[120.80297,-8.4375],[120.80426,-8.43994],[120.80313,-8.4481],[120.80347,-8.45142],[120.80557,-8.45717],[120.8054,-8.46504],[120.80474,-8.4685],[120.80557,-8.4828],[120.80426,-8.49314],[120.8052,-8.49688],[120.80459,-8.50142],[120.8053,-8.50317],[120.80443,-8.50723],[120.80563,-8.51359],[120.80488,-8.51957],[120.80549,-8.52091],[120.80541,-8.52532]]]},"properties":{"date":"2024-02-01","year":2024,"res":0.5,"name":"Vivid"}},{"type":"Feature","geometry":{"type":"Polygon","coordinates":[[[120.93743,-8.52535],[120.93749,-8.51389],[120.93448,-8.5135],[120.93112,-8.51407],[120.93057,-8.51276],[120.92918,-8.51225],[120.92722,-8.51338],[120.92451,-8.5131],[120.92212,-8.51378],[120.91979,-8.51607],[120.91946,-8.51806],[120.9204,-8.5249],[120.9214,-8.52539],[120.92637,-8.52539],[120.93278,-8.5242],[120.93552,-8.5253],[120.93743,-8.52535]]]},"properties":{"date":"2024-02-01","year":2024,"res":0.5,"name":"Vivid"}},{"type":"Feature","geometry":{"type":"Polygon","coordinates":[[[120.58976,-8.40722],[120.58598,-8.40733],[120.58719,-8.41142],[120.58594,-8.41469],[120.58634,-8.41703],[120.58784,-8.41857],[120.58939,-8.42853],[120.5887,-8.43031],[120.58767,-8.43081],[120.58737,-8.43317],[120.58951,-8.43239],[120.59351,-8.42355],[120.59323,-8.41868],[120.58976,-8.40722]]]},"properties":{"date":"2025-03-16","year":2025,"res":0.31,"name":"Vivid"}},{"type":"Feature","geometry":{"type":"Polygon","coordinates":[[[120.62965,-8.52542],[120.63268,-8.52583],[120.63394,-8.52689],[120.63719,-8.52719],[120.64693,-8.52542],[120.65141,-8.5257],[120.65515,-8.52697],[120.65829,-8.52616],[120.66217,-8.52693],[120.66517,-8.52656],[120.66862,-8.52754],[120.671,-8.52707],[120.67155,-8.5259],[120.67383,-8.52539],[120.67756,-8.52693],[120.68142,-8.5259],[120.69037,-8.52695],[120.69148,-8.52642],[120.69989,-8.5262],[120.70243,-8.52545],[120.70538,-8.52634],[120.7065,-8.52586],[120.71156,-8.52618],[120.71527,-8.52546],[120.72173,-8.52539],[120.71952,-8.52294],[120.71878,-8.52114],[120.71844,-8.51426],[120.71957,-8.50658],[120.71848,-8.50472],[120.71859,-8.50096],[120.71895,-8.49946],[120.72022,-8.49875],[120.72094,-8.49733],[120.72037,-8.48378],[120.72126,-8.48144],[120.72023,-8.47749],[120.72061,-8.47426],[120.71963,-8.47073],[120.72079,-8.46495],[120.71981,-8.46359],[120.7197,-8.46004],[120.71824,-8.45756],[120.71805,-8.45574],[120.71814,-8.45309],[120.71955,-8.45169],[120.71937,-8.44552],[120.71853,-8.44156],[120.72063,-8.43795],[120.72168,-8.43752],[120.71874,-8.43332],[120.71842,-8.43024],[120.7192,-8.42507],[120.71841,-8.419],[120.71993,-8.41554],[120.72043,-8.40717],[120.67499,-8.40717],[120.67457,-8.40781],[120.67385,-8.41117],[120.67524,-8.41493],[120.6751,-8.41763],[120.67585,-8.42046],[120.67416,-8.42566],[120.67441,-8.43527],[120.67383,-8.4375],[120.6759,-8.44066],[120.67533,-8.44689],[120.67856,-8.45841],[120.67865,-8.46105],[120.67696,-8.46664],[120.67747,-8.46885],[120.67721,-8.47218],[120.67575,-8.47568],[120.6752,-8.48058],[120.67383,-8.48144],[120.67489,-8.48586],[120.67459,-8.49363],[120.67599,-8.49841],[120.67615,-8.51008],[120.67551,-8.51279],[120.67632,-8.5158],[120.67563,-8.51913],[120.67422,-8.52078],[120.67001,-8.51997],[120.66913,-8.51873],[120.66576,-8.5176],[120.66243,-8.51811],[120.66059,-8.51742],[120.64689,-8.51722],[120.64527,-8.51789],[120.6423,-8.51647],[120.63684,-8.51615],[120.62988,-8.51843],[120.62817,-8.51697],[120.62067,-8.51629],[120.61205,-8.51644],[120.60466,-8.51457],[120.60015,-8.51422],[120.5969,-8.51443],[120.59281,-8.51648],[120.59215,-8.51759],[120.58765,-8.5184],[120.5887,-8.52053],[120.58776,-8.52545],[120.60391,-8.52671],[120.60805,-8.52805],[120.61129,-8.52749],[120.6149,-8.52821],[120.61678,-8.52768],[120.62204,-8.52797],[120.62553,-8.52746],[120.62785,-8.52553],[120.62965,-8.52542]]]},"properties":{"date":"2025-03-16","year":2025,"res":0.31,"name":"Vivid"}},{"type":"Feature","geometry":{"type":"Polygon","coordinates":[[[120.58742,-8.46413],[120.58741,-8.46415],[120.58742,-8.46415],[120.58742,-8.46413]]]},"properties":{"date":"2025-03-16","year":2025,"res":0.31,"name":"Vivid"}},{"type":"Feature","geometry":{"type":"Polygon","coordinates":[[[120.58741,-8.464],[120.58741,-8.46399],[120.58741,-8.464]]]},"properties":{"date":"2025-03-16","year":2025,"res":0.31,"name":"Vivid"}},{"type":"Feature","geometry":{"type":"Polygon","coordinates":[[[120.58744,-8.46337],[120.58741,-8.4639],[120.58825,-8.46134],[120.58858,-8.45555],[120.58826,-8.45431],[120.5874,-8.45396],[120.58814,-8.45951],[120.58744,-8.46337]]]},"properties":{"date":"2025-03-16","year":2025,"res":0.31,"name":"Vivid"}},{"type":"Feature","geometry":{"type":"Polygon","coordinates":[[[120.58739,-8.45151],[120.58739,-8.45153],[120.58739,-8.45151]]]},"properties":{"date":"2025-03-16","year":2025,"res":0.31,"name":"Vivid"}},{"type":"Feature","geometry":{"type":"Polygon","coordinates":[[[120.58746,-8.45128],[120.58852,-8.4468],[120.58738,-8.44313],[120.58791,-8.44861],[120.58746,-8.45128]]]},"properties":{"date":"2025-03-16","year":2025,"res":0.31,"name":"Vivid"}},{"type":"Feature","geometry":{"type":"Polygon","coordinates":[[[120.58738,-8.44309],[120.58738,-8.44312],[120.58738,-8.44309]]]},"properties":{"date":"2025-03-16","year":2025,"res":0.31,"name":"Vivid"}},{"type":"Feature","geometry":{"type":"Polygon","coordinates":[[[120.58739,-8.44302],[120.58739,-8.44304],[120.58739,-8.44302]]]},"properties":{"date":"2025-03-16","year":2025,"res":0.31,"name":"Vivid"}},{"type":"Feature","geometry":{"type":"Polygon","coordinates":[[[120.58739,-8.443],[120.58739,-8.44299],[120.58739,-8.443]]]},"properties":{"date":"2025-03-16","year":2025,"res":0.31,"name":"Vivid"}},{"type":"Feature","geometry":{"type":"Polygon","coordinates":[[[120.5861,-8.87666],[120.58796,-8.87708],[120.64567,-8.87693],[120.646,-8.8666],[120.64696,-8.86436],[120.64893,-8.8629],[120.64965,-8.86151],[120.65015,-8.85817],[120.65025,-8.85371],[120.64918,-8.84992],[120.6495,-8.84881],[120.6485,-8.84569],[120.64685,-8.84391],[120.64667,-8.84187],[120.64811,-8.84005],[120.6477,-8.83891],[120.6483,-8.83683],[120.6475,-8.83301],[120.65007,-8.83282],[120.65315,-8.82989],[120.65413,-8.82503],[120.65529,-8.82417],[120.65542,-8.82266],[120.6515,-8.81332],[120.64849,-8.81201],[120.64742,-8.81031],[120.64781,-8.80835],[120.64611,-8.80511],[120.64653,-8.80422],[120.64817,-8.80424],[120.64813,-8.8002],[120.64916,-8.79918],[120.64932,-8.79675],[120.65103,-8.79586],[120.64973,-8.79508],[120.64902,-8.7936],[120.64924,-8.7922],[120.65063,-8.79103],[120.65059,-8.79039],[120.64732,-8.78912],[120.64319,-8.78911],[120.64144,-8.79025],[120.63975,-8.79037],[120.63714,-8.78921],[120.63286,-8.79005],[120.62989,-8.78906],[120.62053,-8.79047],[120.61519,-8.78906],[120.61374,-8.78964],[120.60832,-8.78959],[120.60665,-8.79057],[120.60241,-8.7908],[120.59838,-8.79039],[120.59552,-8.78934],[120.59156,-8.79017],[120.58594,-8.78906],[120.58684,-8.79324],[120.58595,-8.79486],[120.58608,-8.79855],[120.5878,-8.80746],[120.58666,-8.80933],[120.58799,-8.81173],[120.58815,-8.81998],[120.58727,-8.82191],[120.58595,-8.83294],[120.58594,-8.84974],[120.5881,-8.85061],[120.58878,-8.85942],[120.58803,-8.8727],[120.5861,-8.87666]]]},"properties":{"date":"2025-04-04","year":2025,"res":0.31,"name":"Vivid"}},{"type":"Feature","geometry":{"type":"Polygon","coordinates":[[[120.67384,-8.65755],[120.67396,-8.65573],[120.67485,-8.65498],[120.6745,-8.6536],[120.67504,-8.65186],[120.67413,-8.64823],[120.67419,-8.64338],[120.67501,-8.64024],[120.67389,-8.63565],[120.6741,-8.63113],[120.67491,-8.62833],[120.6742,-8.62372],[120.6747,-8.61739],[120.67383,-8.61328],[120.67226,-8.61348],[120.66949,-8.61579],[120.66237,-8.61615],[120.65678,-8.61565],[120.65484,-8.6144],[120.64893,-8.6143],[120.64487,-8.61331],[120.63438,-8.61408],[120.62924,-8.61329],[120.62233,-8.61482],[120.61183,-8.61355],[120.60576,-8.61485],[120.60172,-8.61411],[120.59404,-8.61538],[120.58913,-8.61457],[120.58781,-8.61349],[120.58594,-8.61328],[120.58718,-8.61797],[120.58819,-8.61939],[120.58793,-8.62434],[120.58906,-8.62865],[120.58904,-8.63172],[120.58972,-8.63277],[120.58937,-8.63563],[120.58983,-8.63806],[120.5888,-8.64298],[120.58907,-8.64771],[120.58613,-8.65493],[120.58608,-8.66252],[120.58629,-8.66366],[120.58833,-8.66575],[120.59034,-8.6747],[120.58952,-8.67749],[120.58986,-8.68039],[120.58804,-8.69152],[120.58788,-8.69686],[120.58594,-8.70117],[120.58912,-8.7022],[120.59222,-8.7045],[120.5938,-8.70505],[120.59946,-8.704],[120.60746,-8.70584],[120.61173,-8.70487],[120.61642,-8.70513],[120.61998,-8.70449],[120.62251,-8.70258],[120.62498,-8.70176],[120.63029,-8.70119],[120.63308,-8.70391],[120.63843,-8.70553],[120.64129,-8.70533],[120.6471,-8.70913],[120.65123,-8.70989],[120.65797,-8.70895],[120.6632,-8.7064],[120.66899,-8.7045],[120.67065,-8.70168],[120.67379,-8.70122],[120.67444,-8.69598],[120.67385,-8.69087],[120.67477,-8.68597],[120.674,-8.68292],[120.67499,-8.67153],[120.67384,-8.66827],[120.67494,-8.66381],[120.67415,-8.66231],[120.67444,-8.65952],[120.67384,-8.65755]]]},"properties":{"date":"2025-04-04","year":2025,"res":0.31,"name":"Vivid"}},{"type":"Feature","geometry":{"type":"Polygon","coordinates":[[[120.58745,-8.43746],[120.58875,-8.44023],[120.58842,-8.44236],[120.58738,-8.44309],[120.58852,-8.4468],[120.5874,-8.45396],[120.58826,-8.45431],[120.58858,-8.45555],[120.58825,-8.46134],[120.58741,-8.46413],[120.58901,-8.47599],[120.58871,-8.47789],[120.58754,-8.47874],[120.58762,-8.48144],[120.59005,-8.48637],[120.58833,-8.50468],[120.5897,-8.50905],[120.58959,-8.51591],[120.58765,-8.5184],[120.59215,-8.51759],[120.59281,-8.51648],[120.5969,-8.51443],[120.60015,-8.51422],[120.60466,-8.51457],[120.61205,-8.51644],[120.62067,-8.51629],[120.62817,-8.51697],[120.62988,-8.51843],[120.63684,-8.51615],[120.6423,-8.51647],[120.64527,-8.51789],[120.64689,-8.51722],[120.66059,-8.51742],[120.66243,-8.51811],[120.66576,-8.5176],[120.66913,-8.51873],[120.67001,-8.51997],[120.67383,-8.52102],[120.67438,-8.52062],[120.67563,-8.51913],[120.67632,-8.5158],[120.67551,-8.51279],[120.67615,-8.51008],[120.67613,-8.50078],[120.67459,-8.49363],[120.67489,-8.48586],[120.67383,-8.48144],[120.6752,-8.48058],[120.67575,-8.47568],[120.67721,-8.47218],[120.67747,-8.46885],[120.67696,-8.46664],[120.67865,-8.46105],[120.67856,-8.45841],[120.67533,-8.44689],[120.6759,-8.44066],[120.67383,-8.4375],[120.67441,-8.43527],[120.67416,-8.42566],[120.67585,-8.42046],[120.6751,-8.41763],[120.67524,-8.41493],[120.67385,-8.41117],[120.67499,-8.40717],[120.58974,-8.40717],[120.59323,-8.41868],[120.59351,-8.42355],[120.58951,-8.43239],[120.58737,-8.43317],[120.58745,-8.43746]]]},"properties":{"date":"2025-07-08","year":2025,"res":0.34,"name":"Vivid"}},{"type":"Feature","geometry":{"type":"Polygon","coordinates":[[[120.93737,-8.51386],[120.93681,-8.51056],[120.93539,-8.50932],[120.93543,-8.50448],[120.93448,-8.50323],[120.93427,-8.50042],[120.93618,-8.49305],[120.93614,-8.48684],[120.9375,-8.48334],[120.9375,-8.40717],[120.90928,-8.40717],[120.90815,-8.41117],[120.90946,-8.41723],[120.90937,-8.42514],[120.90872,-8.42929],[120.90779,-8.43053],[120.90803,-8.43377],[120.90703,-8.43486],[120.90682,-8.43693],[120.90605,-8.4375],[120.90787,-8.44162],[120.90855,-8.44801],[120.90639,-8.45429],[120.90773,-8.46445],[120.90651,-8.46785],[120.90622,-8.47206],[120.9214,-8.47321],[120.9212,-8.48145],[120.91953,-8.48319],[120.91912,-8.48457],[120.92036,-8.48986],[120.91893,-8.49321],[120.91874,-8.49653],[120.91712,-8.49921],[120.91779,-8.50552],[120.91955,-8.50789],[120.91985,-8.51069],[120.92132,-8.51424],[120.92451,-8.5131],[120.92722,-8.51338],[120.92918,-8.51225],[120.93057,-8.51276],[120.93112,-8.51407],[120.93448,-8.5135],[120.93737,-8.51386]]]},"properties":{"date":"2025-07-08","year":2025,"res":0.34,"name":"Vivid"}},{"type":"Feature","geometry":{"type":"Polygon","coordinates":[[[120.84968,-8.74518],[120.85073,-8.74185],[120.84979,-8.7359],[120.85032,-8.73428],[120.84973,-8.73057],[120.85045,-8.72771],[120.84971,-8.72619],[120.84986,-8.72455],[120.8508,-8.72318],[120.85013,-8.72059],[120.85101,-8.71487],[120.84963,-8.71181],[120.84966,-8.70993],[120.85066,-8.70844],[120.85033,-8.70544],[120.85089,-8.70385],[120.84961,-8.70117],[120.84416,-8.70118],[120.84307,-8.70273],[120.83945,-8.70361],[120.83653,-8.70292],[120.83452,-8.70125],[120.82721,-8.70117],[120.82589,-8.70165],[120.824,-8.70117],[120.82288,-8.70314],[120.81848,-8.70353],[120.81667,-8.70444],[120.81427,-8.70441],[120.81184,-8.70521],[120.80841,-8.7017],[120.80602,-8.70141],[120.80195,-8.69916],[120.7987,-8.69866],[120.792,-8.69891],[120.7879,-8.69759],[120.78159,-8.69823],[120.77636,-8.69749],[120.76934,-8.69887],[120.76432,-8.69906],[120.76359,-8.69984],[120.7629,-8.70117],[120.76588,-8.70394],[120.76811,-8.70411],[120.76839,-8.70351],[120.77019,-8.70555],[120.77028,-8.70635],[120.76889,-8.70675],[120.76858,-8.70804],[120.76804,-8.70804],[120.76804,-8.70905],[120.76905,-8.71024],[120.77257,-8.71219],[120.77354,-8.71594],[120.77252,-8.72087],[120.77256,-8.72534],[120.7705,-8.73195],[120.77021,-8.73484],[120.7683,-8.73883],[120.76445,-8.73999],[120.76296,-8.74276],[120.76299,-8.74514],[120.76544,-8.74767],[120.76585,-8.74963],[120.7687,-8.75181],[120.76907,-8.75309],[120.76779,-8.75569],[120.76815,-8.75964],[120.76687,-8.76158],[120.76802,-8.76564],[120.76673,-8.76834],[120.76664,-8.77313],[120.76553,-8.77727],[120.76629,-8.78004],[120.76407,-8.78165],[120.7642,-8.78344],[120.76303,-8.78599],[120.7628,-8.78825],[120.76204,-8.78906],[120.76418,-8.79031],[120.76502,-8.79464],[120.76451,-8.79783],[120.76316,-8.79857],[120.76172,-8.80063],[120.76324,-8.80206],[120.762,-8.80572],[120.76274,-8.8081],[120.76172,-8.80974],[120.76223,-8.81334],[120.76172,-8.81514],[120.76172,-8.82187],[120.76323,-8.82393],[120.7643,-8.82932],[120.76354,-8.83204],[120.76225,-8.83301],[120.76489,-8.8376],[120.76458,-8.83989],[120.76537,-8.84406],[120.76312,-8.8508],[120.76172,-8.85266],[120.76433,-8.85569],[120.76707,-8.85765],[120.76754,-8.86204],[120.76387,-8.87472],[120.76172,-8.87693],[120.76172,-8.96484],[120.84961,-8.96484],[120.85001,-8.93171],[120.84961,-8.92089],[120.84827,-8.91953],[120.84789,-8.88098],[120.84823,-8.87811],[120.84961,-8.87697],[120.84834,-8.8761],[120.8466,-8.8707],[120.84629,-8.85361],[120.84777,-8.84869],[120.84812,-8.83424],[120.84998,-8.83265],[120.85143,-8.82962],[120.85164,-8.82557],[120.85316,-8.82263],[120.85285,-8.82124],[120.85463,-8.81903],[120.85223,-8.81518],[120.84967,-8.80672],[120.84983,-8.8033],[120.85151,-8.79837],[120.85036,-8.7971],[120.8497,-8.79435],[120.85025,-8.79174],[120.84976,-8.78705],[120.85254,-8.78083],[120.85098,-8.77893],[120.85103,-8.77744],[120.85204,-8.77609],[120.8508,-8.77273],[120.85186,-8.76816],[120.85074,-8.76747],[120.84971,-8.76509],[120.85076,-8.75654],[120.84984,-8.75445],[120.85023,-8.74772],[120.84968,-8.74518]]]},"properties":{"date":"2025-08-02","year":2025,"res":0.31,"name":"Vivid"}},{"type":"Feature","geometry":{"type":"Polygon","coordinates":[[[120.67386,-8.78926],[120.67129,-8.78835],[120.66895,-8.78899],[120.66221,-8.78875],[120.65494,-8.78732],[120.65323,-8.78777],[120.65182,-8.78899],[120.64626,-8.78906],[120.65062,-8.79042],[120.64924,-8.7922],[120.64902,-8.7936],[120.64973,-8.79508],[120.65104,-8.79581],[120.64932,-8.79675],[120.64916,-8.79918],[120.64813,-8.8002],[120.64817,-8.80424],[120.64615,-8.80468],[120.64781,-8.80835],[120.64742,-8.81031],[120.64849,-8.81201],[120.6515,-8.81332],[120.65542,-8.82266],[120.65529,-8.82417],[120.65413,-8.82503],[120.65315,-8.82989],[120.65007,-8.83282],[120.6475,-8.83301],[120.6483,-8.83683],[120.6477,-8.83891],[120.64811,-8.84005],[120.64667,-8.84187],[120.64685,-8.84391],[120.6485,-8.84569],[120.6495,-8.84881],[120.64918,-8.84992],[120.65025,-8.85371],[120.65015,-8.85817],[120.64965,-8.86151],[120.64893,-8.8629],[120.64696,-8.86436],[120.646,-8.8666],[120.64563,-8.87695],[120.64658,-8.86913],[120.64829,-8.86823],[120.6495,-8.86816],[120.65459,-8.87006],[120.66823,-8.8704],[120.66855,-8.96482],[120.76172,-8.96484],[120.76172,-8.87693],[120.76387,-8.87472],[120.76754,-8.86204],[120.76707,-8.85765],[120.76433,-8.85569],[120.76172,-8.85266],[120.76312,-8.8508],[120.76537,-8.84406],[120.76458,-8.83989],[120.76489,-8.8376],[120.76225,-8.83301],[120.76354,-8.83204],[120.7643,-8.82932],[120.76323,-8.82393],[120.76172,-8.82187],[120.76172,-8.81514],[120.76223,-8.81334],[120.76172,-8.80974],[120.76274,-8.8081],[120.762,-8.80572],[120.76324,-8.80206],[120.76172,-8.80063],[120.76316,-8.79857],[120.76451,-8.79783],[120.76502,-8.79464],[120.76418,-8.79031],[120.76204,-8.78906],[120.7628,-8.78825],[120.76303,-8.78599],[120.7642,-8.78344],[120.76407,-8.78165],[120.76629,-8.78004],[120.76553,-8.77727],[120.76664,-8.77313],[120.76673,-8.76834],[120.76802,-8.76564],[120.76687,-8.76158],[120.76815,-8.75964],[120.76779,-8.75569],[120.76907,-8.75309],[120.7687,-8.75181],[120.76585,-8.74963],[120.76544,-8.74767],[120.76299,-8.74514],[120.76296,-8.74276],[120.76445,-8.73999],[120.7683,-8.73883],[120.77021,-8.73484],[120.7705,-8.73195],[120.77256,-8.72534],[120.77252,-8.72087],[120.77354,-8.71594],[120.77257,-8.71219],[120.76905,-8.71024],[120.76804,-8.70905],[120.76889,-8.70675],[120.77028,-8.70635],[120.76878,-8.70387],[120.76588,-8.70394],[120.76351,-8.70133],[120.76172,-8.70117],[120.76311,-8.70503],[120.76175,-8.70549],[120.76243,-8.70875],[120.76172,-8.71194],[120.76234,-8.71313],[120.76215,-8.71616],[120.76339,-8.71851],[120.76317,-8.72196],[120.76471,-8.72525],[120.76485,-8.72811],[120.76295,-8.73413],[120.7637,-8.73813],[120.76208,-8.7399],[120.76176,-8.74158],[120.76173,-8.74518],[120.76308,-8.74582],[120.76387,-8.7473],[120.76297,-8.75076],[120.7627,-8.75555],[120.76188,-8.75763],[120.76231,-8.76126],[120.76449,-8.7637],[120.7645,-8.77029],[120.76516,-8.77197],[120.76433,-8.77684],[120.7632,-8.77828],[120.76175,-8.78902],[120.75901,-8.79216],[120.75371,-8.79316],[120.75168,-8.79472],[120.74632,-8.7958],[120.73927,-8.79419],[120.73409,-8.79407],[120.72535,-8.79223],[120.7219,-8.79062],[120.71867,-8.78999],[120.71775,-8.78906],[120.71723,-8.78957],[120.70917,-8.79014],[120.70531,-8.79162],[120.70364,-8.79262],[120.70327,-8.79367],[120.70132,-8.79444],[120.69963,-8.79645],[120.6955,-8.79613],[120.694,-8.79692],[120.69092,-8.79644],[120.68985,-8.79721],[120.6866,-8.79774],[120.68582,-8.79755],[120.6852,-8.79598],[120.67602,-8.79326],[120.6744,-8.79216],[120.67386,-8.78926]]]},"properties":{"date":"2025-08-02","year":2025,"res":0.31,"name":"Vivid"}},{"type":"Feature","geometry":{"type":"Polygon","coordinates":[[[120.58765,-8.48148],[120.58765,-8.47879],[120.58594,-8.47875],[120.58594,-8.48148],[120.58851,-8.48395],[120.58973,-8.48616],[120.5876,-8.48975],[120.58759,-8.49121],[120.58645,-8.49238],[120.58624,-8.49363],[120.58609,-8.49982],[120.58736,-8.50476],[120.58603,-8.50826],[120.58597,-8.51244],[120.58662,-8.51465],[120.58595,-8.52059],[120.58644,-8.52389],[120.58594,-8.52539],[120.58754,-8.52539],[120.58803,-8.52451],[120.5887,-8.52053],[120.58763,-8.51836],[120.58945,-8.51626],[120.5897,-8.5144],[120.5897,-8.50905],[120.58833,-8.50468],[120.59005,-8.48637],[120.58765,-8.48148]]]},"properties":{"date":"2025-08-24","year":2025,"res":0.34,"name":"Vivid"}},{"type":"Feature","geometry":{"type":"Polygon","coordinates":[[[120.64573,-8.87691],[120.58594,-8.87695],[120.58594,-8.96484],[120.66857,-8.96484],[120.66823,-8.8704],[120.65459,-8.87006],[120.6495,-8.86816],[120.64829,-8.86823],[120.64658,-8.86913],[120.64573,-8.87691]]]},"properties":{"date":"2025-09-01","year":2025,"res":0.34,"name":"Vivid"}},{"type":"Feature","geometry":{"type":"Polygon","coordinates":[[[120.82601,-8.52535],[120.83328,-8.52678],[120.8364,-8.5263],[120.84501,-8.52705],[120.84885,-8.52543],[120.85151,-8.52592],[120.85408,-8.52541],[120.85583,-8.52633],[120.86188,-8.52589],[120.86465,-8.52727],[120.86794,-8.5278],[120.87654,-8.52712],[120.88132,-8.52907],[120.88484,-8.52775],[120.88987,-8.52753],[120.89303,-8.52613],[120.89349,-8.52539],[120.89594,-8.5262],[120.89784,-8.52587],[120.89939,-8.52708],[120.90274,-8.52614],[120.90498,-8.52684],[120.90733,-8.52634],[120.90954,-8.52687],[120.91087,-8.52612],[120.91525,-8.52652],[120.9214,-8.52539],[120.92032,-8.52477],[120.91946,-8.51806],[120.91979,-8.51607],[120.92146,-8.51433],[120.91985,-8.51069],[120.91955,-8.50789],[120.91779,-8.50552],[120.91712,-8.49928],[120.91874,-8.49653],[120.91893,-8.49321],[120.92036,-8.48986],[120.91912,-8.48457],[120.91953,-8.48319],[120.9212,-8.48145],[120.9214,-8.47321],[120.89471,-8.47169],[120.89184,-8.47096],[120.88195,-8.47243],[120.87742,-8.4725],[120.8755,-8.4719],[120.86952,-8.47247],[120.86458,-8.47161],[120.85954,-8.4719],[120.85608,-8.47098],[120.85292,-8.47138],[120.84961,-8.47013],[120.84799,-8.47017],[120.84693,-8.4716],[120.84035,-8.47497],[120.83137,-8.47682],[120.82807,-8.48022],[120.82571,-8.48144],[120.82792,-8.48415],[120.82865,-8.48789],[120.82995,-8.4898],[120.83026,-8.49266],[120.83202,-8.49605],[120.83106,-8.50191],[120.83194,-8.50491],[120.83308,-8.50593],[120.83422,-8.50885],[120.83436,-8.51483],[120.83245,-8.51972],[120.83039,-8.52035],[120.82902,-8.52295],[120.82601,-8.52535]]]},"properties":{"date":"2025-09-06","year":2025,"res":0.34,"name":"Vivid"}},{"type":"Feature","geometry":{"type":"Polygon","coordinates":[[[120.9264,-8.52524],[120.92518,-8.52654],[120.92554,-8.52757],[120.92495,-8.52844],[120.92566,-8.52937],[120.92502,-8.53199],[120.92307,-8.5335],[120.9218,-8.53709],[120.92306,-8.53991],[120.92156,-8.54584],[120.92226,-8.54973],[120.922,-8.55435],[120.92454,-8.55722],[120.92527,-8.56117],[120.92474,-8.56316],[120.9251,-8.56667],[120.92661,-8.56934],[120.92546,-8.57409],[120.92402,-8.5773],[120.92254,-8.57868],[120.9228,-8.58086],[120.92077,-8.58197],[120.91901,-8.58396],[120.91825,-8.58607],[120.91844,-8.58804],[120.92111,-8.59521],[120.92168,-8.60083],[120.92133,-8.60262],[120.92307,-8.60772],[120.92442,-8.60864],[120.92475,-8.61216],[120.92607,-8.61328],[120.92318,-8.61769],[120.92036,-8.62924],[120.92035,-8.63181],[120.91876,-8.63592],[120.91833,-8.64009],[120.92245,-8.649],[120.92247,-8.65275],[120.92356,-8.65615],[120.92495,-8.65723],[120.92215,-8.65847],[120.92153,-8.65982],[120.92238,-8.66245],[120.92167,-8.66547],[120.92281,-8.66789],[120.92271,-8.67123],[120.92121,-8.67563],[120.9212,-8.67778],[120.91973,-8.67921],[120.91901,-8.68249],[120.92069,-8.68882],[120.92029,-8.69197],[120.923,-8.6943],[120.92242,-8.69644],[120.92552,-8.69978],[120.92546,-8.70132],[120.9241,-8.70398],[120.92429,-8.70533],[120.92198,-8.70868],[120.92108,-8.71168],[120.92179,-8.71857],[120.92113,-8.72771],[120.9222,-8.73059],[120.92243,-8.73536],[120.92354,-8.73716],[120.92391,-8.74199],[120.92728,-8.74511],[120.92301,-8.75535],[120.92375,-8.75804],[120.92271,-8.76221],[120.9228,-8.76526],[120.92448,-8.76903],[120.92409,-8.7712],[120.92495,-8.77362],[120.92313,-8.77711],[120.92197,-8.7836],[120.92393,-8.78674],[120.92553,-8.78746],[120.92607,-8.78906],[120.92333,-8.79753],[120.92257,-8.8032],[120.92134,-8.80465],[120.92169,-8.8061],[120.92082,-8.80978],[120.92174,-8.81402],[120.92025,-8.82024],[120.92156,-8.82536],[120.92176,-8.82904],[120.92488,-8.83301],[120.92156,-8.84592],[120.92213,-8.84748],[120.92133,-8.855],[120.92149,-8.8589],[120.92346,-8.85949],[120.92403,-8.86056],[120.92287,-8.86415],[120.92284,-8.86717],[120.92431,-8.8703],[120.92514,-8.87695],[120.921,-8.88438],[120.92051,-8.88798],[120.92126,-8.8889],[120.91873,-8.89538],[120.91838,-8.9011],[120.91851,-8.90347],[120.92024,-8.90547],[120.92082,-8.90723],[120.92131,-8.91335],[120.92257,-8.91491],[120.92227,-8.91899],[120.92346,-8.9209],[120.92199,-8.92384],[120.92067,-8.9251],[120.9208,-8.93235],[120.92315,-8.9384],[120.92326,-8.96475],[120.9375,-8.96484],[120.9375,-8.52539],[120.93278,-8.5242],[120.9264,-8.52524]]]},"properties":{"date":"2025-10-21","year":2025,"res":0.34,"name":"Vivid"}},{"type":"Feature","geometry":{"type":"Polygon","coordinates":[[[120.9375,-8.51385],[120.9375,-8.48334],[120.93614,-8.48684],[120.93618,-8.49305],[120.93427,-8.50042],[120.93448,-8.50323],[120.93543,-8.50448],[120.93539,-8.50932],[120.93681,-8.51056],[120.9375,-8.51385]]]},"properties":{"date":"2025-10-21","year":2025,"res":0.34,"name":"Vivid"}},{"type":"Feature","geometry":{"type":"Polygon","coordinates":[[[120.84968,-8.78902],[120.85025,-8.79174],[120.8497,-8.79435],[120.85036,-8.7971],[120.85151,-8.79829],[120.84983,-8.8033],[120.84981,-8.80804],[120.85223,-8.81518],[120.85463,-8.81903],[120.85285,-8.82124],[120.85316,-8.82263],[120.85164,-8.82557],[120.85143,-8.82962],[120.84998,-8.83265],[120.84812,-8.83424],[120.84777,-8.84869],[120.84629,-8.85361],[120.8466,-8.8707],[120.84834,-8.8761],[120.84961,-8.87697],[120.84823,-8.87811],[120.84789,-8.88098],[120.84827,-8.91953],[120.84961,-8.92089],[120.85001,-8.93171],[120.84961,-8.96484],[120.92332,-8.96484],[120.92315,-8.9384],[120.9208,-8.93235],[120.92067,-8.9251],[120.92199,-8.92384],[120.92346,-8.9209],[120.92227,-8.91899],[120.92257,-8.91491],[120.92131,-8.91335],[120.92082,-8.90723],[120.92024,-8.90547],[120.91851,-8.90347],[120.91838,-8.89762],[120.92125,-8.88895],[120.92051,-8.88798],[120.921,-8.88438],[120.92514,-8.87695],[120.92431,-8.8703],[120.92284,-8.86717],[120.92287,-8.86415],[120.92403,-8.86056],[120.92346,-8.85949],[120.92149,-8.8589],[120.92133,-8.855],[120.92213,-8.84748],[120.92156,-8.84592],[120.92488,-8.83301],[120.92176,-8.82904],[120.92156,-8.82536],[120.92025,-8.82024],[120.92174,-8.81402],[120.92082,-8.80978],[120.92169,-8.8061],[120.92134,-8.80465],[120.92257,-8.8032],[120.92333,-8.79753],[120.92607,-8.78906],[120.92553,-8.78746],[120.92393,-8.78674],[120.92197,-8.7836],[120.92313,-8.77711],[120.92495,-8.77362],[120.92409,-8.7712],[120.92448,-8.76903],[120.9228,-8.76526],[120.92271,-8.76221],[120.92375,-8.75804],[120.92301,-8.75535],[120.92728,-8.74511],[120.92391,-8.74199],[120.92354,-8.73716],[120.92243,-8.73536],[120.9222,-8.73059],[120.92113,-8.72771],[120.92179,-8.71857],[120.92108,-8.71168],[120.92198,-8.70868],[120.92429,-8.70533],[120.9241,-8.70398],[120.92546,-8.70132],[120.92552,-8.69978],[120.92242,-8.69644],[120.923,-8.6943],[120.92029,-8.69197],[120.92069,-8.68882],[120.91901,-8.68249],[120.91973,-8.67921],[120.9212,-8.67778],[120.92121,-8.67563],[120.92271,-8.67123],[120.92281,-8.66789],[120.92167,-8.66547],[120.92238,-8.66245],[120.92153,-8.65982],[120.92215,-8.65847],[120.92495,-8.65723],[120.92356,-8.65615],[120.92247,-8.65275],[120.92245,-8.649],[120.91833,-8.64009],[120.91876,-8.63592],[120.92035,-8.63181],[120.92036,-8.62924],[120.92318,-8.61769],[120.92607,-8.61328],[120.92475,-8.61216],[120.92442,-8.60864],[120.92307,-8.60772],[120.92133,-8.60262],[120.92168,-8.60083],[120.92111,-8.59521],[120.91844,-8.58804],[120.91825,-8.58607],[120.91901,-8.58396],[120.92077,-8.58197],[120.9228,-8.58086],[120.92254,-8.57868],[120.92402,-8.5773],[120.92546,-8.57409],[120.92661,-8.56934],[120.9251,-8.56667],[120.92474,-8.56316],[120.92527,-8.56117],[120.92454,-8.55722],[120.922,-8.55435],[120.92226,-8.54973],[120.92156,-8.54584],[120.92306,-8.53991],[120.9218,-8.53709],[120.92307,-8.5335],[120.92502,-8.53199],[120.92566,-8.52937],[120.92495,-8.52844],[120.92554,-8.52757],[120.92518,-8.52654],[120.92637,-8.52539],[120.91907,-8.52557],[120.91525,-8.52652],[120.91087,-8.52612],[120.90954,-8.52687],[120.90733,-8.52634],[120.90498,-8.52684],[120.90274,-8.52614],[120.89939,-8.52708],[120.89784,-8.52587],[120.89594,-8.5262],[120.89349,-8.52539],[120.89303,-8.52613],[120.88987,-8.52753],[120.88484,-8.52775],[120.88132,-8.52907],[120.87654,-8.52712],[120.86794,-8.5278],[120.86465,-8.52727],[120.86188,-8.52589],[120.85583,-8.52633],[120.85408,-8.52541],[120.85151,-8.52592],[120.84885,-8.52543],[120.84501,-8.52705],[120.8364,-8.5263],[120.83328,-8.52678],[120.83007,-8.5258],[120.82507,-8.52539],[120.82678,-8.5274],[120.82803,-8.53146],[120.82691,-8.53796],[120.8274,-8.5528],[120.8251,-8.55912],[120.82504,-8.56412],[120.82561,-8.56591],[120.82462,-8.57152],[120.82548,-8.57329],[120.82528,-8.57767],[120.82615,-8.57876],[120.82609,-8.58451],[120.82907,-8.59326],[120.82871,-8.59501],[120.82927,-8.60163],[120.82911,-8.60325],[120.82668,-8.60724],[120.82533,-8.61235],[120.82565,-8.61388],[120.82687,-8.61526],[120.82683,-8.62139],[120.82772,-8.62451],[120.82698,-8.62723],[120.82726,-8.62974],[120.82642,-8.63233],[120.82677,-8.64159],[120.82626,-8.64623],[120.82799,-8.64979],[120.82854,-8.65412],[120.82809,-8.65525],[120.82467,-8.65723],[120.82567,-8.65822],[120.82695,-8.66486],[120.82826,-8.66625],[120.8303,-8.67271],[120.83152,-8.67468],[120.83168,-8.67709],[120.83019,-8.68103],[120.83083,-8.68307],[120.83074,-8.68754],[120.82992,-8.69349],[120.82564,-8.69902],[120.82554,-8.69998],[120.82403,-8.70117],[120.82589,-8.70165],[120.82721,-8.70117],[120.83452,-8.70125],[120.83653,-8.70292],[120.83945,-8.70361],[120.84307,-8.70273],[120.84416,-8.70118],[120.84961,-8.70117],[120.85069,-8.70281],[120.85066,-8.70844],[120.84961,-8.71117],[120.85101,-8.71487],[120.85013,-8.72059],[120.8508,-8.72318],[120.84986,-8.72455],[120.84971,-8.72619],[120.85045,-8.72771],[120.84973,-8.73057],[120.85032,-8.73428],[120.84979,-8.7359],[120.85073,-8.74185],[120.84961,-8.74514],[120.85023,-8.74772],[120.84984,-8.75445],[120.85076,-8.75654],[120.84961,-8.76384],[120.85074,-8.76747],[120.85186,-8.76816],[120.8508,-8.77273],[120.85204,-8.77609],[120.85103,-8.77744],[120.85098,-8.77893],[120.85254,-8.78083],[120.85138,-8.78438],[120.84999,-8.78631],[120.84968,-8.78902]]]},"properties":{"date":"2025-10-21","year":2025,"res":0.34,"name":"Vivid"}},{"type":"Feature","geometry":{"type":"Polygon","coordinates":[[[120.99778,-8.40706],[120.99771,-8.40717],[120.99778,-8.40717],[120.99778,-8.40706]]]},"properties":{"date":"2021-07-12","year":2021,"res":0.31,"name":"Vivid"}},{"type":"Feature","geometry":{"type":"Polygon","coordinates":[[[120.99814,-8.40197],[120.99699,-8.40537],[120.99771,-8.40677],[120.99737,-8.40555],[120.99814,-8.40197]]]},"properties":{"date":"2021-07-12","year":2021,"res":0.31,"name":"Vivid"}},{"type":"Feature","geometry":{"type":"Polygon","coordinates":[]},"properties":{"date":"2021-07-12","year":2021,"res":0.31,"name":"Vivid"}},{"type":"Feature","geometry":{"type":"Polygon","coordinates":[[[120.99805,-8.40151],[120.99798,-8.40135],[120.99802,-8.40167],[120.99805,-8.40151]]]},"properties":{"date":"2021-07-12","year":2021,"res":0.31,"name":"Vivid"}},{"type":"Feature","geometry":{"type":"Polygon","coordinates":[]},"properties":{"date":"2021-07-12","year":2021,"res":0.31,"name":"Vivid"}},{"type":"Feature","geometry":{"type":"Polygon","coordinates":[[[120.99807,-8.40103],[120.99806,-8.40103],[120.99807,-8.40103],[120.99807,-8.40103]]]},"properties":{"date":"2021-07-12","year":2021,"res":0.31,"name":"Vivid"}},{"type":"Feature","geometry":{"type":"Polygon","coordinates":[[[120.99808,-8.40102],[120.99807,-8.40099],[120.99807,-8.40103],[120.99808,-8.40102]]]},"properties":{"date":"2021-07-12","year":2021,"res":0.31,"name":"Vivid"}},{"type":"Feature","geometry":{"type":"Polygon","coordinates":[[[120.99755,-8.35353],[120.99537,-8.35574],[120.99471,-8.35822],[120.99243,-8.35936],[120.99114,-8.3617],[120.9882,-8.36471],[120.98549,-8.37672],[120.98621,-8.37867],[120.98759,-8.37987],[120.98839,-8.38262],[120.98994,-8.38305],[120.99202,-8.38628],[120.99479,-8.38751],[120.99605,-8.38972],[120.99784,-8.38695],[120.99973,-8.38615],[121.00088,-8.3825],[121.00071,-8.38068],[120.99973,-8.37955],[120.99928,-8.36328],[120.99789,-8.35873],[120.99755,-8.35353]]]},"properties":{"date":"2021-07-12","year":2021,"res":0.31,"name":"Vivid"}},{"type":"Feature","geometry":{"type":"Polygon","coordinates":[[[120.93753,-8.26189],[120.9375,-8.30566],[120.93789,-8.27502],[120.93753,-8.26189]]]},"properties":{"date":"2024-02-01","year":2024,"res":0.5,"name":"Vivid"}},{"type":"Feature","geometry":{"type":"Polygon","coordinates":[[[120.9375,-8.30583],[120.9375,-8.3496],[120.93805,-8.34741],[120.9375,-8.30583]]]},"properties":{"date":"2024-02-01","year":2024,"res":0.5,"name":"Vivid"}},{"type":"Feature","geometry":{"type":"Polygon","coordinates":[[[120.99778,-8.40706],[121.01882,-8.40717],[121.01917,-8.40491],[121.0184,-8.40317],[121.01921,-8.40125],[121.02417,-8.39999],[121.0252,-8.39872],[121.02539,-8.3935],[121.0245,-8.38467],[121.023,-8.384],[121.01993,-8.38387],[121.01713,-8.38267],[121.00962,-8.38247],[121.00878,-8.38142],[121.00872,-8.37912],[121.00995,-8.37656],[121.01167,-8.37584],[121.01423,-8.37106],[121.01522,-8.37058],[121.01635,-8.36617],[121.0177,-8.36496],[121.01829,-8.36331],[121.0189,-8.35903],[121.01978,-8.3577],[121.02128,-8.35709],[121.02182,-8.35554],[121.02369,-8.35382],[121.02539,-8.34961],[121.00416,-8.34967],[121.00178,-8.35075],[120.99979,-8.35329],[120.99754,-8.35342],[120.99789,-8.35873],[120.99928,-8.36328],[120.99973,-8.37955],[121.00071,-8.38068],[121.00088,-8.3825],[120.99973,-8.38615],[120.99784,-8.38695],[120.99605,-8.38972],[121.00413,-8.39211],[121.00497,-8.39355],[121.00072,-8.39536],[120.99809,-8.39768],[120.99753,-8.39887],[120.99815,-8.40063],[120.99737,-8.40555],[120.99778,-8.40706]]]},"properties":{"date":"2024-12-25","year":2024,"res":0.31,"name":"Vivid"}},{"type":"Feature","geometry":{"type":"Polygon","coordinates":[[[120.99792,-8.34958],[120.99719,-8.34961],[120.99727,-8.29915],[120.99821,-8.29509],[120.99966,-8.29427],[121.0002,-8.29282],[121.00028,-8.28033],[120.99981,-8.27307],[120.99809,-8.26223],[120.99729,-8.26172],[120.9375,-8.26172],[120.93805,-8.3485],[120.9375,-8.3496],[120.9375,-8.40717],[120.99771,-8.40717],[120.99699,-8.40552],[120.99815,-8.40063],[120.9976,-8.39863],[120.99992,-8.39585],[121.00483,-8.39368],[121.00483,-8.39303],[121.00259,-8.3915],[120.99561,-8.38961],[120.99479,-8.38751],[120.99202,-8.38628],[120.98994,-8.38305],[120.98839,-8.38262],[120.98759,-8.37987],[120.98621,-8.37867],[120.98549,-8.37672],[120.9882,-8.36471],[120.99114,-8.3617],[120.99243,-8.35936],[120.99471,-8.35822],[120.99524,-8.35595],[120.99683,-8.35374],[120.99777,-8.35312],[120.99979,-8.35329],[121.00184,-8.35071],[121.00473,-8.34961],[120.99792,-8.34958]]]},"properties":{"date":"2025-07-08","year":2025,"res":0.34,"name":"Vivid"}},{"type":"Feature","geometry":{"type":"Polygon","coordinates":[[[120.72043,-8.40703],[120.80495,-8.40717],[120.80528,-8.40078],[120.80395,-8.39512],[120.80442,-8.38933],[120.80347,-8.38541],[120.80449,-8.38144],[120.80398,-8.37762],[120.8056,-8.37284],[120.80559,-8.36214],[120.80292,-8.35571],[120.80345,-8.35343],[120.80241,-8.34961],[120.80371,-8.34778],[120.80258,-8.34137],[120.8037,-8.32144],[120.80516,-8.31646],[120.80554,-8.31259],[120.80363,-8.30703],[120.80156,-8.30567],[120.80212,-8.29353],[120.80209,-8.27925],[120.80159,-8.27629],[120.80203,-8.26294],[120.80154,-8.26172],[120.76172,-8.26172],[120.76133,-8.2645],[120.76315,-8.27378],[120.76345,-8.28392],[120.76415,-8.28737],[120.76278,-8.29449],[120.76257,-8.30409],[120.76173,-8.30561],[120.76151,-8.30816],[120.76222,-8.31135],[120.76211,-8.31548],[120.76159,-8.32057],[120.75934,-8.326],[120.75839,-8.33037],[120.75745,-8.33151],[120.75749,-8.33265],[120.75633,-8.33323],[120.75599,-8.33524],[120.75601,-8.33725],[120.75729,-8.33882],[120.7579,-8.34148],[120.75981,-8.34183],[120.76103,-8.34367],[120.76119,-8.34885],[120.76172,-8.3496],[120.7581,-8.34868],[120.75669,-8.34749],[120.75211,-8.34699],[120.74993,-8.34751],[120.7467,-8.34723],[120.74587,-8.34805],[120.73697,-8.34959],[120.73175,-8.34831],[120.7265,-8.35009],[120.72519,-8.34958],[120.72215,-8.35042],[120.71957,-8.35011],[120.7189,-8.35349],[120.71789,-8.35507],[120.71786,-8.35963],[120.71951,-8.36521],[120.71992,-8.3707],[120.71947,-8.37253],[120.71996,-8.37753],[120.71977,-8.38842],[120.72074,-8.39355],[120.71987,-8.4044],[120.72043,-8.40703]]]},"properties":{"date":"2021-06-16","year":2021,"res":0.46,"name":"Vivid"}},{"type":"Feature","geometry":{"type":"Polygon","coordinates":[[[120.72847,-8.34967],[120.73175,-8.34831],[120.73697,-8.34959],[120.74587,-8.34805],[120.7467,-8.34723],[120.74993,-8.34751],[120.75211,-8.34699],[120.75669,-8.34749],[120.7581,-8.34868],[120.76172,-8.3496],[120.76119,-8.34885],[120.76103,-8.34367],[120.75981,-8.34183],[120.7579,-8.34148],[120.75729,-8.33882],[120.75601,-8.33725],[120.75599,-8.33524],[120.75633,-8.33323],[120.75749,-8.33265],[120.75745,-8.33151],[120.75839,-8.33037],[120.75934,-8.326],[120.76159,-8.32057],[120.76211,-8.31548],[120.76222,-8.31135],[120.76151,-8.30816],[120.76173,-8.30561],[120.76257,-8.30409],[120.76278,-8.29449],[120.76415,-8.28737],[120.76345,-8.28392],[120.76315,-8.27378],[120.76133,-8.2645],[120.76172,-8.26172],[120.72484,-8.26191],[120.72436,-8.26975],[120.72472,-8.27469],[120.72334,-8.2822],[120.72372,-8.28914],[120.72288,-8.29587],[120.72321,-8.30017],[120.72492,-8.30567],[120.724,-8.3212],[120.72488,-8.34209],[120.72406,-8.34711],[120.72464,-8.34925],[120.72544,-8.34996],[120.72847,-8.34967]]]},"properties":{"date":"2021-08-10","year":2021,"res":0.46,"name":"Vivid"}},{"type":"Feature","geometry":{"type":"Polygon","coordinates":[[[120.72497,-8.34975],[120.72406,-8.34711],[120.72488,-8.34209],[120.724,-8.3212],[120.72492,-8.30567],[120.72321,-8.30017],[120.72288,-8.29587],[120.72372,-8.28914],[120.72334,-8.2822],[120.72472,-8.27469],[120.72436,-8.26975],[120.72496,-8.26172],[120.71417,-8.26172],[120.71414,-8.27063],[120.71359,-8.27714],[120.71251,-8.28147],[120.71279,-8.28508],[120.71109,-8.28985],[120.71075,-8.29518],[120.71157,-8.30076],[120.71416,-8.30567],[120.71413,-8.31814],[120.7121,-8.32301],[120.71156,-8.32636],[120.71217,-8.33109],[120.71123,-8.33224],[120.71109,-8.33456],[120.71033,-8.33544],[120.7106,-8.33673],[120.71166,-8.33744],[120.71196,-8.33952],[120.71369,-8.34174],[120.71207,-8.34492],[120.71292,-8.34804],[120.71383,-8.3491],[120.71452,-8.34974],[120.71967,-8.34961],[120.71971,-8.3502],[120.72135,-8.35044],[120.72497,-8.34975]]]},"properties":{"date":"2022-02-18","year":2022,"res":0.5,"name":"Vivid"}},{"type":"Feature","geometry":{"type":"Polygon","coordinates":[[[120.71454,-8.34963],[120.71292,-8.34804],[120.71207,-8.34492],[120.71369,-8.34174],[120.71196,-8.33952],[120.71166,-8.33744],[120.7106,-8.33673],[120.71033,-8.33544],[120.71109,-8.33456],[120.71123,-8.33224],[120.71217,-8.33109],[120.71156,-8.32636],[120.7121,-8.32301],[120.71413,-8.31814],[120.71416,-8.30567],[120.71157,-8.30076],[120.71075,-8.29518],[120.71109,-8.28985],[120.71279,-8.28508],[120.71251,-8.28147],[120.71359,-8.27714],[120.71414,-8.27063],[120.71417,-8.26172],[120.67383,-8.26172],[120.67384,-8.3065],[120.67447,-8.31497],[120.67393,-8.31766],[120.67438,-8.32201],[120.67385,-8.32793],[120.67525,-8.33127],[120.67541,-8.33544],[120.67606,-8.33708],[120.67552,-8.34108],[120.67695,-8.34483],[120.67638,-8.34813],[120.67383,-8.34961],[120.67518,-8.35018],[120.67661,-8.34988],[120.67873,-8.35198],[120.6803,-8.35212],[120.68683,-8.35132],[120.69975,-8.35189],[120.70547,-8.35167],[120.70772,-8.35103],[120.70945,-8.35153],[120.71228,-8.35095],[120.71454,-8.34963]]]},"properties":{"date":"2023-05-07","year":2023,"res":0.5,"name":"Vivid"}},{"type":"Feature","geometry":{"type":"Polygon","coordinates":[[[120.62958,-8.26179],[120.67383,-8.26172],[120.67383,-8.17383],[120.5988,-8.17383],[120.59802,-8.17643],[120.59686,-8.17764],[120.59594,-8.18515],[120.59612,-8.21507],[120.59663,-8.2171],[120.59876,-8.21777],[120.59671,-8.21798],[120.59612,-8.21871],[120.59599,-8.22394],[120.59493,-8.22505],[120.5948,-8.23364],[120.5962,-8.23619],[120.59633,-8.24027],[120.59766,-8.24369],[120.59758,-8.25295],[120.59885,-8.26166],[120.61096,-8.26506],[120.6197,-8.26482],[120.6222,-8.26561],[120.62774,-8.26346],[120.62819,-8.26212],[120.62958,-8.26179]]]},"properties":{"date":"2023-05-07","year":2023,"res":0.5,"name":"Vivid"}},{"type":"Feature","geometry":{"type":"Polygon","coordinates":[[[120.9375,-8.34961],[120.80154,-8.26172],[120.80203,-8.26294],[120.80159,-8.27629],[120.80209,-8.27925],[120.80212,-8.29353],[120.80156,-8.30567],[120.80363,-8.30703],[120.80554,-8.31259],[120.80516,-8.31646],[120.8037,-8.32144],[120.80258,-8.34137],[120.80371,-8.34778],[120.80241,-8.34961],[120.80345,-8.35343],[120.80292,-8.35571],[120.80559,-8.36214],[120.8056,-8.37284],[120.80398,-8.37762],[120.80449,-8.38144],[120.80347,-8.38541],[120.80442,-8.38933],[120.80395,-8.39512],[120.80528,-8.40078],[120.80495,-8.40717],[120.90928,-8.40717],[120.90934,-8.40055],[120.90676,-8.39682],[120.9059,-8.39355],[120.90714,-8.38538],[120.90662,-8.3823],[120.90704,-8.37879],[120.90605,-8.3767],[120.91123,-8.37197],[120.91025,-8.36681],[120.90744,-8.36225],[120.90742,-8.35961],[120.90575,-8.35712],[120.90543,-8.34961],[120.90618,-8.35676],[120.9106,-8.35739],[120.92357,-8.3559],[120.92927,-8.35159],[120.9375,-8.34961]]]},"properties":{"date":"2024-02-01","year":2024,"res":0.5,"name":"Vivid"}},{"type":"Feature","geometry":{"type":"Polygon","coordinates":[[[120.67505,-8.40706],[120.72043,-8.40717],[120.71987,-8.4044],[120.72074,-8.39355],[120.71977,-8.38842],[120.71996,-8.37753],[120.71947,-8.37253],[120.71992,-8.3707],[120.71951,-8.36521],[120.71786,-8.35963],[120.71789,-8.35507],[120.7189,-8.35349],[120.71967,-8.34961],[120.7149,-8.34963],[120.70945,-8.35153],[120.70772,-8.35103],[120.70547,-8.35167],[120.69975,-8.35189],[120.68683,-8.35132],[120.6803,-8.35212],[120.67873,-8.35198],[120.67661,-8.34988],[120.67518,-8.35018],[120.67383,-8.34961],[120.67426,-8.34999],[120.67424,-8.35499],[120.67505,-8.35667],[120.67461,-8.36011],[120.675,-8.36223],[120.6743,-8.36345],[120.67385,-8.36827],[120.6747,-8.37266],[120.67459,-8.37713],[120.67573,-8.37933],[120.67571,-8.38325],[120.67384,-8.39181],[120.67473,-8.39787],[120.6739,-8.40241],[120.67505,-8.40706]]]},"properties":{"date":"2025-03-16","year":2025,"res":0.31,"name":"Vivid"}},{"type":"Feature","geometry":{"type":"Polygon","coordinates":[[[120.62984,-8.34958],[120.63382,-8.35007],[120.64219,-8.34963],[120.64645,-8.35046],[120.65218,-8.34983],[120.65421,-8.35051],[120.65584,-8.34996],[120.66163,-8.35018],[120.66231,-8.34964],[120.66603,-8.35091],[120.66971,-8.34966],[120.67488,-8.34935],[120.67638,-8.34813],[120.67695,-8.34483],[120.67552,-8.34108],[120.67606,-8.33708],[120.67541,-8.33544],[120.67507,-8.33038],[120.67385,-8.32793],[120.67438,-8.32201],[120.67393,-8.31766],[120.67447,-8.31497],[120.67384,-8.3065],[120.67383,-8.26172],[120.62976,-8.26172],[120.62819,-8.26212],[120.62774,-8.26346],[120.6222,-8.26561],[120.6197,-8.26482],[120.61096,-8.26506],[120.60608,-8.2633],[120.59837,-8.26163],[120.58615,-8.26121],[120.58595,-8.26175],[120.59219,-8.26175],[120.59729,-8.2637],[120.59852,-8.26903],[120.59867,-8.27852],[120.59865,-8.29156],[120.59296,-8.29624],[120.58834,-8.2984],[120.5882,-8.3003],[120.58692,-8.3009],[120.58602,-8.30435],[120.58631,-8.31673],[120.58727,-8.31743],[120.58818,-8.31969],[120.58777,-8.32369],[120.59017,-8.32827],[120.59032,-8.33075],[120.58923,-8.33313],[120.58739,-8.34204],[120.58604,-8.34393],[120.58618,-8.35607],[120.58742,-8.36324],[120.58663,-8.36598],[120.58841,-8.36979],[120.58594,-8.37948],[120.58929,-8.38204],[120.59045,-8.3842],[120.59072,-8.38634],[120.59068,-8.38891],[120.58983,-8.39107],[120.58824,-8.39277],[120.58635,-8.39353],[120.58654,-8.39655],[120.58749,-8.39838],[120.5862,-8.40717],[120.58974,-8.40717],[120.58953,-8.40618],[120.58847,-8.40554],[120.5875,-8.40151],[120.58769,-8.39765],[120.58701,-8.39355],[120.59212,-8.39056],[120.59113,-8.38464],[120.59152,-8.38137],[120.59063,-8.37827],[120.59102,-8.37379],[120.58914,-8.3673],[120.5899,-8.36419],[120.58935,-8.3556],[120.58862,-8.35278],[120.58718,-8.35179],[120.5867,-8.3496],[120.59325,-8.34859],[120.59728,-8.34953],[120.60071,-8.34896],[120.60645,-8.34937],[120.608,-8.34822],[120.6103,-8.34799],[120.62984,-8.34958]]]},"properties":{"date":"2025-03-16","year":2025,"res":0.31,"name":"Vivid"}},{"type":"Feature","geometry":{"type":"Polygon","coordinates":[[[120.67392,-8.39365],[120.67394,-8.39039],[120.67497,-8.38801],[120.67571,-8.38325],[120.67573,-8.37933],[120.67459,-8.37713],[120.6747,-8.37266],[120.67385,-8.36827],[120.6743,-8.36345],[120.675,-8.36223],[120.67461,-8.36011],[120.67505,-8.35667],[120.67424,-8.35499],[120.67394,-8.34967],[120.66971,-8.34966],[120.66603,-8.35091],[120.66231,-8.34964],[120.66163,-8.35018],[120.65584,-8.34996],[120.65421,-8.35051],[120.65218,-8.34983],[120.64592,-8.35045],[120.64219,-8.34963],[120.63382,-8.35007],[120.62755,-8.34905],[120.62372,-8.34935],[120.62223,-8.34868],[120.61961,-8.34911],[120.61801,-8.3485],[120.6103,-8.34799],[120.608,-8.34822],[120.60645,-8.34937],[120.60071,-8.34896],[120.59728,-8.34953],[120.59325,-8.34859],[120.5867,-8.3496],[120.58718,-8.35179],[120.58862,-8.35278],[120.58935,-8.3556],[120.5899,-8.36419],[120.58914,-8.3673],[120.59102,-8.37379],[120.59063,-8.37827],[120.59152,-8.38137],[120.59113,-8.38464],[120.59209,-8.38965],[120.59195,-8.39105],[120.58701,-8.39355],[120.58769,-8.39765],[120.5875,-8.40151],[120.58847,-8.40554],[120.58953,-8.40618],[120.58974,-8.40717],[120.67499,-8.40717],[120.6739,-8.40241],[120.67473,-8.39787],[120.67392,-8.39365]]]},"properties":{"date":"2025-07-08","year":2025,"res":0.34,"name":"Vivid"}},{"type":"Feature","geometry":{"type":"Polygon","coordinates":[[[120.90929,-8.40713],[120.9375,-8.40717],[120.9375,-8.34961],[120.92927,-8.35159],[120.92357,-8.3559],[120.9106,-8.35739],[120.90618,-8.35676],[120.90543,-8.34961],[120.90575,-8.35712],[120.90742,-8.35961],[120.90744,-8.36225],[120.91025,-8.36681],[120.91123,-8.37197],[120.90605,-8.3767],[120.90704,-8.37879],[120.90662,-8.3823],[120.90714,-8.38538],[120.9059,-8.39355],[120.90676,-8.39682],[120.90934,-8.40055],[120.90929,-8.40713]]]},"properties":{"date":"2025-07-08","year":2025,"res":0.34,"name":"Vivid"}},{"type":"Feature","geometry":{"type":"Polygon","coordinates":[[[122.69532,-8.61325],[122.69532,-8.61327],[122.69532,-8.61325]]]},"properties":{"date":"2014-08-26","year":2014,"res":0.5,"name":"Vivid"}},{"type":"Feature","geometry":{"type":"Polygon","coordinates":[[[122.69532,-8.61325],[122.69534,-8.61323],[122.69532,-8.61323],[122.69532,-8.61325]]]},"properties":{"date":"2014-08-26","year":2014,"res":0.5,"name":"Vivid"}},{"type":"Feature","geometry":{"type":"Polygon","coordinates":[[[122.6954,-8.61305],[122.69535,-8.61311],[122.69535,-8.61317],[122.6954,-8.61305]]]},"properties":{"date":"2014-08-26","year":2014,"res":0.5,"name":"Vivid"}},{"type":"Feature","geometry":{"type":"Polygon","coordinates":[[[122.6954,-8.61301],[122.6954,-8.61302],[122.6954,-8.61301]]]},"properties":{"date":"2014-08-26","year":2014,"res":0.5,"name":"Vivid"}},{"type":"Feature","geometry":{"type":"Polygon","coordinates":[[[122.69673,-8.58072],[122.69673,-8.58075],[122.69673,-8.58072],[122.69673,-8.58072]]]},"properties":{"date":"2014-08-26","year":2014,"res":0.5,"name":"Vivid"}},{"type":"Feature","geometry":{"type":"Polygon","coordinates":[[[122.69682,-8.58049],[122.69683,-8.58036],[122.69682,-8.58037],[122.69682,-8.58049]]]},"properties":{"date":"2014-08-26","year":2014,"res":0.5,"name":"Vivid"}},{"type":"Feature","geometry":{"type":"Polygon","coordinates":[[[122.69691,-8.58007],[122.69691,-8.58012],[122.69691,-8.57995],[122.69691,-8.58007]]]},"properties":{"date":"2018-05-09","year":2018,"res":0.31,"name":"Vivid"}},{"type":"Feature","geometry":{"type":"Polygon","coordinates":[[[122.69697,-8.5813],[122.69629,-8.58401],[122.69739,-8.58796],[122.69739,-8.59218],[122.69639,-8.59405],[122.69677,-8.59824],[122.69578,-8.60191],[122.69663,-8.60818],[122.69764,-8.60594],[122.69741,-8.60176],[122.69827,-8.59914],[122.69758,-8.58993],[122.6985,-8.58655],[122.69697,-8.5813]]]},"properties":{"date":"2018-05-09","year":2018,"res":0.31,"name":"Vivid"}},{"type":"Feature","geometry":{"type":"Polygon","coordinates":[[[122.69691,-8.57994],[122.69696,-8.57988],[122.69695,-8.57972],[122.69691,-8.57994]]]},"properties":{"date":"2018-05-09","year":2018,"res":0.31,"name":"Vivid"}},{"type":"Feature","geometry":{"type":"Polygon","coordinates":[[[122.51955,-8.70113],[122.52073,-8.69977],[122.52052,-8.69704],[122.5188,-8.69467],[122.51854,-8.69144],[122.51657,-8.69019],[122.51683,-8.68274],[122.5188,-8.67254],[122.51833,-8.66549],[122.51993,-8.66002],[122.51893,-8.65236],[122.52005,-8.64405],[122.51928,-8.64142],[122.51422,-8.64109],[122.51317,-8.64129],[122.51239,-8.64316],[122.51188,-8.64785],[122.51269,-8.65585],[122.51369,-8.65723],[122.51174,-8.6598],[122.51107,-8.66235],[122.51218,-8.67112],[122.50996,-8.67484],[122.51135,-8.68294],[122.51003,-8.68931],[122.51098,-8.69243],[122.51045,-8.69705],[122.51126,-8.6995],[122.51574,-8.69875],[122.51704,-8.69928],[122.51828,-8.70106],[122.51955,-8.70113]]]},"properties":{"date":"2019-04-18","year":2019,"res":0.5,"name":"Vivid"}},{"type":"Feature","geometry":{"type":"Polygon","coordinates":[[[122.69525,-8.7001],[122.69532,-8.70117],[122.72744,-8.70117],[122.72916,-8.693],[122.7287,-8.68071],[122.72937,-8.67096],[122.7292,-8.66444],[122.7275,-8.65723],[122.73218,-8.64839],[122.73427,-8.6373],[122.73426,-8.63439],[122.72648,-8.6331],[122.72547,-8.63241],[122.72248,-8.63278],[122.71734,-8.62825],[122.71575,-8.62805],[122.71281,-8.62611],[122.71016,-8.62525],[122.70976,-8.62341],[122.70772,-8.62087],[122.70597,-8.61991],[122.70468,-8.61713],[122.70293,-8.61695],[122.70076,-8.61562],[122.69885,-8.61584],[122.69532,-8.61328],[122.69566,-8.61703],[122.69654,-8.61804],[122.69857,-8.62576],[122.6975,-8.63254],[122.69785,-8.63815],[122.69678,-8.65432],[122.69532,-8.6572],[122.69417,-8.66286],[122.69384,-8.66802],[122.69442,-8.66961],[122.6938,-8.67052],[122.69364,-8.67606],[122.69242,-8.68073],[122.69503,-8.69102],[122.69525,-8.7001]]]},"properties":{"date":"2019-11-27","year":2019,"res":0.5,"name":"Vivid"}},{"type":"Feature","geometry":{"type":"Polygon","coordinates":[[[122.61309,-8.70104],[122.69532,-8.70117],[122.69503,-8.69102],[122.69242,-8.68073],[122.69364,-8.67606],[122.6938,-8.67052],[122.69442,-8.66961],[122.69384,-8.66802],[122.69417,-8.66286],[122.69532,-8.6572],[122.69678,-8.65432],[122.69785,-8.63815],[122.6975,-8.63254],[122.69857,-8.62576],[122.69654,-8.61804],[122.69566,-8.61703],[122.69532,-8.61328],[122.69293,-8.61447],[122.69151,-8.61849],[122.6916,-8.62104],[122.68893,-8.62635],[122.68703,-8.62752],[122.68281,-8.62829],[122.67841,-8.62822],[122.67093,-8.62639],[122.66993,-8.62528],[122.66818,-8.62495],[122.66582,-8.61999],[122.65961,-8.61696],[122.65938,-8.61605],[122.65799,-8.61514],[122.65411,-8.61427],[122.65306,-8.61333],[122.64955,-8.61283],[122.64349,-8.61347],[122.64261,-8.61497],[122.64054,-8.61571],[122.63491,-8.61363],[122.63162,-8.61169],[122.62522,-8.61078],[122.62218,-8.61163],[122.61999,-8.61143],[122.61425,-8.61328],[122.61502,-8.61683],[122.6137,-8.62152],[122.61312,-8.63388],[122.61387,-8.63857],[122.61345,-8.6435],[122.6145,-8.64722],[122.61358,-8.6514],[122.61291,-8.65213],[122.61285,-8.65723],[122.61723,-8.66794],[122.61757,-8.67646],[122.61598,-8.68592],[122.61365,-8.69324],[122.61309,-8.70104]]]},"properties":{"date":"2020-03-24","year":2020,"res":0.46,"name":"Vivid"}},{"type":"Feature","geometry":{"type":"Polygon","coordinates":[[[122.51962,-8.70109],[122.51961,-8.7011],[122.51962,-8.7011],[122.51962,-8.70109]]]},"properties":{"date":"2020-03-24","year":2020,"res":0.31,"name":"Vivid"}},{"type":"Feature","geometry":{"type":"Polygon","coordinates":[[[122.60532,-8.70078],[122.60494,-8.70138],[122.60705,-8.70119],[122.60532,-8.70078]]]},"properties":{"date":"2020-03-24","year":2020,"res":0.31,"name":"Vivid"}},{"type":"Feature","geometry":{"type":"Polygon","coordinates":[[[122.60705,-8.7012],[122.60708,-8.70122],[122.60723,-8.70121],[122.60705,-8.7012]]]},"properties":{"date":"2020-03-24","year":2020,"res":0.31,"name":"Vivid"}},{"type":"Feature","geometry":{"type":"Polygon","coordinates":[[[122.60728,-8.70119],[122.60724,-8.70121],[122.60733,-8.70118],[122.60728,-8.70119]]]},"properties":{"date":"2020-03-24","year":2020,"res":0.31,"name":"Vivid"}},{"type":"Feature","geometry":{"type":"Polygon","coordinates":[[[122.60733,-8.70118],[122.60735,-8.70118],[122.60737,-8.70117],[122.60733,-8.70118]]]},"properties":{"date":"2020-03-24","year":2020,"res":0.31,"name":"Vivid"}},{"type":"Feature","geometry":{"type":"Polygon","coordinates":[[[122.60741,-8.70117],[122.6074,-8.70117],[122.60741,-8.70117]]]},"properties":{"date":"2020-03-24","year":2020,"res":0.31,"name":"Vivid"}},{"type":"Feature","geometry":{"type":"Polygon","coordinates":[[[122.51345,-8.6995],[122.51361,-8.69947],[122.51329,-8.69948],[122.51345,-8.6995]]]},"properties":{"date":"2020-03-24","year":2020,"res":0.31,"name":"Vivid"}},{"type":"Feature","geometry":{"type":"Polygon","coordinates":[[[122.51247,-8.69948],[122.5125,-8.69945],[122.51244,-8.69945],[122.51247,-8.69948]]]},"properties":{"date":"2020-03-24","year":2020,"res":0.31,"name":"Vivid"}},{"type":"Feature","geometry":{"type":"Polygon","coordinates":[[[122.51365,-8.69946],[122.51364,-8.69946],[122.51365,-8.69946]]]},"properties":{"date":"2020-03-24","year":2020,"res":0.31,"name":"Vivid"}},{"type":"Feature","geometry":{"type":"Polygon","coordinates":[[[122.51368,-8.69945],[122.51367,-8.69945],[122.51368,-8.69945]]]},"properties":{"date":"2020-03-24","year":2020,"res":0.31,"name":"Vivid"}},{"type":"Feature","geometry":{"type":"Polygon","coordinates":[[[122.51238,-8.69943],[122.51242,-8.69945],[122.51241,-8.69943],[122.51238,-8.69943]]]},"properties":{"date":"2020-03-24","year":2020,"res":0.31,"name":"Vivid"}},{"type":"Feature","geometry":{"type":"Polygon","coordinates":[[[122.51271,-8.69937],[122.5125,-8.69945],[122.51327,-8.69948],[122.51271,-8.69937]]]},"properties":{"date":"2020-03-24","year":2020,"res":0.31,"name":"Vivid"}},{"type":"Feature","geometry":{"type":"Polygon","coordinates":[[[122.51368,-8.69945],[122.51373,-8.69944],[122.51374,-8.69941],[122.51368,-8.69945]]]},"properties":{"date":"2020-03-24","year":2020,"res":0.31,"name":"Vivid"}},{"type":"Feature","geometry":{"type":"Polygon","coordinates":[[[122.51237,-8.69943],[122.51238,-8.69942],[122.51237,-8.69942],[122.51237,-8.69943]]]},"properties":{"date":"2020-03-24","year":2020,"res":0.31,"name":"Vivid"}},{"type":"Feature","geometry":{"type":"Polygon","coordinates":[[[122.51376,-8.6994],[122.51376,-8.69938],[122.51376,-8.6994]]]},"properties":{"date":"2020-03-24","year":2020,"res":0.31,"name":"Vivid"}},{"type":"Feature","geometry":{"type":"Polygon","coordinates":[[[122.3669,-8.57009],[122.38034,-8.56875],[122.38248,-8.56901],[122.3877,-8.56792],[122.38886,-8.56882],[122.39717,-8.56908],[122.39772,-8.56797],[122.39734,-8.56699],[122.39868,-8.56691],[122.40069,-8.56556],[122.40134,-8.56116],[122.40139,-8.54784],[122.40286,-8.53915],[122.4017,-8.5296],[122.39965,-8.52562],[122.38765,-8.52539],[122.38249,-8.5264],[122.37679,-8.52587],[122.37396,-8.52652],[122.36783,-8.5254],[122.36663,-8.52606],[122.36355,-8.52586],[122.35882,-8.52771],[122.35696,-8.53091],[122.35643,-8.5349],[122.35419,-8.54095],[122.35609,-8.54477],[122.35504,-8.54668],[122.35579,-8.5474],[122.35669,-8.55423],[122.35885,-8.5567],[122.36181,-8.55844],[122.36303,-8.56068],[122.36548,-8.56219],[122.3663,-8.56673],[122.36744,-8.56932],[122.3669,-8.57009]]]},"properties":{"date":"2020-08-30","year":2020,"res":0.46,"name":"Vivid"}},{"type":"Feature","geometry":{"type":"Polygon","coordinates":[[[122.36739,-8.56939],[122.36548,-8.56219],[122.36303,-8.56068],[122.36181,-8.55844],[122.35885,-8.5567],[122.35656,-8.55403],[122.35579,-8.5474],[122.35503,-8.5466],[122.35599,-8.5457],[122.3559,-8.54372],[122.3543,-8.5419],[122.35419,-8.54095],[122.35643,-8.5349],[122.35696,-8.53091],[122.35882,-8.52771],[122.36355,-8.52586],[122.36663,-8.52606],[122.36783,-8.5254],[122.36232,-8.52549],[122.36019,-8.5265],[122.34798,-8.52684],[122.34375,-8.52539],[122.34398,-8.5728],[122.34508,-8.57412],[122.3465,-8.57447],[122.36001,-8.5745],[122.36435,-8.57296],[122.36739,-8.56939]]]},"properties":{"date":"2020-09-23","year":2020,"res":0.5,"name":"Vivid"}},{"type":"Feature","geometry":{"type":"Polygon","coordinates":[[[122.72754,-8.701],[122.79011,-8.70115],[122.79056,-8.67992],[122.79004,-8.65723],[122.79321,-8.64806],[122.7934,-8.63239],[122.78321,-8.63402],[122.77914,-8.63379],[122.77116,-8.63505],[122.7621,-8.63508],[122.75387,-8.63675],[122.73926,-8.63826],[122.73742,-8.63526],[122.73419,-8.63445],[122.73424,-8.63765],[122.73223,-8.64824],[122.7275,-8.65723],[122.7292,-8.66444],[122.72937,-8.67096],[122.7287,-8.68071],[122.72916,-8.693],[122.72754,-8.701]]]},"properties":{"date":"2021-09-11","year":2021,"res":0.5,"name":"Vivid"}},{"type":"Feature","geometry":{"type":"Polygon","coordinates":[[[122.51961,-8.7011],[122.51953,-8.70117],[122.5196,-8.70115],[122.51961,-8.7011]]]},"properties":{"date":"2022-03-20","year":2022,"res":0.5,"name":"Vivid"}},{"type":"Feature","geometry":{"type":"Polygon","coordinates":[[[122.51972,-8.70097],[122.51969,-8.70092],[122.51966,-8.701],[122.51972,-8.70097]]]},"properties":{"date":"2022-03-20","year":2022,"res":0.5,"name":"Vivid"}},{"type":"Feature","geometry":{"type":"Polygon","coordinates":[[[122.39761,-8.56691],[122.40071,-8.56701],[122.40069,-8.56556],[122.39868,-8.56691],[122.39761,-8.56691]]]},"properties":{"date":"2022-07-31","year":2022,"res":0.5,"name":"Vivid"}},{"type":"Feature","geometry":{"type":"Polygon","coordinates":[[[122.40174,-8.52991],[122.40173,-8.52991],[122.40174,-8.52991]]]},"properties":{"date":"2022-07-31","year":2022,"res":0.5,"name":"Vivid"}},{"type":"Feature","geometry":{"type":"Polygon","coordinates":[]},"properties":{"date":"2022-07-31","year":2022,"res":0.5,"name":"Vivid"}},{"type":"Feature","geometry":{"type":"Polygon","coordinates":[[[122.4017,-8.5296],[122.40166,-8.5298],[122.40173,-8.52988],[122.4017,-8.5296]]]},"properties":{"date":"2022-07-31","year":2022,"res":0.5,"name":"Vivid"}},{"type":"Feature","geometry":{"type":"Polygon","coordinates":[[[122.40147,-8.52931],[122.40167,-8.52949],[122.40143,-8.52915],[122.40147,-8.52931]]]},"properties":{"date":"2022-07-31","year":2022,"res":0.5,"name":"Vivid"}},{"type":"Feature","geometry":{"type":"Polygon","coordinates":[[[122.40124,-8.52895],[122.40143,-8.52915],[122.40074,-8.52727],[122.40124,-8.52895]]]},"properties":{"date":"2022-07-31","year":2022,"res":0.5,"name":"Vivid"}},{"type":"Feature","geometry":{"type":"Polygon","coordinates":[[[122.50366,-8.60177],[122.50364,-8.60176],[122.50367,-8.6018],[122.50366,-8.60177]]]},"properties":{"date":"2022-07-31","year":2022,"res":0.5,"name":"Vivid"}},{"type":"Feature","geometry":{"type":"Polygon","coordinates":[[[122.50364,-8.60175],[122.50364,-8.60174],[122.50364,-8.60175]]]},"properties":{"date":"2022-07-31","year":2022,"res":0.5,"name":"Vivid"}},{"type":"Feature","geometry":{"type":"Polygon","coordinates":[[[122.50337,-8.60024],[122.50343,-8.60068],[122.50353,-8.59958],[122.50337,-8.60024]]]},"properties":{"date":"2022-07-31","year":2022,"res":0.5,"name":"Vivid"}},{"type":"Feature","geometry":{"type":"Polygon","coordinates":[[[122.50354,-8.59954],[122.50364,-8.59934],[122.50361,-8.59934],[122.50354,-8.59954]]]},"properties":{"date":"2022-07-31","year":2022,"res":0.5,"name":"Vivid"}},{"type":"Feature","geometry":{"type":"Polygon","coordinates":[[[122.5038,-8.59808],[122.50381,-8.59806],[122.5038,-8.59806],[122.5038,-8.59808]]]},"properties":{"date":"2022-07-31","year":2022,"res":0.5,"name":"Vivid"}},{"type":"Feature","geometry":{"type":"Polygon","coordinates":[[[122.50388,-8.59768],[122.50388,-8.59787],[122.50394,-8.59772],[122.50388,-8.59768]]]},"properties":{"date":"2022-07-31","year":2022,"res":0.5,"name":"Vivid"}},{"type":"Feature","geometry":{"type":"Polygon","coordinates":[]},"properties":{"date":"2022-07-31","year":2022,"res":0.5,"name":"Vivid"}},{"type":"Feature","geometry":{"type":"Polygon","coordinates":[[[122.50393,-8.5971],[122.50392,-8.59709],[122.50392,-8.5971],[122.50393,-8.5971]]]},"properties":{"date":"2022-07-31","year":2022,"res":0.5,"name":"Vivid"}},{"type":"Feature","geometry":{"type":"Polygon","coordinates":[[[122.34375,-8.70104],[122.34375,-8.70117],[122.34376,-8.70109],[122.34375,-8.70104]]]},"properties":{"date":"2022-07-31","year":2022,"res":0.5,"name":"Vivid"}},{"type":"Feature","geometry":{"type":"Polygon","coordinates":[[[122.34377,-8.65734],[122.34375,-8.65723],[122.34375,-8.65736],[122.34377,-8.65734]]]},"properties":{"date":"2022-07-31","year":2022,"res":0.5,"name":"Vivid"}},{"type":"Feature","geometry":{"type":"Polygon","coordinates":[[[122.34375,-8.65718],[122.34375,-8.65723],[122.34375,-8.65718]]]},"properties":{"date":"2022-07-31","year":2022,"res":0.5,"name":"Vivid"}},{"type":"Feature","geometry":{"type":"Polygon","coordinates":[[[122.34376,-8.61333],[122.34375,-8.61329],[122.34375,-8.61333],[122.34376,-8.61333]]]},"properties":{"date":"2022-07-31","year":2022,"res":0.5,"name":"Vivid"}},{"type":"Feature","geometry":{"type":"Polygon","coordinates":[[[122.34375,-8.61324],[122.34375,-8.61327],[122.34375,-8.61324]]]},"properties":{"date":"2022-07-31","year":2022,"res":0.5,"name":"Vivid"}},{"type":"Feature","geometry":{"type":"Polygon","coordinates":[[[122.34375,-8.57281],[122.34375,-8.59049],[122.34426,-8.58964],[122.34414,-8.58718],[122.34491,-8.58589],[122.34476,-8.57633],[122.34375,-8.57281]]]},"properties":{"date":"2022-07-31","year":2022,"res":0.5,"name":"Vivid"}},{"type":"Feature","geometry":{"type":"Polygon","coordinates":[[[122.34375,-8.56921],[122.34375,-8.56933],[122.34377,-8.56929],[122.34375,-8.56921]]]},"properties":{"date":"2022-07-31","year":2022,"res":0.5,"name":"Vivid"}},{"type":"Feature","geometry":{"type":"Polygon","coordinates":[[[122.34375,-8.65736],[122.34375,-8.70117],[122.35069,-8.70094],[122.35336,-8.70173],[122.35938,-8.70107],[122.36261,-8.70214],[122.36604,-8.70178],[122.37797,-8.7029],[122.37995,-8.70243],[122.38603,-8.70267],[122.38777,-8.70117],[122.39543,-8.7022],[122.39963,-8.70357],[122.40326,-8.70364],[122.40311,-8.70149],[122.40248,-8.70117],[122.4046,-8.70075],[122.40638,-8.69576],[122.40782,-8.69356],[122.40866,-8.68491],[122.40435,-8.67737],[122.40351,-8.67167],[122.40381,-8.66547],[122.40302,-8.66056],[122.40374,-8.65609],[122.40312,-8.65323],[122.40383,-8.65136],[122.40346,-8.64509],[122.40562,-8.64304],[122.40661,-8.63787],[122.40552,-8.63357],[122.40593,-8.63077],[122.40453,-8.62558],[122.40546,-8.62432],[122.40458,-8.6224],[122.40461,-8.6212],[122.40564,-8.61994],[122.40501,-8.61815],[122.4053,-8.61692],[122.40323,-8.61434],[122.40082,-8.61328],[122.40258,-8.61079],[122.4038,-8.6053],[122.40361,-8.60108],[122.40225,-8.59814],[122.40191,-8.59512],[122.40145,-8.5744],[122.40071,-8.56701],[122.39734,-8.56699],[122.39732,-8.56906],[122.3957,-8.56928],[122.38886,-8.56882],[122.3877,-8.56792],[122.38248,-8.56901],[122.38034,-8.56875],[122.36719,-8.57005],[122.36591,-8.57053],[122.36435,-8.57296],[122.36001,-8.5745],[122.3465,-8.57447],[122.34508,-8.57412],[122.34375,-8.57214],[122.34476,-8.57633],[122.34491,-8.58589],[122.34414,-8.58718],[122.34426,-8.58964],[122.34375,-8.59049],[122.34375,-8.65736]]]},"properties":{"date":"2022-08-04","year":2022,"res":0.46,"name":"Vivid"}},{"type":"Feature","geometry":{"type":"Polygon","coordinates":[[[122.47525,-8.70127],[122.48111,-8.70021],[122.48505,-8.70115],[122.49205,-8.7011],[122.4944,-8.70044],[122.49749,-8.70109],[122.50327,-8.69959],[122.50516,-8.69998],[122.5083,-8.69927],[122.51126,-8.6995],[122.51045,-8.69705],[122.51098,-8.69243],[122.51003,-8.68931],[122.51135,-8.68294],[122.50996,-8.67484],[122.51218,-8.67112],[122.51109,-8.66276],[122.51141,-8.66064],[122.51369,-8.65723],[122.51269,-8.65585],[122.51202,-8.65214],[122.51226,-8.64356],[122.51309,-8.64144],[122.51249,-8.63921],[122.51282,-8.63684],[122.51224,-8.63122],[122.51148,-8.62977],[122.51173,-8.62514],[122.51039,-8.61822],[122.51097,-8.6156],[122.5072,-8.61512],[122.50649,-8.61432],[122.50463,-8.61437],[122.50363,-8.61373],[122.497,-8.61531],[122.49372,-8.61517],[122.48903,-8.6163],[122.4845,-8.61646],[122.48122,-8.61462],[122.47631,-8.61437],[122.47556,-8.61329],[122.47516,-8.61472],[122.47419,-8.61528],[122.47441,-8.61633],[122.47308,-8.61764],[122.47262,-8.61967],[122.47087,-8.62093],[122.46965,-8.62368],[122.46711,-8.62533],[122.46418,-8.62567],[122.46059,-8.62472],[122.45239,-8.62553],[122.44853,-8.62368],[122.44038,-8.6226],[122.43857,-8.6214],[122.43511,-8.62057],[122.43248,-8.61656],[122.43258,-8.61498],[122.43164,-8.61328],[122.43029,-8.61415],[122.42965,-8.6158],[122.42833,-8.62393],[122.42912,-8.63287],[122.43009,-8.63678],[122.42977,-8.64211],[122.43045,-8.64719],[122.43152,-8.64964],[122.4313,-8.65534],[122.43164,-8.65726],[122.43419,-8.65883],[122.4349,-8.66237],[122.43664,-8.66422],[122.4378,-8.66748],[122.43898,-8.67933],[122.44,-8.68148],[122.43944,-8.6846],[122.44009,-8.68643],[122.43986,-8.68795],[122.43701,-8.69315],[122.43653,-8.69558],[122.43563,-8.69634],[122.43523,-8.69903],[122.43322,-8.7009],[122.43164,-8.70117],[122.44059,-8.70125],[122.44427,-8.70284],[122.44712,-8.70261],[122.45103,-8.70338],[122.45676,-8.70301],[122.46045,-8.70392],[122.46562,-8.70377],[122.46922,-8.70239],[122.47525,-8.70127]]]},"properties":{"date":"2022-08-04","year":2022,"res":0.46,"name":"Vivid"}},{"type":"Feature","geometry":{"type":"Polygon","coordinates":[[[122.50342,-8.60367],[122.50339,-8.60372],[122.50341,-8.60372],[122.50342,-8.60367]]]},"properties":{"date":"2022-08-04","year":2022,"res":0.46,"name":"Vivid"}},{"type":"Feature","geometry":{"type":"Polygon","coordinates":[[[122.50338,-8.60018],[122.50333,-8.60288],[122.50372,-8.60197],[122.50338,-8.60018]]]},"properties":{"date":"2022-08-04","year":2022,"res":0.46,"name":"Vivid"}},{"type":"Feature","geometry":{"type":"Polygon","coordinates":[[[122.50376,-8.6061],[122.50376,-8.60611],[122.50376,-8.60612],[122.50376,-8.6061]]]},"properties":{"date":"2022-08-04","year":2022,"res":0.46,"name":"Vivid"}},{"type":"Feature","geometry":{"type":"Polygon","coordinates":[[[122.50376,-8.60609],[122.50376,-8.60608],[122.50376,-8.60609]]]},"properties":{"date":"2022-08-04","year":2022,"res":0.46,"name":"Vivid"}},{"type":"Feature","geometry":{"type":"Polygon","coordinates":[[[122.50352,-8.60406],[122.50338,-8.60386],[122.50356,-8.60453],[122.50352,-8.60406]]]},"properties":{"date":"2022-08-04","year":2022,"res":0.46,"name":"Vivid"}},{"type":"Feature","geometry":{"type":"Polygon","coordinates":[[[122.50342,-8.60355],[122.50342,-8.60367],[122.50343,-8.60364],[122.50342,-8.60355]]]},"properties":{"date":"2022-08-04","year":2022,"res":0.46,"name":"Vivid"}},{"type":"Feature","geometry":{"type":"Polygon","coordinates":[]},"properties":{"date":"2022-08-04","year":2022,"res":0.46,"name":"Vivid"}},{"type":"Feature","geometry":{"type":"Polygon","coordinates":[[[122.59443,-8.7021],[122.6025,-8.70222],[122.60735,-8.70118],[122.59443,-8.7021]]]},"properties":{"date":"2024-09-30","year":2024,"res":0.31,"name":"Vivid"}},{"type":"Feature","geometry":{"type":"Polygon","coordinates":[[[122.56369,-8.70119],[122.56356,-8.70118],[122.56359,-8.70119],[122.56369,-8.70119]]]},"properties":{"date":"2024-09-30","year":2024,"res":0.31,"name":"Vivid"}},{"type":"Feature","geometry":{"type":"Polygon","coordinates":[[[122.56354,-8.70118],[122.56353,-8.70117],[122.56353,-8.70118],[122.56354,-8.70118]]]},"properties":{"date":"2024-09-30","year":2024,"res":0.31,"name":"Vivid"}},{"type":"Feature","geometry":{"type":"Polygon","coordinates":[]},"properties":{"date":"2024-09-30","year":2024,"res":0.31,"name":"Vivid"}},{"type":"Feature","geometry":{"type":"Polygon","coordinates":[[[122.50539,-8.69993],[122.50538,-8.69993],[122.50538,-8.69994],[122.50539,-8.69993]]]},"properties":{"date":"2024-09-30","year":2024,"res":0.31,"name":"Vivid"}},{"type":"Feature","geometry":{"type":"Polygon","coordinates":[]},"properties":{"date":"2024-09-30","year":2024,"res":0.31,"name":"Vivid"}},{"type":"Feature","geometry":{"type":"Polygon","coordinates":[[[122.5055,-8.69982],[122.5055,-8.69983],[122.50551,-8.69982],[122.5055,-8.69982]]]},"properties":{"date":"2024-09-30","year":2024,"res":0.31,"name":"Vivid"}},{"type":"Feature","geometry":{"type":"Polygon","coordinates":[[[122.50553,-8.69981],[122.50553,-8.6998],[122.50552,-8.69982],[122.50553,-8.69981]]]},"properties":{"date":"2024-09-30","year":2024,"res":0.31,"name":"Vivid"}},{"type":"Feature","geometry":{"type":"Polygon","coordinates":[[[122.50554,-8.69979],[122.50563,-8.69975],[122.50555,-8.69975],[122.50554,-8.69979]]]},"properties":{"date":"2024-09-30","year":2024,"res":0.31,"name":"Vivid"}},{"type":"Feature","geometry":{"type":"Polygon","coordinates":[[[122.50685,-8.69964],[122.5068,-8.69963],[122.5068,-8.69964],[122.50685,-8.69964]]]},"properties":{"date":"2024-09-30","year":2024,"res":0.31,"name":"Vivid"}},{"type":"Feature","geometry":{"type":"Polygon","coordinates":[[[122.51894,-8.70112],[122.51828,-8.70106],[122.51948,-8.70117],[122.51894,-8.70112]]]},"properties":{"date":"2024-09-30","year":2024,"res":0.31,"name":"Vivid"}},{"type":"Feature","geometry":{"type":"Polygon","coordinates":[[[122.50913,-8.69958],[122.51046,-8.70023],[122.51247,-8.69948],[122.50913,-8.69958]]]},"properties":{"date":"2024-09-30","year":2024,"res":0.31,"name":"Vivid"}},{"type":"Feature","geometry":{"type":"Polygon","coordinates":[[[122.50686,-8.69964],[122.50688,-8.69965],[122.50688,-8.69964],[122.50686,-8.69964]]]},"properties":{"date":"2024-09-30","year":2024,"res":0.31,"name":"Vivid"}},{"type":"Feature","geometry":{"type":"Polygon","coordinates":[[[122.50717,-8.6996],[122.50689,-8.69965],[122.5071,-8.69967],[122.50717,-8.6996]]]},"properties":{"date":"2024-09-30","year":2024,"res":0.31,"name":"Vivid"}},{"type":"Feature","geometry":{"type":"Polygon","coordinates":[[[122.50726,-8.69958],[122.50729,-8.69958],[122.50723,-8.69957],[122.50726,-8.69958]]]},"properties":{"date":"2024-09-30","year":2024,"res":0.31,"name":"Vivid"}},{"type":"Feature","geometry":{"type":"Polygon","coordinates":[[[122.73941,-8.61323],[122.73262,-8.61539],[122.73086,-8.61708],[122.72756,-8.61738],[122.72618,-8.6169],[122.72356,-8.61793],[122.72171,-8.61745],[122.71959,-8.61817],[122.71622,-8.61634],[122.71413,-8.61619],[122.71132,-8.61362],[122.70846,-8.61334],[122.70668,-8.61423],[122.70472,-8.61349],[122.70371,-8.61375],[122.70597,-8.61991],[122.70772,-8.62087],[122.70936,-8.62282],[122.71016,-8.62525],[122.71281,-8.62611],[122.71575,-8.62805],[122.71734,-8.62825],[122.7226,-8.63282],[122.72547,-8.63241],[122.72648,-8.6331],[122.7365,-8.63481],[122.73742,-8.63526],[122.73926,-8.63826],[122.75387,-8.63675],[122.7621,-8.63508],[122.77116,-8.63505],[122.77914,-8.63379],[122.78321,-8.63402],[122.7934,-8.63239],[122.79249,-8.62412],[122.79039,-8.62082],[122.7899,-8.61317],[122.78581,-8.61229],[122.78325,-8.61329],[122.78013,-8.61316],[122.77757,-8.61159],[122.77322,-8.61177],[122.7719,-8.61106],[122.77167,-8.61011],[122.76935,-8.60887],[122.75781,-8.60785],[122.75436,-8.60666],[122.75105,-8.607],[122.74709,-8.60893],[122.74196,-8.60937],[122.73941,-8.61323]]]},"properties":{"date":"2024-11-05","year":2024,"res":0.31,"name":"Vivid"}},{"type":"Feature","geometry":{"type":"Polygon","coordinates":[[[122.70519,-8.59507],[122.70521,-8.5875],[122.70445,-8.58943],[122.70519,-8.59507]]]},"properties":{"date":"2024-11-05","year":2024,"res":0.31,"name":"Vivid"}},{"type":"Feature","geometry":{"type":"Polygon","coordinates":[[[122.70517,-8.58705],[122.70517,-8.58704],[122.70517,-8.58705]]]},"properties":{"date":"2024-11-05","year":2024,"res":0.31,"name":"Vivid"}},{"type":"Feature","geometry":{"type":"Polygon","coordinates":[[[122.70514,-8.587],[122.70513,-8.58702],[122.70515,-8.58702],[122.70514,-8.587]]]},"properties":{"date":"2024-11-05","year":2024,"res":0.31,"name":"Vivid"}},{"type":"Feature","geometry":{"type":"Polygon","coordinates":[]},"properties":{"date":"2024-11-05","year":2024,"res":0.31,"name":"Vivid"}},{"type":"Feature","geometry":{"type":"Polygon","coordinates":[[[122.70512,-8.58697],[122.70512,-8.58699],[122.70513,-8.58699],[122.70512,-8.58697]]]},"properties":{"date":"2024-11-05","year":2024,"res":0.31,"name":"Vivid"}},{"type":"Feature","geometry":{"type":"Polygon","coordinates":[[[122.70506,-8.58683],[122.70537,-8.58424],[122.70441,-8.58229],[122.70423,-8.58455],[122.70506,-8.58683]]]},"properties":{"date":"2024-11-05","year":2024,"res":0.31,"name":"Vivid"}},{"type":"Feature","geometry":{"type":"Polygon","coordinates":[[[122.70001,-8.61321],[122.70071,-8.61388],[122.70434,-8.61345],[122.70668,-8.61423],[122.70933,-8.61328],[122.70939,-8.60889],[122.70763,-8.60741],[122.70585,-8.60782],[122.70037,-8.6061],[122.70001,-8.61321]]]},"properties":{"date":"2025-06-12","year":2025,"res":0.31,"name":"Vivid"}},{"type":"Feature","geometry":{"type":"Polygon","coordinates":[[[122.79358,-8.61328],[122.79364,-8.61904],[122.79438,-8.61973],[122.79453,-8.62193],[122.79578,-8.62356],[122.79638,-8.62825],[122.79703,-8.62861],[122.7979,-8.63169],[122.79664,-8.63223],[122.79552,-8.63421],[122.79435,-8.63447],[122.79415,-8.63512],[122.79454,-8.65415],[122.79331,-8.65723],[122.79455,-8.66261],[122.79453,-8.69401],[122.79373,-8.69616],[122.79337,-8.70117],[122.8711,-8.70117],[122.84866,-8.70108],[122.83491,-8.70037],[122.83446,-8.6998],[122.83441,-8.68357],[122.83447,-8.67797],[122.83618,-8.67533],[122.8366,-8.66235],[122.83864,-8.66158],[122.83927,-8.6605],[122.84383,-8.6594],[122.84677,-8.65731],[122.8711,-8.65723],[122.87015,-8.65645],[122.86988,-8.65453],[122.86983,-8.6231],[122.87023,-8.61466],[122.8711,-8.61328],[122.86423,-8.61283],[122.85971,-8.61094],[122.8562,-8.61078],[122.85275,-8.61328],[122.82712,-8.61328],[122.82694,-8.61484],[122.82568,-8.61587],[122.82427,-8.61883],[122.81814,-8.61974],[122.81051,-8.61763],[122.80937,-8.61682],[122.80477,-8.61721],[122.80082,-8.61619],[122.79576,-8.61592],[122.79358,-8.61328]]]},"properties":{"date":"2025-08-08","year":2025,"res":0.31,"name":"Vivid"}},{"type":"Feature","geometry":{"type":"Polygon","coordinates":[[[122.79011,-8.70115],[122.79339,-8.70115],[122.79373,-8.69616],[122.79453,-8.69401],[122.79455,-8.66261],[122.79331,-8.65723],[122.79454,-8.65415],[122.79415,-8.63512],[122.79435,-8.63447],[122.79552,-8.63421],[122.79664,-8.63223],[122.7979,-8.63169],[122.79703,-8.62861],[122.79638,-8.62825],[122.79578,-8.62356],[122.79453,-8.62193],[122.79438,-8.61973],[122.79364,-8.61904],[122.79327,-8.61328],[122.79002,-8.61328],[122.79039,-8.62082],[122.79249,-8.62412],[122.79351,-8.63291],[122.79357,-8.6432],[122.79297,-8.64927],[122.79179,-8.65315],[122.79072,-8.65417],[122.79004,-8.65723],[122.79056,-8.67992],[122.79011,-8.70115]]]},"properties":{"date":"2025-08-08","year":2025,"res":0.31,"name":"Vivid"}},{"type":"Feature","geometry":{"type":"Polygon","coordinates":[[[122.70938,-8.61325],[122.71148,-8.61369],[122.71413,-8.61619],[122.71622,-8.61634],[122.71959,-8.61817],[122.72171,-8.61745],[122.72356,-8.61793],[122.72618,-8.6169],[122.72756,-8.61738],[122.73086,-8.61708],[122.73262,-8.61539],[122.73941,-8.61323],[122.74196,-8.60937],[122.74709,-8.60893],[122.75105,-8.607],[122.75436,-8.60666],[122.75781,-8.60785],[122.76935,-8.60887],[122.77167,-8.61011],[122.7719,-8.61106],[122.77322,-8.61177],[122.77757,-8.61159],[122.78013,-8.61316],[122.78325,-8.61329],[122.78581,-8.61229],[122.79002,-8.61328],[122.79358,-8.61328],[122.79576,-8.61592],[122.80082,-8.61619],[122.80477,-8.61721],[122.80937,-8.61682],[122.81051,-8.61763],[122.81814,-8.61974],[122.82427,-8.61883],[122.82568,-8.61587],[122.82694,-8.61484],[122.82712,-8.61328],[122.83928,-8.61328],[122.83857,-8.59802],[122.83883,-8.58904],[122.83699,-8.58329],[122.83636,-8.57625],[122.83662,-8.57396],[122.83906,-8.56934],[122.83706,-8.56774],[122.83684,-8.56661],[122.83711,-8.56304],[122.838,-8.5614],[122.83614,-8.54941],[122.83657,-8.54716],[122.83606,-8.54335],[122.83449,-8.53637],[122.83571,-8.53415],[122.8356,-8.53273],[122.83652,-8.53198],[122.83663,-8.52949],[122.83916,-8.52539],[122.8351,-8.52544],[122.83403,-8.52602],[122.82451,-8.52546],[122.82041,-8.52803],[122.81599,-8.52918],[122.81372,-8.53189],[122.80569,-8.53264],[122.80122,-8.53097],[122.79806,-8.52828],[122.79569,-8.52745],[122.79233,-8.52768],[122.79107,-8.52676],[122.78993,-8.52701],[122.78578,-8.52549],[122.78321,-8.52539],[122.7841,-8.5248],[122.78548,-8.51989],[122.78673,-8.51859],[122.78759,-8.51303],[122.78649,-8.50955],[122.78321,-8.50365],[122.77162,-8.5038],[122.76785,-8.50462],[122.76198,-8.50418],[122.75757,-8.50505],[122.75548,-8.50476],[122.75382,-8.5058],[122.75111,-8.5061],[122.75025,-8.50532],[122.7472,-8.50456],[122.74566,-8.50221],[122.73926,-8.50038],[122.73855,-8.50075],[122.73895,-8.5036],[122.73737,-8.50753],[122.73301,-8.5111],[122.73038,-8.51417],[122.72301,-8.51609],[122.71948,-8.51911],[122.71494,-8.52098],[122.70904,-8.52539],[122.7092,-8.52997],[122.71148,-8.5362],[122.71109,-8.54631],[122.70929,-8.55246],[122.70992,-8.56403],[122.7092,-8.56934],[122.70964,-8.57285],[122.70934,-8.5984],[122.71094,-8.60155],[122.71015,-8.60814],[122.70934,-8.60889],[122.70938,-8.61325]]]},"properties":{"date":"2025-09-03","year":2025,"res":0.31,"name":"Vivid"}},{"type":"Feature","geometry":{"type":"Polygon","coordinates":[[[122.34292,-8.70113],[122.34017,-8.70141],[122.33941,-8.70068],[122.33512,-8.69995],[122.33521,-8.70113],[122.33601,-8.70179],[122.33876,-8.70213],[122.34338,-8.70117],[122.34292,-8.70113]]]},"properties":{"date":"2011-02-17","year":2011,"res":0.5,"name":"Vivid"}},{"type":"Feature","geometry":{"type":"Polygon","coordinates":[[[121.99244,-8.61322],[121.99428,-8.61328],[121.99455,-8.61269],[121.99244,-8.61322]]]},"properties":{"date":"2018-07-30","year":2018,"res":0.31,"name":"Vivid"}},{"type":"Feature","geometry":{"type":"Polygon","coordinates":[[[122.34364,-8.56902],[122.34375,-8.52543],[122.34251,-8.52674],[122.34102,-8.53319],[122.34048,-8.54436],[122.34063,-8.55805],[122.34191,-8.56202],[122.34232,-8.56589],[122.34364,-8.56902]]]},"properties":{"date":"2020-09-23","year":2020,"res":0.5,"name":"Vivid"}},{"type":"Feature","geometry":{"type":"Polygon","coordinates":[[[122.34351,-8.70114],[122.3396,-8.69326],[122.33919,-8.68586],[122.33797,-8.68432],[122.33785,-8.68108],[122.33664,-8.67904],[122.33649,-8.67645],[122.33713,-8.67427],[122.33595,-8.67116],[122.33647,-8.66755],[122.33839,-8.66576],[122.33876,-8.66424],[122.34098,-8.66167],[122.34182,-8.6616],[122.34246,-8.65863],[122.34375,-8.65736],[122.34236,-8.65606],[122.34171,-8.65392],[122.34124,-8.64814],[122.33971,-8.64307],[122.33948,-8.63768],[122.34028,-8.63453],[122.33973,-8.62819],[122.34071,-8.61973],[122.3434,-8.61858],[122.34371,-8.61738],[122.34375,-8.56921],[122.34232,-8.56589],[122.34191,-8.56202],[122.34063,-8.55805],[122.34048,-8.54436],[122.34102,-8.53319],[122.34251,-8.52674],[122.34375,-8.52538],[122.33952,-8.52408],[122.33616,-8.51831],[122.3309,-8.51386],[122.32669,-8.50354],[122.3283,-8.51038],[122.3349,-8.51924],[122.33657,-8.52539],[122.33557,-8.54208],[122.33643,-8.56934],[122.33557,-8.57908],[122.33555,-8.60963],[122.33629,-8.61328],[122.3344,-8.61589],[122.33419,-8.61824],[122.33484,-8.62158],[122.33428,-8.62484],[122.33588,-8.62691],[122.33549,-8.62783],[122.33608,-8.62878],[122.336,-8.63207],[122.33496,-8.63598],[122.33257,-8.64051],[122.33265,-8.64264],[122.3317,-8.64489],[122.33174,-8.64638],[122.33276,-8.64825],[122.33181,-8.65176],[122.33565,-8.65723],[122.33405,-8.66207],[122.33363,-8.67625],[122.33222,-8.68127],[122.33252,-8.68607],[122.33192,-8.68848],[122.3329,-8.6926],[122.33372,-8.69317],[122.3348,-8.69612],[122.33512,-8.69995],[122.33941,-8.70068],[122.34017,-8.70141],[122.34351,-8.70114]]]},"properties":{"date":"2022-07-31","year":2022,"res":0.5,"name":"Vivid"}},{"type":"Feature","geometry":{"type":"Polygon","coordinates":[[[122.3437,-8.70078],[122.34375,-8.65736],[122.34246,-8.65863],[122.34182,-8.6616],[122.34098,-8.66167],[122.33876,-8.66424],[122.33839,-8.66576],[122.33647,-8.66755],[122.33595,-8.67116],[122.33713,-8.67427],[122.33649,-8.67645],[122.33664,-8.67904],[122.33785,-8.68108],[122.33797,-8.68432],[122.33919,-8.68586],[122.3396,-8.69326],[122.34085,-8.69667],[122.3437,-8.70078]]]},"properties":{"date":"2022-08-04","year":2022,"res":0.46,"name":"Vivid"}},{"type":"Feature","geometry":{"type":"Polygon","coordinates":[[[122.34373,-8.65715],[122.34375,-8.61333],[122.34355,-8.61837],[122.3409,-8.6193],[122.34054,-8.62064],[122.33973,-8.62819],[122.34028,-8.63453],[122.33948,-8.63768],[122.33971,-8.64307],[122.34124,-8.64814],[122.34171,-8.65392],[122.34236,-8.65606],[122.34373,-8.65715]]]},"properties":{"date":"2022-08-04","year":2022,"res":0.46,"name":"Vivid"}},{"type":"Feature","geometry":{"type":"Polygon","coordinates":[[[122.34369,-8.61298],[122.34375,-8.61324],[122.34375,-8.59049],[122.34369,-8.61298]]]},"properties":{"date":"2022-08-04","year":2022,"res":0.46,"name":"Vivid"}},{"type":"Feature","geometry":{"type":"Polygon","coordinates":[[[122.34371,-8.57276],[122.34375,-8.57281],[122.34375,-8.57214],[122.34371,-8.57276]]]},"properties":{"date":"2022-08-04","year":2022,"res":0.46,"name":"Vivid"}},{"type":"Feature","geometry":{"type":"Polygon","coordinates":[[[121.99225,-8.70082],[121.99219,-8.70117],[121.99264,-8.70024],[121.99225,-8.70082]]]},"properties":{"date":"2022-12-22","year":2022,"res":0.46,"name":"Vivid"}},{"type":"Feature","geometry":{"type":"Polygon","coordinates":[[[121.99313,-8.69835],[121.99313,-8.69844],[121.99314,-8.69841],[121.99313,-8.69835]]]},"properties":{"date":"2022-12-22","year":2022,"res":0.46,"name":"Vivid"}},{"type":"Feature","geometry":{"type":"Polygon","coordinates":[[[121.99382,-8.66047],[121.99402,-8.66081],[121.99335,-8.6589],[121.99382,-8.66047]]]},"properties":{"date":"2022-12-22","year":2022,"res":0.46,"name":"Vivid"}},{"type":"Feature","geometry":{"type":"Polygon","coordinates":[[[121.99338,-8.65882],[121.99335,-8.65875],[121.99335,-8.65884],[121.99338,-8.65882]]]},"properties":{"date":"2022-12-22","year":2022,"res":0.46,"name":"Vivid"}},{"type":"Feature","geometry":{"type":"Polygon","coordinates":[[[121.99335,-8.65874],[121.99334,-8.65873],[121.99334,-8.65874],[121.99335,-8.65874]]]},"properties":{"date":"2022-12-22","year":2022,"res":0.46,"name":"Vivid"}},{"type":"Feature","geometry":{"type":"Polygon","coordinates":[[[121.99336,-8.65869],[121.99338,-8.65869],[121.99339,-8.65868],[121.99336,-8.65869]]]},"properties":{"date":"2022-12-22","year":2022,"res":0.46,"name":"Vivid"}},{"type":"Feature","geometry":{"type":"Polygon","coordinates":[[[121.9934,-8.65861],[121.9934,-8.65862],[121.9934,-8.6586],[121.9934,-8.65861]]]},"properties":{"date":"2022-12-22","year":2022,"res":0.46,"name":"Vivid"}},{"type":"Feature","geometry":{"type":"Polygon","coordinates":[[[121.9934,-8.65858],[121.99339,-8.6586],[121.99341,-8.6586],[121.9934,-8.65858]]]},"properties":{"date":"2022-12-22","year":2022,"res":0.46,"name":"Vivid"}},{"type":"Feature","geometry":{"type":"Polygon","coordinates":[[[121.9933,-8.651],[121.99332,-8.65078],[121.99327,-8.65088],[121.9933,-8.651]]]},"properties":{"date":"2022-12-22","year":2022,"res":0.46,"name":"Vivid"}},{"type":"Feature","geometry":{"type":"Polygon","coordinates":[[[121.99333,-8.64882],[121.99325,-8.64851],[121.99327,-8.64906],[121.99333,-8.64882]]]},"properties":{"date":"2022-12-22","year":2022,"res":0.46,"name":"Vivid"}},{"type":"Feature","geometry":{"type":"Polygon","coordinates":[[[121.99415,-8.6192],[121.99434,-8.61974],[121.99404,-8.61628],[121.99415,-8.6192]]]},"properties":{"date":"2022-12-22","year":2022,"res":0.46,"name":"Vivid"}},{"type":"Feature","geometry":{"type":"Polygon","coordinates":[[[121.99404,-8.61627],[121.99404,-8.61626],[121.99404,-8.61627]]]},"properties":{"date":"2022-12-22","year":2022,"res":0.46,"name":"Vivid"}},{"type":"Feature","geometry":{"type":"Polygon","coordinates":[[[121.99401,-8.61625],[121.99404,-8.61626],[121.99403,-8.61612],[121.99401,-8.61625]]]},"properties":{"date":"2022-12-22","year":2022,"res":0.46,"name":"Vivid"}},{"type":"Feature","geometry":{"type":"Polygon","coordinates":[[[121.99397,-8.61589],[121.99399,-8.61593],[121.99399,-8.61589],[121.99397,-8.61589]]]},"properties":{"date":"2022-12-22","year":2022,"res":0.46,"name":"Vivid"}},{"type":"Feature","geometry":{"type":"Polygon","coordinates":[[[121.99393,-8.61571],[121.99386,-8.61561],[121.99395,-8.61587],[121.99393,-8.61571]]]},"properties":{"date":"2022-12-22","year":2022,"res":0.46,"name":"Vivid"}},{"type":"Feature","geometry":{"type":"Polygon","coordinates":[[[121.99451,-8.69046],[121.99444,-8.69085],[121.99469,-8.69018],[121.99451,-8.69046]]]},"properties":{"date":"2022-12-22","year":2022,"res":0.46,"name":"Vivid"}},{"type":"Feature","geometry":{"type":"Polygon","coordinates":[[[121.99505,-8.68888],[121.99511,-8.68877],[121.99511,-8.6887],[121.99505,-8.68888]]]},"properties":{"date":"2022-12-22","year":2022,"res":0.46,"name":"Vivid"}},{"type":"Feature","geometry":{"type":"Polygon","coordinates":[[[121.99511,-8.68869],[121.99512,-8.68867],[121.99511,-8.68867],[121.99511,-8.68869]]]},"properties":{"date":"2022-12-22","year":2022,"res":0.46,"name":"Vivid"}},{"type":"Feature","geometry":{"type":"Polygon","coordinates":[[[121.99519,-8.68853],[121.99519,-8.68855],[121.99518,-8.68855],[121.99519,-8.68853]]]},"properties":{"date":"2022-12-22","year":2022,"res":0.46,"name":"Vivid"}},{"type":"Feature","geometry":{"type":"Polygon","coordinates":[[[121.9952,-8.68839],[121.99524,-8.68824],[121.99519,-8.68851],[121.9952,-8.68839]]]},"properties":{"date":"2022-12-22","year":2022,"res":0.46,"name":"Vivid"}},{"type":"Feature","geometry":{"type":"Polygon","coordinates":[[[121.99524,-8.68822],[121.99524,-8.68821],[121.99524,-8.68822]]]},"properties":{"date":"2022-12-22","year":2022,"res":0.46,"name":"Vivid"}},{"type":"Feature","geometry":{"type":"Polygon","coordinates":[[[121.99524,-8.68629],[121.99525,-8.68629],[121.99524,-8.68625],[121.99524,-8.68629]]]},"properties":{"date":"2022-12-22","year":2022,"res":0.46,"name":"Vivid"}},{"type":"Feature","geometry":{"type":"Polygon","coordinates":[[[121.99528,-8.6858],[121.99524,-8.68622],[121.99526,-8.68557],[121.99528,-8.6858]]]},"properties":{"date":"2022-12-22","year":2022,"res":0.46,"name":"Vivid"}},{"type":"Feature","geometry":{"type":"Polygon","coordinates":[[[121.99524,-8.68464],[121.99567,-8.68405],[121.99502,-8.68039],[121.99567,-8.67655],[121.99475,-8.68344],[121.99524,-8.68464]]]},"properties":{"date":"2022-12-22","year":2022,"res":0.46,"name":"Vivid"}},{"type":"Feature","geometry":{"type":"Polygon","coordinates":[[[121.99567,-8.67607],[121.99568,-8.67594],[121.99568,-8.67614],[121.99567,-8.67607]]]},"properties":{"date":"2022-12-22","year":2022,"res":0.46,"name":"Vivid"}},{"type":"Feature","geometry":{"type":"Polygon","coordinates":[[[121.99549,-8.67553],[121.99567,-8.67582],[121.99577,-8.67369],[121.99549,-8.67553]]]},"properties":{"date":"2022-12-22","year":2022,"res":0.46,"name":"Vivid"}},{"type":"Feature","geometry":{"type":"Polygon","coordinates":[[[121.99593,-8.67247],[121.99595,-8.67247],[121.99594,-8.67239],[121.99593,-8.67247]]]},"properties":{"date":"2022-12-22","year":2022,"res":0.46,"name":"Vivid"}},{"type":"Feature","geometry":{"type":"Polygon","coordinates":[[[121.9959,-8.67216],[121.99593,-8.67237],[121.99608,-8.67167],[121.9959,-8.67216]]]},"properties":{"date":"2022-12-22","year":2022,"res":0.46,"name":"Vivid"}},{"type":"Feature","geometry":{"type":"Polygon","coordinates":[]},"properties":{"date":"2022-12-22","year":2022,"res":0.46,"name":"Vivid"}},{"type":"Feature","geometry":{"type":"Polygon","coordinates":[[[121.99599,-8.67148],[121.99598,-8.67135],[121.99597,-8.67145],[121.99599,-8.67148]]]},"properties":{"date":"2022-12-22","year":2022,"res":0.46,"name":"Vivid"}},{"type":"Feature","geometry":{"type":"Polygon","coordinates":[[[121.99597,-8.67129],[121.99599,-8.67135],[121.99598,-8.67122],[121.99597,-8.67129]]]},"properties":{"date":"2022-12-22","year":2022,"res":0.46,"name":"Vivid"}},{"type":"Feature","geometry":{"type":"Polygon","coordinates":[[[121.99553,-8.66922],[121.99574,-8.66495],[121.99403,-8.66092],[121.99435,-8.66625],[121.99553,-8.66922]]]},"properties":{"date":"2022-12-22","year":2022,"res":0.46,"name":"Vivid"}},{"type":"Feature","geometry":{"type":"Polygon","coordinates":[[[121.9948,-8.64128],[121.99571,-8.64065],[121.9965,-8.63858],[121.99665,-8.63408],[121.99588,-8.63138],[121.99656,-8.62719],[121.9942,-8.62152],[121.99501,-8.62409],[121.99508,-8.62798],[121.99393,-8.63068],[121.99409,-8.63432],[121.99327,-8.6352],[121.99312,-8.63667],[121.9948,-8.64128]]]},"properties":{"date":"2022-12-22","year":2022,"res":0.46,"name":"Vivid"}},{"type":"Feature","geometry":{"type":"Polygon","coordinates":[[[121.99421,-8.62139],[121.99419,-8.62136],[121.99421,-8.62143],[121.99421,-8.62139]]]},"properties":{"date":"2022-12-22","year":2022,"res":0.46,"name":"Vivid"}},{"type":"Feature","geometry":{"type":"Polygon","coordinates":[[[121.99416,-8.62127],[121.99416,-8.62129],[121.99416,-8.62127]]]},"properties":{"date":"2022-12-22","year":2022,"res":0.46,"name":"Vivid"}},{"type":"Feature","geometry":{"type":"Polygon","coordinates":[[[122.08348,-8.6573],[122.08364,-8.65017],[122.08496,-8.64585],[122.0854,-8.64001],[122.08463,-8.63549],[122.08513,-8.63389],[122.08469,-8.62972],[122.087,-8.6219],[122.08503,-8.61867],[122.08406,-8.61328],[122.08395,-8.6018],[122.08533,-8.59782],[122.08579,-8.59275],[122.08448,-8.58492],[122.08497,-8.58287],[122.08436,-8.57448],[122.08276,-8.56934],[122.0846,-8.56003],[122.08433,-8.55586],[122.08572,-8.55477],[122.08593,-8.55347],[122.08419,-8.54815],[122.08443,-8.54576],[122.08301,-8.54257],[122.08295,-8.53108],[122.08221,-8.52547],[122.08008,-8.52539],[122.08132,-8.51831],[122.08027,-8.51707],[122.08009,-8.51526],[122.08089,-8.50739],[122.08008,-8.48144],[122.06534,-8.48144],[122.04756,-8.48285],[122.03613,-8.48256],[122.03485,-8.48668],[122.03464,-8.49077],[122.03316,-8.49131],[122.03145,-8.49407],[122.03151,-8.49538],[122.03058,-8.4964],[122.02928,-8.50141],[122.0278,-8.50183],[122.02563,-8.50124],[122.02277,-8.50315],[122.0181,-8.50245],[122.01621,-8.5033],[122.0142,-8.50231],[122.0112,-8.5035],[122.00968,-8.50348],[122.00788,-8.50607],[122.00541,-8.50787],[122.00456,-8.50952],[122.00263,-8.51039],[122.00181,-8.51149],[122.00064,-8.51153],[121.99966,-8.51293],[121.99812,-8.51561],[121.99825,-8.51969],[121.99652,-8.52363],[121.99643,-8.53038],[121.99871,-8.53311],[121.99901,-8.53566],[121.99902,-8.53753],[121.99846,-8.53929],[121.99767,-8.53963],[121.99729,-8.54197],[121.99792,-8.54614],[121.99895,-8.54756],[121.9984,-8.55511],[121.99588,-8.56552],[121.99614,-8.56833],[121.99536,-8.56934],[121.99676,-8.57135],[121.99828,-8.57618],[121.99705,-8.58307],[121.99744,-8.59007],[121.99554,-8.5929],[121.99609,-8.60493],[121.99447,-8.6105],[121.99428,-8.61328],[121.99489,-8.61499],[121.99684,-8.61717],[121.99577,-8.62407],[121.99701,-8.6274],[121.99634,-8.62955],[121.99693,-8.63221],[121.9967,-8.63572],[121.99839,-8.63951],[122.00077,-8.64097],[122.00124,-8.64313],[122.00029,-8.64673],[121.99845,-8.64828],[121.99843,-8.64992],[121.99745,-8.65122],[121.99757,-8.65326],[121.99587,-8.65548],[121.99488,-8.65586],[121.99482,-8.65723],[121.99573,-8.65761],[121.99625,-8.66082],[121.99563,-8.66282],[121.99625,-8.66485],[121.99569,-8.67004],[121.99633,-8.67604],[121.9955,-8.68104],[121.99601,-8.68343],[121.99468,-8.69125],[121.99611,-8.69975],[121.99501,-8.70117],[121.99602,-8.70426],[121.99523,-8.71593],[121.99566,-8.71811],[121.99676,-8.71971],[121.99679,-8.72634],[121.99952,-8.73107],[121.99957,-8.73316],[122.00088,-8.73641],[122.00044,-8.73858],[121.99953,-8.73899],[121.99637,-8.74364],[121.99502,-8.744],[121.99482,-8.74512],[121.99569,-8.74758],[121.99465,-8.7516],[121.99457,-8.75322],[121.99511,-8.75385],[121.99449,-8.7584],[121.99477,-8.76248],[121.99673,-8.76784],[121.99642,-8.78022],[121.99732,-8.78314],[121.99648,-8.78711],[121.99508,-8.78908],[121.99641,-8.79227],[121.9989,-8.79325],[121.99979,-8.79477],[121.99941,-8.79843],[122.00037,-8.80152],[121.99958,-8.80488],[122.0,-8.80733],[121.99911,-8.81093],[121.99802,-8.82654],[121.99587,-8.83301],[121.99711,-8.83911],[121.99819,-8.85796],[121.99577,-8.87695],[122.08008,-8.87695],[122.08008,-8.78906],[122.08229,-8.78906],[122.08309,-8.78805],[122.0831,-8.76363],[122.08226,-8.74512],[122.083,-8.74502],[122.08376,-8.73986],[122.08528,-8.73813],[122.08529,-8.73352],[122.0876,-8.72132],[122.08587,-8.7158],[122.08311,-8.71031],[122.08409,-8.70497],[122.08282,-8.70117],[122.0838,-8.69946],[122.08415,-8.69523],[122.08403,-8.69083],[122.08308,-8.68859],[122.08516,-8.68191],[122.08473,-8.67965],[122.08632,-8.67646],[122.08601,-8.67342],[122.08497,-8.67213],[122.08494,-8.66963],[122.08355,-8.66535],[122.08425,-8.66066],[122.08348,-8.6573]]]},"properties":{"date":"2025-10-03","year":2025,"res":0.34,"name":"Vivid"}},{"type":"Feature","geometry":{"type":"Polygon","coordinates":[[[122.16805,-8.65728],[122.16804,-8.65501],[122.16894,-8.65389],[122.1702,-8.64644],[122.16915,-8.64287],[122.17005,-8.64079],[122.17009,-8.63836],[122.17123,-8.63748],[122.17108,-8.63541],[122.17167,-8.63451],[122.17109,-8.63375],[122.17091,-8.62977],[122.1694,-8.62634],[122.17049,-8.61936],[122.17032,-8.61657],[122.16797,-8.61327],[122.16918,-8.61317],[122.17398,-8.60922],[122.17504,-8.60561],[122.17506,-8.60165],[122.17321,-8.59467],[122.17369,-8.59307],[122.17282,-8.59041],[122.17366,-8.58695],[122.1733,-8.58402],[122.17222,-8.58135],[122.17161,-8.57677],[122.16904,-8.57269],[122.16906,-8.57013],[122.16797,-8.56933],[122.16993,-8.56771],[122.17435,-8.56612],[122.17469,-8.56304],[122.1765,-8.56095],[122.17734,-8.5589],[122.17648,-8.55685],[122.17736,-8.54963],[122.17654,-8.54512],[122.17671,-8.53439],[122.17439,-8.52702],[122.17266,-8.52616],[122.16797,-8.52541],[122.16967,-8.52368],[122.17414,-8.52282],[122.17453,-8.5214],[122.17503,-8.51083],[122.17438,-8.49858],[122.17504,-8.48979],[122.17451,-8.48424],[122.17345,-8.48294],[122.16841,-8.48187],[122.16797,-8.47853],[122.15167,-8.48019],[122.14253,-8.48026],[122.14103,-8.48086],[122.11688,-8.48201],[122.10546,-8.48377],[122.08823,-8.48408],[122.08738,-8.48475],[122.08674,-8.48792],[122.08603,-8.48852],[122.08492,-8.49497],[122.08266,-8.49899],[122.0823,-8.50119],[122.08285,-8.50598],[122.08228,-8.50738],[122.08218,-8.51415],[122.08302,-8.52108],[122.08211,-8.52539],[122.08295,-8.53108],[122.08301,-8.54257],[122.08443,-8.54576],[122.08419,-8.54815],[122.08593,-8.55347],[122.08572,-8.55477],[122.08433,-8.55586],[122.0846,-8.56003],[122.08276,-8.56934],[122.08436,-8.57448],[122.08497,-8.58287],[122.08448,-8.58492],[122.08579,-8.59275],[122.08533,-8.59782],[122.08395,-8.6018],[122.08372,-8.60598],[122.08406,-8.61328],[122.08499,-8.61854],[122.087,-8.6219],[122.08469,-8.62972],[122.08513,-8.63389],[122.08463,-8.63549],[122.08538,-8.64061],[122.08336,-8.65466],[122.08425,-8.66066],[122.08355,-8.66535],[122.08494,-8.66963],[122.08497,-8.67213],[122.08601,-8.67342],[122.08632,-8.67646],[122.08473,-8.67965],[122.08516,-8.68191],[122.08308,-8.68859],[122.08403,-8.69083],[122.08415,-8.69523],[122.0838,-8.69946],[122.08282,-8.70117],[122.08409,-8.70497],[122.0831,-8.70841],[122.08315,-8.71081],[122.08587,-8.7158],[122.0876,-8.72132],[122.08529,-8.73352],[122.08528,-8.73813],[122.08376,-8.73986],[122.083,-8.74502],[122.08226,-8.74512],[122.08278,-8.74786],[122.08311,-8.77154],[122.08309,-8.78805],[122.08229,-8.78906],[122.16805,-8.78896],[122.16916,-8.75749],[122.16825,-8.75237],[122.16797,-8.74513],[122.1687,-8.72383],[122.16798,-8.72009],[122.16851,-8.71496],[122.16797,-8.70117],[122.16938,-8.69138],[122.16932,-8.6888],[122.16826,-8.68705],[122.16913,-8.68516],[122.16829,-8.68139],[122.16848,-8.67955],[122.16935,-8.67852],[122.16903,-8.67758],[122.16962,-8.67668],[122.17007,-8.67214],[122.16927,-8.67004],[122.16892,-8.66122],[122.16815,-8.65997],[122.1687,-8.65873],[122.16805,-8.65728]]]},"properties":{"date":"2025-10-08","year":2025,"res":0.34,"name":"Vivid"}},{"type":"Feature","geometry":{"type":"Polygon","coordinates":[[[122.25601,-8.65728],[122.25644,-8.65453],[122.25602,-8.65162],[122.25702,-8.64856],[122.2567,-8.6435],[122.25829,-8.63811],[122.25591,-8.62498],[122.25586,-8.47636],[122.17209,-8.47399],[122.16797,-8.47343],[122.16797,-8.48145],[122.17407,-8.48355],[122.17504,-8.48979],[122.17438,-8.49858],[122.17503,-8.51083],[122.17451,-8.5136],[122.17504,-8.51519],[122.17437,-8.52231],[122.17362,-8.52304],[122.16967,-8.52368],[122.16797,-8.52541],[122.17266,-8.52616],[122.17449,-8.52718],[122.17678,-8.53495],[122.17654,-8.54512],[122.17736,-8.54963],[122.17647,-8.55594],[122.17734,-8.5589],[122.1765,-8.56095],[122.17469,-8.56304],[122.17435,-8.56612],[122.16993,-8.56771],[122.16797,-8.56933],[122.16906,-8.57013],[122.16904,-8.57269],[122.17161,-8.57677],[122.17222,-8.58135],[122.1733,-8.58402],[122.17366,-8.58695],[122.17282,-8.59041],[122.17369,-8.59307],[122.17321,-8.59467],[122.17506,-8.60165],[122.17504,-8.60561],[122.17398,-8.60922],[122.16918,-8.61317],[122.16797,-8.61327],[122.17032,-8.61657],[122.17049,-8.61936],[122.1694,-8.62634],[122.17091,-8.62977],[122.17109,-8.63375],[122.17167,-8.63451],[122.17108,-8.63541],[122.17123,-8.63748],[122.17009,-8.63836],[122.17005,-8.64079],[122.1694,-8.64136],[122.16918,-8.64355],[122.1702,-8.64644],[122.16797,-8.65723],[122.1686,-8.65793],[122.16815,-8.65997],[122.16892,-8.66122],[122.16904,-8.66799],[122.17007,-8.67232],[122.16962,-8.67668],[122.16903,-8.67758],[122.16935,-8.67852],[122.16848,-8.67955],[122.16829,-8.68139],[122.16913,-8.68516],[122.16826,-8.68705],[122.16932,-8.6888],[122.16938,-8.69138],[122.16797,-8.70117],[122.16851,-8.71496],[122.16798,-8.72009],[122.1687,-8.72383],[122.16797,-8.74513],[122.16825,-8.75237],[122.16916,-8.75749],[122.16797,-8.78906],[122.25622,-8.7889],[122.25666,-8.78739],[122.25673,-8.76741],[122.25586,-8.76031],[122.25621,-8.75044],[122.2571,-8.7491],[122.25586,-8.74511],[122.25806,-8.73932],[122.25771,-8.73345],[122.25621,-8.73025],[122.25597,-8.72809],[122.25644,-8.72634],[122.25604,-8.72358],[122.25687,-8.7222],[122.25662,-8.72018],[122.25744,-8.71828],[122.25615,-8.70566],[122.25652,-8.70402],[122.25587,-8.70196],[122.25599,-8.69776],[122.25787,-8.69022],[122.25703,-8.68396],[122.25761,-8.67755],[122.25629,-8.67167],[122.25742,-8.66688],[122.25601,-8.65728]]]},"properties":{"date":"2025-10-08","year":2025,"res":0.34,"name":"Vivid"}},{"type":"Feature","geometry":{"type":"Polygon","coordinates":[[[122.25589,-8.70096],[122.2582,-8.70273],[122.2642,-8.70421],[122.26577,-8.70519],[122.26845,-8.70864],[122.27113,-8.70904],[122.27404,-8.7111],[122.27917,-8.71205],[122.28429,-8.71164],[122.28689,-8.71234],[122.29136,-8.71044],[122.29325,-8.71123],[122.29536,-8.70925],[122.29795,-8.70893],[122.2983,-8.70715],[122.29784,-8.70545],[122.29955,-8.70402],[122.29978,-8.70117],[122.30201,-8.70399],[122.30341,-8.70473],[122.30618,-8.70576],[122.31011,-8.70544],[122.31123,-8.70862],[122.31318,-8.70931],[122.31424,-8.70883],[122.31578,-8.71182],[122.32382,-8.71164],[122.32593,-8.71226],[122.33188,-8.7102],[122.33322,-8.70745],[122.33464,-8.70649],[122.33525,-8.70117],[122.3348,-8.69612],[122.33372,-8.69317],[122.3329,-8.6926],[122.33189,-8.68806],[122.33252,-8.68607],[122.33222,-8.68127],[122.33363,-8.67625],[122.33405,-8.66207],[122.33565,-8.65723],[122.33181,-8.65176],[122.33276,-8.64825],[122.33174,-8.64638],[122.3317,-8.64489],[122.33265,-8.64264],[122.33257,-8.64051],[122.33496,-8.63598],[122.336,-8.63207],[122.33608,-8.62878],[122.33549,-8.62783],[122.33588,-8.62691],[122.33428,-8.62484],[122.33484,-8.62158],[122.33419,-8.61824],[122.3344,-8.61589],[122.33629,-8.61328],[122.33555,-8.60963],[122.33557,-8.57908],[122.33643,-8.56934],[122.33557,-8.54208],[122.33657,-8.52539],[122.3351,-8.51961],[122.32908,-8.51167],[122.32711,-8.50695],[122.32669,-8.48959],[122.3272,-8.4874],[122.3282,-8.48614],[122.33235,-8.48368],[122.33619,-8.48249],[122.33672,-8.48142],[122.32648,-8.48009],[122.30555,-8.48073],[122.2998,-8.47986],[122.29159,-8.48101],[122.2699,-8.48144],[122.26369,-8.48254],[122.25586,-8.48218],[122.25591,-8.62498],[122.25829,-8.63811],[122.25702,-8.64128],[122.25702,-8.64856],[122.25602,-8.65162],[122.25644,-8.65453],[122.25607,-8.66001],[122.2569,-8.66157],[122.25742,-8.66688],[122.25634,-8.67052],[122.25633,-8.67343],[122.25761,-8.67755],[122.25703,-8.68396],[122.25787,-8.69022],[122.25675,-8.69336],[122.25699,-8.69498],[122.25603,-8.69744],[122.25589,-8.70096]]]},"properties":{"date":"2025-10-21","year":2025,"res":0.34,"name":"Vivid"}},{"type":"Feature","geometry":{"type":"Polygon","coordinates":[[[122.69585,-8.57326],[122.69585,-8.57325],[122.69585,-8.57326]]]},"properties":{"date":"2014-08-26","year":2014,"res":0.5,"name":"Vivid"}},{"type":"Feature","geometry":{"type":"Polygon","coordinates":[[[122.69584,-8.57316],[122.69583,-8.57315],[122.69583,-8.57318],[122.69584,-8.57316]]]},"properties":{"date":"2014-08-26","year":2014,"res":0.5,"name":"Vivid"}},{"type":"Feature","geometry":{"type":"Polygon","coordinates":[[[122.69563,-8.57263],[122.69619,-8.57118],[122.69532,-8.56937],[122.69489,-8.57165],[122.69563,-8.57263]]]},"properties":{"date":"2014-08-26","year":2014,"res":0.5,"name":"Vivid"}},{"type":"Feature","geometry":{"type":"Polygon","coordinates":[]},"properties":{"date":"2014-08-26","year":2014,"res":0.5,"name":"Vivid"}},{"type":"Feature","geometry":{"type":"Polygon","coordinates":[[[122.69542,-8.52921],[122.69536,-8.53099],[122.69567,-8.52801],[122.69542,-8.52921]]]},"properties":{"date":"2014-08-26","year":2014,"res":0.5,"name":"Vivid"}},{"type":"Feature","geometry":{"type":"Polygon","coordinates":[[[122.69697,-8.60786],[122.69726,-8.61063],[122.69875,-8.61328],[122.69532,-8.61328],[122.69555,-8.61378],[122.69737,-8.61443],[122.69885,-8.61584],[122.70076,-8.61562],[122.70293,-8.61695],[122.70468,-8.61713],[122.70371,-8.61368],[122.70071,-8.61388],[122.69998,-8.61328],[122.70037,-8.6061],[122.70296,-8.60295],[122.70396,-8.59766],[122.70477,-8.59692],[122.7054,-8.59394],[122.70447,-8.59044],[122.70522,-8.5872],[122.70423,-8.58455],[122.70412,-8.57992],[122.70166,-8.57606],[122.70137,-8.57277],[122.7,-8.56934],[122.70424,-8.56451],[122.70401,-8.55996],[122.70471,-8.55796],[122.7044,-8.54838],[122.70564,-8.54567],[122.70544,-8.54051],[122.70628,-8.53668],[122.70574,-8.53228],[122.70469,-8.53038],[122.705,-8.5294],[122.7024,-8.52864],[122.70115,-8.52572],[122.69996,-8.52539],[122.70022,-8.52414],[122.69532,-8.52539],[122.69858,-8.52539],[122.69806,-8.52707],[122.69851,-8.53006],[122.69787,-8.53108],[122.69826,-8.533],[122.69692,-8.53752],[122.69673,-8.54164],[122.69681,-8.54774],[122.69748,-8.55065],[122.69678,-8.55427],[122.69682,-8.5605],[122.69711,-8.56468],[122.69862,-8.56934],[122.6979,-8.57157],[122.69832,-8.57499],[122.69735,-8.57651],[122.69692,-8.57923],[122.69698,-8.5824],[122.6985,-8.58655],[122.69759,-8.58961],[122.69831,-8.59853],[122.69756,-8.60013],[122.69764,-8.60594],[122.69697,-8.60786]]]},"properties":{"date":"2014-08-26","year":2014,"res":0.5,"name":"Vivid"}},{"type":"Feature","geometry":{"type":"Polygon","coordinates":[[[122.69638,-8.57651],[122.69638,-8.5765],[122.69638,-8.57651]]]},"properties":{"date":"2014-08-26","year":2014,"res":0.5,"name":"Vivid"}},{"type":"Feature","geometry":{"type":"Polygon","coordinates":[[[122.69619,-8.57632],[122.69588,-8.57386],[122.6956,-8.57474],[122.69619,-8.57632]]]},"properties":{"date":"2014-08-26","year":2014,"res":0.5,"name":"Vivid"}},{"type":"Feature","geometry":{"type":"Polygon","coordinates":[[[122.69587,-8.57345],[122.69588,-8.57349],[122.69588,-8.57345],[122.69587,-8.57345]]]},"properties":{"date":"2014-08-26","year":2014,"res":0.5,"name":"Vivid"}},{"type":"Feature","geometry":{"type":"Polygon","coordinates":[[[122.6959,-8.57343],[122.69589,-8.57343],[122.69589,-8.57343],[122.6959,-8.57343]]]},"properties":{"date":"2014-08-26","year":2014,"res":0.5,"name":"Vivid"}},{"type":"Feature","geometry":{"type":"Polygon","coordinates":[[[122.69589,-8.57339],[122.69587,-8.57331],[122.69586,-8.57335],[122.69589,-8.57339]]]},"properties":{"date":"2014-08-26","year":2014,"res":0.5,"name":"Vivid"}},{"type":"Feature","geometry":{"type":"Polygon","coordinates":[[[122.69542,-8.56906],[122.69636,-8.56876],[122.69714,-8.56688],[122.69638,-8.55916],[122.69664,-8.55211],[122.69725,-8.55067],[122.69627,-8.54655],[122.69545,-8.53175],[122.69431,-8.53755],[122.69493,-8.5405],[122.69274,-8.54826],[122.69336,-8.55093],[122.69296,-8.55215],[122.69395,-8.55447],[122.69337,-8.55707],[122.6946,-8.55973],[122.69409,-8.56228],[122.69461,-8.56466],[122.69564,-8.56604],[122.69542,-8.56906]]]},"properties":{"date":"2014-08-26","year":2014,"res":0.5,"name":"Vivid"}},{"type":"Feature","geometry":{"type":"Polygon","coordinates":[[[122.69545,-8.57225],[122.69491,-8.57075],[122.69564,-8.56604],[122.69461,-8.56466],[122.69409,-8.56228],[122.6946,-8.55973],[122.69337,-8.55707],[122.69395,-8.55447],[122.69296,-8.55215],[122.69336,-8.55093],[122.69274,-8.54826],[122.69493,-8.5405],[122.69431,-8.53755],[122.69545,-8.53175],[122.69532,-8.52539],[122.69187,-8.52634],[122.68426,-8.52483],[122.67281,-8.52667],[122.6651,-8.52586],[122.66373,-8.525],[122.66098,-8.52535],[122.657,-8.52448],[122.65454,-8.52467],[122.65367,-8.52539],[122.65588,-8.53496],[122.65762,-8.53824],[122.65751,-8.54013],[122.65898,-8.54559],[122.65873,-8.54828],[122.65759,-8.55046],[122.65867,-8.55439],[122.65858,-8.56468],[122.65787,-8.56759],[122.65655,-8.56934],[122.65703,-8.57273],[122.65628,-8.57399],[122.6572,-8.57827],[122.65906,-8.58284],[122.65994,-8.58855],[122.65636,-8.5968],[122.65614,-8.60038],[122.65507,-8.60278],[122.65482,-8.60779],[122.65307,-8.61122],[122.65282,-8.61328],[122.65411,-8.61427],[122.65799,-8.61514],[122.65938,-8.61605],[122.65961,-8.61696],[122.66582,-8.61999],[122.66818,-8.62495],[122.66993,-8.62528],[122.67144,-8.62663],[122.67888,-8.62826],[122.68335,-8.62826],[122.68744,-8.62735],[122.68917,-8.626],[122.69149,-8.62135],[122.69151,-8.61849],[122.69293,-8.61447],[122.69534,-8.61323],[122.69592,-8.60577],[122.69545,-8.60394],[122.69646,-8.59779],[122.6963,-8.58988],[122.69701,-8.58773],[122.69583,-8.58255],[122.69682,-8.58049],[122.69709,-8.57782],[122.69593,-8.57614],[122.69545,-8.57225]]]},"properties":{"date":"2018-05-09","year":2018,"res":0.31,"name":"Vivid"}},{"type":"Feature","geometry":{"type":"Polygon","coordinates":[[[122.69705,-8.57907],[122.69708,-8.57882],[122.69682,-8.57936],[122.69705,-8.57907]]]},"properties":{"date":"2018-05-09","year":2018,"res":0.31,"name":"Vivid"}},{"type":"Feature","geometry":{"type":"Polygon","coordinates":[[[122.6971,-8.57878],[122.69708,-8.57882],[122.6971,-8.57881],[122.6971,-8.57878]]]},"properties":{"date":"2018-05-09","year":2018,"res":0.31,"name":"Vivid"}},{"type":"Feature","geometry":{"type":"Polygon","coordinates":[[[122.6972,-8.57815],[122.69715,-8.57798],[122.69712,-8.57875],[122.6972,-8.57815]]]},"properties":{"date":"2018-05-09","year":2018,"res":0.31,"name":"Vivid"}},{"type":"Feature","geometry":{"type":"Polygon","coordinates":[[[122.69715,-8.57788],[122.69716,-8.57786],[122.69715,-8.57786],[122.69715,-8.57788]]]},"properties":{"date":"2018-05-09","year":2018,"res":0.31,"name":"Vivid"}},{"type":"Feature","geometry":{"type":"Polygon","coordinates":[[[122.60723,-8.70121],[122.60652,-8.69715],[122.60688,-8.69154],[122.60571,-8.68273],[122.6068,-8.67825],[122.60677,-8.66413],[122.60816,-8.65027],[122.60697,-8.64565],[122.60729,-8.64345],[122.60546,-8.64033],[122.60594,-8.63755],[122.60575,-8.63523],[122.60469,-8.633],[122.60512,-8.62998],[122.60455,-8.62839],[122.60756,-8.62154],[122.60742,-8.61328],[122.60612,-8.61427],[122.59966,-8.61386],[122.59303,-8.615],[122.58093,-8.61396],[122.5787,-8.61432],[122.57174,-8.61339],[122.56693,-8.61431],[122.56671,-8.62193],[122.56748,-8.62406],[122.56738,-8.62606],[122.56864,-8.62803],[122.57049,-8.63519],[122.57195,-8.63662],[122.57269,-8.63937],[122.57561,-8.64264],[122.57598,-8.64564],[122.57736,-8.64861],[122.58178,-8.65084],[122.58583,-8.65117],[122.58816,-8.65389],[122.59011,-8.65512],[122.59381,-8.65544],[122.5978,-8.65691],[122.60499,-8.65723],[122.60494,-8.66944],[122.60355,-8.67979],[122.60352,-8.68583],[122.60253,-8.68756],[122.60239,-8.6935],[122.60449,-8.69704],[122.60495,-8.7008],[122.60723,-8.70121]]]},"properties":{"date":"2018-07-01","year":2018,"res":0.5,"name":"Vivid"}},{"type":"Feature","geometry":{"type":"Polygon","coordinates":[[[122.56713,-8.52668],[122.56809,-8.52801],[122.57446,-8.53024],[122.57694,-8.53001],[122.58042,-8.53074],[122.58657,-8.53076],[122.59434,-8.52872],[122.60157,-8.52843],[122.60742,-8.52539],[122.60755,-8.52402],[122.60674,-8.52229],[122.60764,-8.51822],[122.60736,-8.5176],[122.60463,-8.51702],[122.59817,-8.51668],[122.59549,-8.51468],[122.59094,-8.5134],[122.58512,-8.51508],[122.58235,-8.51489],[122.58002,-8.51599],[122.58373,-8.52539],[122.5754,-8.52753],[122.57308,-8.52737],[122.57163,-8.5266],[122.56713,-8.52668]]]},"properties":{"date":"2018-07-01","year":2018,"res":0.5,"name":"Vivid"}},{"type":"Feature","geometry":{"type":"Polygon","coordinates":[[[122.51953,-8.48149],[122.51954,-8.48149],[122.51953,-8.48147],[122.51953,-8.48149]]]},"properties":{"date":"2018-07-01","year":2018,"res":0.5,"name":"Vivid"}},{"type":"Feature","geometry":{"type":"Polygon","coordinates":[[[122.51953,-8.48146],[122.51953,-8.48145],[122.51953,-8.48146]]]},"properties":{"date":"2018-07-01","year":2018,"res":0.5,"name":"Vivid"}},{"type":"Feature","geometry":{"type":"Polygon","coordinates":[[[122.51953,-8.48142],[122.51953,-8.48143],[122.51953,-8.48142]]]},"properties":{"date":"2018-07-01","year":2018,"res":0.5,"name":"Vivid"}},{"type":"Feature","geometry":{"type":"Polygon","coordinates":[[[122.5202,-8.47237],[122.51953,-8.47387],[122.51995,-8.47448],[122.5202,-8.47237]]]},"properties":{"date":"2018-07-01","year":2018,"res":0.5,"name":"Vivid"}},{"type":"Feature","geometry":{"type":"Polygon","coordinates":[[[122.60747,-8.61311],[122.60744,-8.61313],[122.60744,-8.61316],[122.60747,-8.61311]]]},"properties":{"date":"2018-07-01","year":2018,"res":0.5,"name":"Vivid"}},{"type":"Feature","geometry":{"type":"Polygon","coordinates":[[[122.60748,-8.61311],[122.60747,-8.6131],[122.60747,-8.61311],[122.60748,-8.61311]]]},"properties":{"date":"2018-07-01","year":2018,"res":0.5,"name":"Vivid"}},{"type":"Feature","geometry":{"type":"Polygon","coordinates":[[[122.6075,-8.56975],[122.60743,-8.56937],[122.60769,-8.57154],[122.6075,-8.56975]]]},"properties":{"date":"2018-07-01","year":2018,"res":0.5,"name":"Vivid"}},{"type":"Feature","geometry":{"type":"Polygon","coordinates":[[[122.60742,-8.56934],[122.60742,-8.56935],[122.60742,-8.56934]]]},"properties":{"date":"2018-07-01","year":2018,"res":0.5,"name":"Vivid"}},{"type":"Feature","geometry":{"type":"Polygon","coordinates":[[[122.60748,-8.5258],[122.6075,-8.52585],[122.60751,-8.52561],[122.60748,-8.5258]]]},"properties":{"date":"2018-07-01","year":2018,"res":0.5,"name":"Vivid"}},{"type":"Feature","geometry":{"type":"Polygon","coordinates":[[[122.60751,-8.52557],[122.60751,-8.52556],[122.6075,-8.52557],[122.60751,-8.52557]]]},"properties":{"date":"2018-07-01","year":2018,"res":0.5,"name":"Vivid"}},{"type":"Feature","geometry":{"type":"Polygon","coordinates":[[[122.6075,-8.52549],[122.60749,-8.52549],[122.6075,-8.52552],[122.6075,-8.52549]]]},"properties":{"date":"2018-07-01","year":2018,"res":0.5,"name":"Vivid"}},{"type":"Feature","geometry":{"type":"Polygon","coordinates":[[[122.60956,-8.58846],[122.60865,-8.59257],[122.60893,-8.59643],[122.6076,-8.60186],[122.60836,-8.60599],[122.6083,-8.60298],[122.6096,-8.59564],[122.6088,-8.59358],[122.60971,-8.59095],[122.60956,-8.58846]]]},"properties":{"date":"2018-07-01","year":2018,"res":0.5,"name":"Vivid"}},{"type":"Feature","geometry":{"type":"Polygon","coordinates":[[[122.60936,-8.58837],[122.60936,-8.58837],[122.60936,-8.58837]]]},"properties":{"date":"2018-07-01","year":2018,"res":0.5,"name":"Vivid"}},{"type":"Feature","geometry":{"type":"Polygon","coordinates":[[[122.60936,-8.58837],[122.60936,-8.58836],[122.60936,-8.58837]]]},"properties":{"date":"2018-07-01","year":2018,"res":0.5,"name":"Vivid"}},{"type":"Feature","geometry":{"type":"Polygon","coordinates":[[[122.60875,-8.58754],[122.60874,-8.58754],[122.60875,-8.58754]]]},"properties":{"date":"2018-07-01","year":2018,"res":0.5,"name":"Vivid"}},{"type":"Feature","geometry":{"type":"Polygon","coordinates":[[[122.60871,-8.5875],[122.60863,-8.58731],[122.60874,-8.58754],[122.60871,-8.5875]]]},"properties":{"date":"2018-07-01","year":2018,"res":0.5,"name":"Vivid"}},{"type":"Feature","geometry":{"type":"Polygon","coordinates":[[[122.6081,-8.58487],[122.60821,-8.58646],[122.60861,-8.58724],[122.6081,-8.58487]]]},"properties":{"date":"2018-07-01","year":2018,"res":0.5,"name":"Vivid"}},{"type":"Feature","geometry":{"type":"Polygon","coordinates":[[[122.60797,-8.5817],[122.60794,-8.58174],[122.60795,-8.58159],[122.60797,-8.5817]]]},"properties":{"date":"2018-07-01","year":2018,"res":0.5,"name":"Vivid"}},{"type":"Feature","geometry":{"type":"Polygon","coordinates":[[[122.60807,-8.58114],[122.608,-8.58092],[122.60803,-8.58133],[122.60807,-8.58114]]]},"properties":{"date":"2018-07-01","year":2018,"res":0.5,"name":"Vivid"}},{"type":"Feature","geometry":{"type":"Polygon","coordinates":[[[122.60803,-8.58084],[122.6081,-8.58073],[122.60806,-8.58068],[122.60803,-8.58084]]]},"properties":{"date":"2018-07-01","year":2018,"res":0.5,"name":"Vivid"}},{"type":"Feature","geometry":{"type":"Polygon","coordinates":[[[122.60809,-8.58055],[122.6081,-8.58052],[122.60806,-8.58059],[122.60809,-8.58055]]]},"properties":{"date":"2018-07-01","year":2018,"res":0.5,"name":"Vivid"}},{"type":"Feature","geometry":{"type":"Polygon","coordinates":[[[122.6081,-8.58043],[122.6081,-8.58044],[122.60812,-8.58041],[122.6081,-8.58043]]]},"properties":{"date":"2018-07-01","year":2018,"res":0.5,"name":"Vivid"}},{"type":"Feature","geometry":{"type":"Polygon","coordinates":[[[122.61293,-8.65731],[122.61291,-8.65213],[122.61358,-8.6514],[122.6145,-8.64722],[122.61345,-8.6435],[122.61387,-8.63857],[122.61322,-8.63525],[122.61313,-8.62839],[122.6137,-8.62152],[122.61501,-8.61642],[122.61425,-8.61328],[122.61016,-8.61358],[122.60826,-8.61277],[122.60742,-8.61328],[122.60711,-8.61563],[122.60756,-8.62154],[122.60455,-8.62839],[122.60512,-8.62998],[122.60469,-8.633],[122.60575,-8.63523],[122.60594,-8.63755],[122.60546,-8.64033],[122.60729,-8.64345],[122.60697,-8.64565],[122.60816,-8.65027],[122.60677,-8.66413],[122.6068,-8.67825],[122.60571,-8.68273],[122.60688,-8.69154],[122.60658,-8.69803],[122.60742,-8.70117],[122.61321,-8.70085],[122.61365,-8.69324],[122.61598,-8.68592],[122.61757,-8.67646],[122.61723,-8.66794],[122.61293,-8.65731]]]},"properties":{"date":"2020-03-24","year":2020,"res":0.31,"name":"Vivid"}},{"type":"Feature","geometry":{"type":"Polygon","coordinates":[[[122.34376,-8.48149],[122.34375,-8.48149],[122.34375,-8.4815],[122.34376,-8.48149]]]},"properties":{"date":"2020-09-23","year":2020,"res":0.5,"name":"Vivid"}},{"type":"Feature","geometry":{"type":"Polygon","coordinates":[[[122.34375,-8.48139],[122.34375,-8.4814],[122.34375,-8.48141],[122.34375,-8.48139]]]},"properties":{"date":"2020-09-23","year":2020,"res":0.5,"name":"Vivid"}},{"type":"Feature","geometry":{"type":"Polygon","coordinates":[[[122.34375,-8.4375],[122.34375,-8.43753],[122.34375,-8.4375]]]},"properties":{"date":"2021-06-05","year":2021,"res":0.5,"name":"Vivid"}},{"type":"Feature","geometry":{"type":"Polygon","coordinates":[[[122.5202,-8.45554],[122.52022,-8.45533],[122.52022,-8.45568],[122.5202,-8.45554]]]},"properties":{"date":"2021-06-05","year":2021,"res":0.5,"name":"Vivid"}},{"type":"Feature","geometry":{"type":"Polygon","coordinates":[[[122.5202,-8.45334],[122.52021,-8.45334],[122.5202,-8.45334]]]},"properties":{"date":"2021-06-05","year":2021,"res":0.5,"name":"Vivid"}},{"type":"Feature","geometry":{"type":"Polygon","coordinates":[[[122.52021,-8.45334],[122.52021,-8.45331],[122.52021,-8.45334]]]},"properties":{"date":"2021-06-05","year":2021,"res":0.5,"name":"Vivid"}},{"type":"Feature","geometry":{"type":"Polygon","coordinates":[]},"properties":{"date":"2021-06-05","year":2021,"res":0.5,"name":"Vivid"}},{"type":"Feature","geometry":{"type":"Polygon","coordinates":[[[122.5202,-8.44812],[122.52019,-8.4481],[122.52019,-8.44812],[122.5202,-8.44812]]]},"properties":{"date":"2021-06-05","year":2021,"res":0.5,"name":"Vivid"}},{"type":"Feature","geometry":{"type":"Polygon","coordinates":[[[122.52019,-8.44805],[122.5202,-8.44807],[122.5202,-8.448],[122.52019,-8.44805]]]},"properties":{"date":"2021-06-05","year":2021,"res":0.5,"name":"Vivid"}},{"type":"Feature","geometry":{"type":"Polygon","coordinates":[[[122.52022,-8.44734],[122.52022,-8.44715],[122.52019,-8.44773],[122.52022,-8.44734]]]},"properties":{"date":"2021-06-05","year":2021,"res":0.5,"name":"Vivid"}},{"type":"Feature","geometry":{"type":"Polygon","coordinates":[[[122.52019,-8.44591],[122.52019,-8.44567],[122.52015,-8.44559],[122.52019,-8.44591]]]},"properties":{"date":"2021-06-05","year":2021,"res":0.5,"name":"Vivid"}},{"type":"Feature","geometry":{"type":"Polygon","coordinates":[[[122.52014,-8.44558],[122.52015,-8.44556],[122.52014,-8.44555],[122.52014,-8.44558]]]},"properties":{"date":"2021-06-05","year":2021,"res":0.5,"name":"Vivid"}},{"type":"Feature","geometry":{"type":"Polygon","coordinates":[[[122.52013,-8.44554],[122.52014,-8.44555],[122.52014,-8.44553],[122.52013,-8.44554]]]},"properties":{"date":"2021-06-05","year":2021,"res":0.5,"name":"Vivid"}},{"type":"Feature","geometry":{"type":"Polygon","coordinates":[[[122.52012,-8.44484],[122.52012,-8.4449],[122.52012,-8.44484]]]},"properties":{"date":"2021-06-05","year":2021,"res":0.5,"name":"Vivid"}},{"type":"Feature","geometry":{"type":"Polygon","coordinates":[[[122.52012,-8.44468],[122.52012,-8.44467],[122.52012,-8.44468]]]},"properties":{"date":"2021-06-05","year":2021,"res":0.5,"name":"Vivid"}},{"type":"Feature","geometry":{"type":"Polygon","coordinates":[[[122.52013,-8.44465],[122.52012,-8.4446],[122.52012,-8.44465],[122.52013,-8.44465]]]},"properties":{"date":"2021-06-05","year":2021,"res":0.5,"name":"Vivid"}},{"type":"Feature","geometry":{"type":"Polygon","coordinates":[[[122.52006,-8.44301],[122.52012,-8.44459],[122.51981,-8.43949],[122.52006,-8.44301]]]},"properties":{"date":"2021-06-05","year":2021,"res":0.5,"name":"Vivid"}},{"type":"Feature","geometry":{"type":"Polygon","coordinates":[]},"properties":{"date":"2021-06-05","year":2021,"res":0.5,"name":"Vivid"}},{"type":"Feature","geometry":{"type":"Polygon","coordinates":[[[122.51974,-8.43874],[122.5198,-8.43942],[122.51953,-8.4375],[122.51974,-8.43874]]]},"properties":{"date":"2021-06-05","year":2021,"res":0.5,"name":"Vivid"}},{"type":"Feature","geometry":{"type":"Polygon","coordinates":[[[122.52028,-8.46897],[122.52028,-8.46887],[122.52028,-8.46897]]]},"properties":{"date":"2021-06-05","year":2021,"res":0.5,"name":"Vivid"}},{"type":"Feature","geometry":{"type":"Polygon","coordinates":[[[122.52093,-8.46614],[122.52052,-8.46516],[122.52029,-8.46883],[122.52093,-8.46614]]]},"properties":{"date":"2021-06-05","year":2021,"res":0.5,"name":"Vivid"}},{"type":"Feature","geometry":{"type":"Polygon","coordinates":[[[122.52022,-8.46124],[122.52023,-8.46235],[122.52023,-8.46085],[122.52022,-8.46124]]]},"properties":{"date":"2021-06-05","year":2021,"res":0.5,"name":"Vivid"}},{"type":"Feature","geometry":{"type":"Polygon","coordinates":[[[122.52022,-8.4607],[122.52022,-8.46069],[122.52022,-8.46076],[122.52022,-8.4607]]]},"properties":{"date":"2021-06-05","year":2021,"res":0.5,"name":"Vivid"}},{"type":"Feature","geometry":{"type":"Polygon","coordinates":[[[122.52022,-8.46043],[122.52022,-8.46042],[122.52022,-8.46043]]]},"properties":{"date":"2021-06-05","year":2021,"res":0.5,"name":"Vivid"}},{"type":"Feature","geometry":{"type":"Polygon","coordinates":[[[122.52022,-8.46041],[122.52022,-8.46037],[122.52022,-8.46041]]]},"properties":{"date":"2021-06-05","year":2021,"res":0.5,"name":"Vivid"}},{"type":"Feature","geometry":{"type":"Polygon","coordinates":[[[122.52022,-8.46034],[122.52022,-8.46036],[122.52022,-8.46034]]]},"properties":{"date":"2021-06-05","year":2021,"res":0.5,"name":"Vivid"}},{"type":"Feature","geometry":{"type":"Polygon","coordinates":[[[122.5202,-8.46021],[122.52021,-8.46024],[122.52022,-8.46014],[122.5202,-8.46021]]]},"properties":{"date":"2021-06-05","year":2021,"res":0.5,"name":"Vivid"}},{"type":"Feature","geometry":{"type":"Polygon","coordinates":[[[122.52023,-8.45996],[122.52023,-8.45975],[122.52022,-8.45993],[122.52023,-8.45996]]]},"properties":{"date":"2021-06-05","year":2021,"res":0.5,"name":"Vivid"}},{"type":"Feature","geometry":{"type":"Polygon","coordinates":[[[122.52023,-8.45924],[122.52021,-8.45957],[122.52023,-8.45974],[122.52023,-8.45924]]]},"properties":{"date":"2021-06-05","year":2021,"res":0.5,"name":"Vivid"}},{"type":"Feature","geometry":{"type":"Polygon","coordinates":[[[122.52023,-8.45905],[122.52022,-8.45903],[122.52022,-8.45905],[122.52023,-8.45905]]]},"properties":{"date":"2021-06-05","year":2021,"res":0.5,"name":"Vivid"}},{"type":"Feature","geometry":{"type":"Polygon","coordinates":[[[122.5202,-8.45767],[122.52022,-8.45817],[122.52022,-8.45705],[122.5202,-8.45767]]]},"properties":{"date":"2021-06-05","year":2021,"res":0.5,"name":"Vivid"}},{"type":"Feature","geometry":{"type":"Polygon","coordinates":[[[122.52021,-8.45657],[122.52022,-8.45705],[122.52024,-8.45693],[122.52021,-8.45657]]]},"properties":{"date":"2021-06-05","year":2021,"res":0.5,"name":"Vivid"}},{"type":"Feature","geometry":{"type":"Polygon","coordinates":[[[122.52021,-8.45361],[122.5202,-8.45436],[122.52023,-8.45492],[122.52021,-8.45361]]]},"properties":{"date":"2021-06-05","year":2021,"res":0.5,"name":"Vivid"}},{"type":"Feature","geometry":{"type":"Polygon","coordinates":[[[122.52023,-8.45199],[122.52022,-8.45318],[122.52026,-8.44922],[122.52023,-8.45199]]]},"properties":{"date":"2021-06-05","year":2021,"res":0.5,"name":"Vivid"}},{"type":"Feature","geometry":{"type":"Polygon","coordinates":[[[122.52096,-8.46605],[122.52096,-8.46606],[122.52096,-8.46605]]]},"properties":{"date":"2021-08-23","year":2021,"res":0.5,"name":"Vivid"}},{"type":"Feature","geometry":{"type":"Polygon","coordinates":[[[122.52097,-8.46601],[122.52097,-8.46598],[122.52096,-8.46601],[122.52097,-8.46601]]]},"properties":{"date":"2021-08-23","year":2021,"res":0.5,"name":"Vivid"}},{"type":"Feature","geometry":{"type":"Polygon","coordinates":[[[122.52097,-8.46592],[122.52097,-8.46593],[122.52098,-8.46592],[122.52097,-8.46592]]]},"properties":{"date":"2021-08-23","year":2021,"res":0.5,"name":"Vivid"}},{"type":"Feature","geometry":{"type":"Polygon","coordinates":[[[122.51999,-8.70062],[122.52606,-8.69937],[122.53151,-8.69941],[122.53796,-8.69807],[122.54983,-8.69938],[122.55111,-8.70045],[122.55514,-8.70083],[122.59173,-8.70132],[122.59413,-8.70221],[122.60494,-8.70138],[122.60449,-8.69704],[122.60239,-8.6935],[122.60253,-8.68756],[122.60352,-8.68583],[122.60355,-8.67979],[122.60494,-8.66944],[122.60499,-8.65723],[122.5978,-8.65691],[122.59381,-8.65544],[122.59011,-8.65512],[122.58816,-8.65389],[122.58583,-8.65117],[122.58178,-8.65084],[122.57785,-8.64905],[122.5767,-8.64771],[122.57561,-8.64264],[122.57269,-8.63937],[122.57195,-8.63662],[122.57049,-8.63519],[122.56824,-8.6275],[122.56683,-8.63029],[122.56673,-8.63365],[122.56481,-8.6384],[122.56467,-8.64132],[122.56348,-8.64323],[122.56236,-8.64273],[122.55729,-8.64291],[122.55293,-8.64198],[122.54483,-8.6418],[122.54175,-8.64096],[122.53798,-8.63783],[122.53322,-8.63707],[122.52928,-8.63795],[122.52746,-8.63933],[122.52523,-8.63999],[122.52159,-8.64011],[122.521,-8.64129],[122.5195,-8.64175],[122.52005,-8.64436],[122.51933,-8.64702],[122.51969,-8.64896],[122.51895,-8.65469],[122.51993,-8.66002],[122.51833,-8.66549],[122.5188,-8.67254],[122.51819,-8.67372],[122.51669,-8.6846],[122.5171,-8.68615],[122.51657,-8.69019],[122.51854,-8.69144],[122.5188,-8.69467],[122.52052,-8.69704],[122.52073,-8.69977],[122.51999,-8.70062]]]},"properties":{"date":"2022-03-20","year":2022,"res":0.5,"name":"Vivid"}},{"type":"Feature","geometry":{"type":"Polygon","coordinates":[[[122.56333,-8.64302],[122.56467,-8.64132],[122.56481,-8.6384],[122.56673,-8.63365],[122.56683,-8.63029],[122.56823,-8.62766],[122.56738,-8.62606],[122.56748,-8.62406],[122.56671,-8.62193],[122.56687,-8.61435],[122.56345,-8.61328],[122.56237,-8.61409],[122.56011,-8.61379],[122.55321,-8.61477],[122.55004,-8.61634],[122.54578,-8.61591],[122.54438,-8.61632],[122.53269,-8.61471],[122.53052,-8.61506],[122.51952,-8.61328],[122.51627,-8.61491],[122.51097,-8.6156],[122.51039,-8.61822],[122.51173,-8.62514],[122.51148,-8.62977],[122.51224,-8.63122],[122.51302,-8.64141],[122.52075,-8.64146],[122.52159,-8.64011],[122.52523,-8.63999],[122.52746,-8.63933],[122.52928,-8.63795],[122.53322,-8.63707],[122.53798,-8.63783],[122.54175,-8.64096],[122.54483,-8.6418],[122.56333,-8.64302]]]},"properties":{"date":"2022-07-31","year":2022,"res":0.5,"name":"Vivid"}},{"type":"Feature","geometry":{"type":"Polygon","coordinates":[[[122.56311,-8.5254],[122.56042,-8.52365],[122.55795,-8.52461],[122.54679,-8.52152],[122.54312,-8.52278],[122.54094,-8.5226],[122.53791,-8.52339],[122.53511,-8.52252],[122.52882,-8.52215],[122.52755,-8.52399],[122.52258,-8.52535],[122.51956,-8.52539],[122.52651,-8.52768],[122.53482,-8.52753],[122.5382,-8.52836],[122.54223,-8.52801],[122.5438,-8.52881],[122.54784,-8.52895],[122.5553,-8.52817],[122.55627,-8.52716],[122.56039,-8.52662],[122.56311,-8.5254]]]},"properties":{"date":"2022-07-31","year":2022,"res":0.5,"name":"Vivid"}},{"type":"Feature","geometry":{"type":"Polygon","coordinates":[[[122.56613,-8.52632],[122.56606,-8.52633],[122.5661,-8.52634],[122.56613,-8.52632]]]},"properties":{"date":"2022-07-31","year":2022,"res":0.5,"name":"Vivid"}},{"type":"Feature","geometry":{"type":"Polygon","coordinates":[[[122.40182,-8.53191],[122.402,-8.53223],[122.40176,-8.53008],[122.40182,-8.53191]]]},"properties":{"date":"2022-07-31","year":2022,"res":0.5,"name":"Vivid"}},{"type":"Feature","geometry":{"type":"Polygon","coordinates":[[[122.40071,-8.52718],[122.4007,-8.52718],[122.40071,-8.52718]]]},"properties":{"date":"2022-07-31","year":2022,"res":0.5,"name":"Vivid"}},{"type":"Feature","geometry":{"type":"Polygon","coordinates":[[[122.40053,-8.52696],[122.40036,-8.52555],[122.39731,-8.52542],[122.39953,-8.52554],[122.40053,-8.52696]]]},"properties":{"date":"2022-07-31","year":2022,"res":0.5,"name":"Vivid"}},{"type":"Feature","geometry":{"type":"Polygon","coordinates":[[[122.50393,-8.59707],[122.50393,-8.59708],[122.50393,-8.59707]]]},"properties":{"date":"2022-07-31","year":2022,"res":0.5,"name":"Vivid"}},{"type":"Feature","geometry":{"type":"Polygon","coordinates":[[[122.50393,-8.59707],[122.50394,-8.59707],[122.50393,-8.59707]]]},"properties":{"date":"2022-07-31","year":2022,"res":0.5,"name":"Vivid"}},{"type":"Feature","geometry":{"type":"Polygon","coordinates":[[[122.50405,-8.59672],[122.50404,-8.59666],[122.50403,-8.59668],[122.50405,-8.59672]]]},"properties":{"date":"2022-07-31","year":2022,"res":0.5,"name":"Vivid"}},{"type":"Feature","geometry":{"type":"Polygon","coordinates":[[[122.50462,-8.59505],[122.50423,-8.59537],[122.50407,-8.5964],[122.50462,-8.59505]]]},"properties":{"date":"2022-07-31","year":2022,"res":0.5,"name":"Vivid"}},{"type":"Feature","geometry":{"type":"Polygon","coordinates":[[[122.5047,-8.59372],[122.50469,-8.59373],[122.5047,-8.59373],[122.5047,-8.59372]]]},"properties":{"date":"2022-07-31","year":2022,"res":0.5,"name":"Vivid"}},{"type":"Feature","geometry":{"type":"Polygon","coordinates":[]},"properties":{"date":"2022-07-31","year":2022,"res":0.5,"name":"Vivid"}},{"type":"Feature","geometry":{"type":"Polygon","coordinates":[[[122.50594,-8.58752],[122.50583,-8.58919],[122.50655,-8.58714],[122.50594,-8.58752]]]},"properties":{"date":"2022-07-31","year":2022,"res":0.5,"name":"Vivid"}},{"type":"Feature","geometry":{"type":"Polygon","coordinates":[]},"properties":{"date":"2022-07-31","year":2022,"res":0.5,"name":"Vivid"}},{"type":"Feature","geometry":{"type":"Polygon","coordinates":[[[122.50658,-8.58711],[122.50659,-8.58711],[122.50659,-8.58711],[122.50658,-8.58711]]]},"properties":{"date":"2022-07-31","year":2022,"res":0.5,"name":"Vivid"}},{"type":"Feature","geometry":{"type":"Polygon","coordinates":[[[122.50661,-8.58709],[122.50662,-8.58708],[122.50661,-8.58708],[122.50661,-8.58709]]]},"properties":{"date":"2022-07-31","year":2022,"res":0.5,"name":"Vivid"}},{"type":"Feature","geometry":{"type":"Polygon","coordinates":[[[122.50669,-8.58705],[122.50671,-8.587],[122.50662,-8.58708],[122.50669,-8.58705]]]},"properties":{"date":"2022-07-31","year":2022,"res":0.5,"name":"Vivid"}},{"type":"Feature","geometry":{"type":"Polygon","coordinates":[[[122.34376,-8.52543],[122.34375,-8.52539],[122.34375,-8.52543],[122.34376,-8.52543]]]},"properties":{"date":"2022-07-31","year":2022,"res":0.5,"name":"Vivid"}},{"type":"Feature","geometry":{"type":"Polygon","coordinates":[[[122.34375,-8.52538],[122.34375,-8.52538],[122.34375,-8.52538]]]},"properties":{"date":"2022-07-31","year":2022,"res":0.5,"name":"Vivid"}},{"type":"Feature","geometry":{"type":"Polygon","coordinates":[[[122.34375,-8.48145],[122.34375,-8.48149],[122.34376,-8.48149],[122.34375,-8.48145]]]},"properties":{"date":"2022-07-31","year":2022,"res":0.5,"name":"Vivid"}},{"type":"Feature","geometry":{"type":"Polygon","coordinates":[[[122.34375,-8.4814],[122.34375,-8.48145],[122.34375,-8.4814]]]},"properties":{"date":"2022-07-31","year":2022,"res":0.5,"name":"Vivid"}},{"type":"Feature","geometry":{"type":"Polygon","coordinates":[[[122.50312,-8.56667],[122.50312,-8.56658],[122.5031,-8.56664],[122.50312,-8.56667]]]},"properties":{"date":"2022-08-04","year":2022,"res":0.46,"name":"Vivid"}},{"type":"Feature","geometry":{"type":"Polygon","coordinates":[[[122.50309,-8.56566],[122.50307,-8.56588],[122.50309,-8.56591],[122.50309,-8.56566]]]},"properties":{"date":"2022-08-04","year":2022,"res":0.46,"name":"Vivid"}},{"type":"Feature","geometry":{"type":"Polygon","coordinates":[[[122.5031,-8.56564],[122.50309,-8.56564],[122.50309,-8.56566],[122.5031,-8.56564]]]},"properties":{"date":"2022-08-04","year":2022,"res":0.46,"name":"Vivid"}},{"type":"Feature","geometry":{"type":"Polygon","coordinates":[[[122.50314,-8.56551],[122.50315,-8.56552],[122.50315,-8.56551],[122.50314,-8.56551]]]},"properties":{"date":"2022-08-04","year":2022,"res":0.46,"name":"Vivid"}},{"type":"Feature","geometry":{"type":"Polygon","coordinates":[[[122.50316,-8.56549],[122.50316,-8.56548],[122.50315,-8.5655],[122.50316,-8.56549]]]},"properties":{"date":"2022-08-04","year":2022,"res":0.46,"name":"Vivid"}},{"type":"Feature","geometry":{"type":"Polygon","coordinates":[[[122.50662,-8.58708],[122.50688,-8.58176],[122.50592,-8.57979],[122.50509,-8.58395],[122.50583,-8.5876],[122.50662,-8.58708]]]},"properties":{"date":"2022-08-04","year":2022,"res":0.46,"name":"Vivid"}},{"type":"Feature","geometry":{"type":"Polygon","coordinates":[[[122.34375,-8.4815],[122.34375,-8.52539],[122.34798,-8.52684],[122.36019,-8.5265],[122.36232,-8.52549],[122.3672,-8.5254],[122.37396,-8.52652],[122.37808,-8.52586],[122.38143,-8.52646],[122.38765,-8.52539],[122.40061,-8.52569],[122.40161,-8.52488],[122.40187,-8.4974],[122.40264,-8.49584],[122.40612,-8.49455],[122.40829,-8.4921],[122.41216,-8.49016],[122.41249,-8.48831],[122.41609,-8.48719],[122.41824,-8.48389],[122.4182,-8.48144],[122.4194,-8.47959],[122.41907,-8.45344],[122.42085,-8.45034],[122.42021,-8.44657],[122.41877,-8.44431],[122.41887,-8.43888],[122.41816,-8.4375],[122.41827,-8.40717],[122.34375,-8.40717],[122.34375,-8.4815]]]},"properties":{"date":"2023-04-22","year":2023,"res":0.46,"name":"Vivid"}},{"type":"Feature","geometry":{"type":"Polygon","coordinates":[[[122.51928,-8.47393],[122.51999,-8.47321],[122.52053,-8.46635],[122.51953,-8.4375],[122.51951,-8.46818],[122.51896,-8.4692],[122.51885,-8.4731],[122.51928,-8.47393]]]},"properties":{"date":"2023-04-22","year":2023,"res":0.46,"name":"Vivid"}},{"type":"Feature","geometry":{"type":"Polygon","coordinates":[[[122.52007,-8.44053],[122.52006,-8.44053],[122.52007,-8.44053]]]},"properties":{"date":"2023-04-22","year":2023,"res":0.46,"name":"Vivid"}},{"type":"Feature","geometry":{"type":"Polygon","coordinates":[[[122.52005,-8.44048],[122.52004,-8.44046],[122.52004,-8.44048],[122.52005,-8.44048]]]},"properties":{"date":"2023-04-22","year":2023,"res":0.46,"name":"Vivid"}},{"type":"Feature","geometry":{"type":"Polygon","coordinates":[]},"properties":{"date":"2023-04-22","year":2023,"res":0.46,"name":"Vivid"}},{"type":"Feature","geometry":{"type":"Polygon","coordinates":[[[122.51993,-8.44014],[122.51997,-8.44024],[122.51993,-8.44],[122.51993,-8.44014]]]},"properties":{"date":"2023-04-22","year":2023,"res":0.46,"name":"Vivid"}},{"type":"Feature","geometry":{"type":"Polygon","coordinates":[[[122.51957,-8.43806],[122.51969,-8.4383],[122.51958,-8.43764],[122.51957,-8.43806]]]},"properties":{"date":"2023-04-22","year":2023,"res":0.46,"name":"Vivid"}},{"type":"Feature","geometry":{"type":"Polygon","coordinates":[[[122.51957,-8.43761],[122.51957,-8.4376],[122.51957,-8.43763],[122.51957,-8.43761]]]},"properties":{"date":"2023-04-22","year":2023,"res":0.46,"name":"Vivid"}},{"type":"Feature","geometry":{"type":"Polygon","coordinates":[[[122.51921,-8.474],[122.51953,-8.48143],[122.52047,-8.48007],[122.52041,-8.47561],[122.51921,-8.474]]]},"properties":{"date":"2024-02-01","year":2024,"res":0.5,"name":"Vivid"}},{"type":"Feature","geometry":{"type":"Polygon","coordinates":[]},"properties":{"date":"2024-02-01","year":2024,"res":0.5,"name":"Vivid"}},{"type":"Feature","geometry":{"type":"Polygon","coordinates":[[[122.58363,-8.52542],[122.57916,-8.51292],[122.57658,-8.50953],[122.57252,-8.50731],[122.5704,-8.50417],[122.56863,-8.49913],[122.56654,-8.49548],[122.56603,-8.49076],[122.56441,-8.48766],[122.56348,-8.48701],[122.55768,-8.48754],[122.55482,-8.48708],[122.55323,-8.48778],[122.54724,-8.488],[122.54355,-8.48899],[122.54027,-8.48797],[122.53506,-8.48857],[122.53341,-8.48794],[122.52425,-8.4879],[122.52115,-8.48726],[122.52285,-8.49114],[122.52291,-8.4927],[122.5255,-8.49776],[122.52659,-8.49871],[122.52727,-8.50181],[122.53607,-8.51233],[122.53506,-8.51619],[122.52895,-8.52124],[122.52927,-8.52248],[122.53511,-8.52252],[122.53791,-8.52339],[122.54094,-8.5226],[122.54312,-8.52278],[122.54679,-8.52152],[122.55795,-8.52461],[122.56042,-8.52365],[122.56159,-8.52478],[122.56698,-8.52672],[122.57163,-8.5266],[122.57449,-8.52755],[122.58363,-8.52542]]]},"properties":{"date":"2024-02-01","year":2024,"res":0.5,"name":"Vivid"}},{"type":"Feature","geometry":{"type":"Polygon","coordinates":[[[122.51953,-8.52539],[122.5206,-8.52519],[122.52073,-8.52504],[122.51953,-8.52539]]]},"properties":{"date":"2024-02-01","year":2024,"res":0.5,"name":"Vivid"}},{"type":"Feature","geometry":{"type":"Polygon","coordinates":[[[122.52128,-8.5251],[122.52164,-8.52511],[122.52118,-8.52504],[122.52128,-8.5251]]]},"properties":{"date":"2024-02-01","year":2024,"res":0.5,"name":"Vivid"}},{"type":"Feature","geometry":{"type":"Polygon","coordinates":[[[122.52351,-8.52507],[122.52322,-8.52498],[122.52294,-8.52508],[122.52351,-8.52507]]]},"properties":{"date":"2024-02-01","year":2024,"res":0.5,"name":"Vivid"}},{"type":"Feature","geometry":{"type":"Polygon","coordinates":[[[122.56324,-8.61383],[122.56387,-8.6133],[122.56687,-8.61435],[122.57174,-8.61339],[122.5787,-8.61432],[122.58093,-8.61396],[122.59303,-8.615],[122.59966,-8.61386],[122.60612,-8.61427],[122.60807,-8.61247],[122.60856,-8.60663],[122.6076,-8.60186],[122.60893,-8.59643],[122.60865,-8.59257],[122.60945,-8.58941],[122.60821,-8.58646],[122.60783,-8.58341],[122.60905,-8.57455],[122.60756,-8.57127],[122.60742,-8.56934],[122.61075,-8.56624],[122.61142,-8.56421],[122.61177,-8.55836],[122.61133,-8.55664],[122.61245,-8.55091],[122.61194,-8.54496],[122.61086,-8.54305],[122.61066,-8.53487],[122.60813,-8.52923],[122.60748,-8.52546],[122.60157,-8.52843],[122.59434,-8.52872],[122.58568,-8.53081],[122.57473,-8.53031],[122.56809,-8.52801],[122.56662,-8.52638],[122.56393,-8.52539],[122.55627,-8.52716],[122.5553,-8.52817],[122.54784,-8.52895],[122.5438,-8.52881],[122.54223,-8.52801],[122.5382,-8.52836],[122.53482,-8.52753],[122.52651,-8.52768],[122.52004,-8.52542],[122.50709,-8.52542],[122.50656,-8.52775],[122.50696,-8.53405],[122.50637,-8.54164],[122.50648,-8.55612],[122.50329,-8.5635],[122.50308,-8.56588],[122.50384,-8.56852],[122.50685,-8.56933],[122.50594,-8.57067],[122.50477,-8.57534],[122.50679,-8.58111],[122.50676,-8.58685],[122.50462,-8.59385],[122.50333,-8.60093],[122.50432,-8.60872],[122.50599,-8.61328],[122.50399,-8.61385],[122.50649,-8.61432],[122.5072,-8.61512],[122.51097,-8.6156],[122.51627,-8.61491],[122.51952,-8.61328],[122.53052,-8.61506],[122.53269,-8.61471],[122.54438,-8.61632],[122.54578,-8.61591],[122.55004,-8.61634],[122.55321,-8.61477],[122.56324,-8.61383]]]},"properties":{"date":"2024-09-30","year":2024,"res":0.31,"name":"Vivid"}},{"type":"Feature","geometry":{"type":"Polygon","coordinates":[]},"properties":{"date":"2024-09-30","year":2024,"res":0.31,"name":"Vivid"}},{"type":"Feature","geometry":{"type":"Polygon","coordinates":[[[122.52013,-8.44081],[122.52027,-8.4384],[122.5196,-8.43768],[122.52013,-8.44081]]]},"properties":{"date":"2024-09-30","year":2024,"res":0.31,"name":"Vivid"}},{"type":"Feature","geometry":{"type":"Polygon","coordinates":[[[122.51958,-8.43764],[122.51957,-8.43761],[122.51957,-8.43764],[122.51958,-8.43764]]]},"properties":{"date":"2024-09-30","year":2024,"res":0.31,"name":"Vivid"}},{"type":"Feature","geometry":{"type":"Polygon","coordinates":[[[122.70416,-8.56437],[122.70484,-8.56379],[122.70476,-8.56001],[122.70608,-8.55718],[122.70617,-8.55278],[122.70765,-8.55179],[122.70821,-8.54919],[122.70771,-8.54166],[122.70948,-8.53931],[122.71132,-8.53804],[122.71008,-8.53346],[122.70768,-8.53058],[122.7057,-8.53021],[122.70504,-8.52951],[122.70469,-8.53038],[122.70574,-8.53228],[122.70628,-8.53668],[122.70544,-8.54051],[122.70564,-8.54567],[122.7044,-8.54838],[122.70471,-8.55796],[122.70401,-8.55996],[122.70416,-8.56437]]]},"properties":{"date":"2024-11-05","year":2024,"res":0.31,"name":"Vivid"}},{"type":"Feature","geometry":{"type":"Polygon","coordinates":[[[122.51885,-8.48155],[122.51867,-8.47586],[122.51737,-8.47366],[122.5162,-8.46652],[122.5171,-8.46373],[122.51686,-8.44311],[122.5181,-8.4375],[122.51758,-8.43259],[122.5181,-8.42745],[122.51757,-8.42321],[122.51574,-8.41808],[122.51554,-8.41476],[122.51608,-8.41154],[122.51798,-8.41063],[122.5179,-8.40717],[122.41827,-8.40717],[122.41816,-8.4375],[122.41887,-8.43888],[122.41877,-8.44431],[122.42021,-8.44657],[122.42085,-8.45034],[122.41907,-8.45344],[122.41951,-8.47855],[122.4182,-8.48144],[122.41821,-8.4839],[122.43161,-8.48376],[122.43164,-8.47689],[122.43229,-8.4788],[122.43459,-8.48079],[122.44564,-8.48039],[122.44804,-8.47832],[122.45224,-8.47826],[122.45767,-8.47839],[122.46167,-8.48007],[122.46634,-8.4807],[122.46902,-8.4803],[122.47034,-8.48078],[122.47234,-8.47947],[122.47559,-8.47936],[122.48199,-8.47984],[122.4826,-8.48139],[122.48887,-8.48139],[122.49054,-8.48031],[122.49305,-8.48059],[122.49387,-8.48142],[122.49701,-8.48089],[122.49893,-8.48136],[122.50054,-8.48076],[122.50638,-8.4814],[122.50408,-8.48282],[122.50314,-8.48455],[122.50164,-8.48467],[122.499,-8.48605],[122.49979,-8.49102],[122.50154,-8.4929],[122.50232,-8.49616],[122.50088,-8.50373],[122.50161,-8.50664],[122.5014,-8.51017],[122.50013,-8.51189],[122.49979,-8.51381],[122.50029,-8.52152],[122.50161,-8.5253],[122.51633,-8.52544],[122.51801,-8.52539],[122.51827,-8.51304],[122.51814,-8.51068],[122.51725,-8.5092],[122.5175,-8.50733],[122.51569,-8.50117],[122.51647,-8.49656],[122.51587,-8.49143],[122.51732,-8.48957],[122.51769,-8.48392],[122.51885,-8.48155]]]},"properties":{"date":"2025-03-05","year":2025,"res":0.34,"name":"Vivid"}},{"type":"Feature","geometry":{"type":"Polygon","coordinates":[[[122.69859,-8.56935],[122.69711,-8.56468],[122.69661,-8.55687],[122.69748,-8.551],[122.69681,-8.54774],[122.69691,-8.5378],[122.69826,-8.533],[122.69787,-8.53108],[122.69851,-8.53006],[122.69806,-8.52707],[122.69858,-8.52539],[122.69532,-8.52539],[122.69627,-8.54655],[122.69725,-8.55067],[122.69664,-8.55211],[122.69638,-8.55916],[122.69714,-8.56688],[122.69636,-8.56876],[122.69532,-8.5693],[122.69619,-8.57118],[122.69578,-8.57296],[122.69635,-8.57694],[122.69709,-8.57782],[122.69682,-8.58049],[122.69583,-8.58255],[122.69701,-8.58773],[122.6963,-8.58988],[122.69646,-8.59779],[122.69545,-8.60394],[122.69592,-8.60577],[122.69532,-8.61328],[122.69875,-8.61328],[122.69726,-8.61063],[122.69577,-8.60319],[122.69677,-8.59824],[122.69639,-8.59405],[122.69739,-8.59218],[122.69752,-8.58938],[122.69629,-8.58389],[122.69735,-8.57651],[122.69832,-8.57499],[122.6979,-8.57157],[122.69859,-8.56935]]]},"properties":{"date":"2025-05-01","year":2025,"res":0.34,"name":"Vivid"}},{"type":"Feature","geometry":{"type":"Polygon","coordinates":[[[122.518,-8.52402],[122.51801,-8.52539],[122.52252,-8.52536],[122.52792,-8.52382],[122.52895,-8.52124],[122.53506,-8.51619],[122.53619,-8.51333],[122.53562,-8.51145],[122.53392,-8.5103],[122.5321,-8.50731],[122.52727,-8.50181],[122.52659,-8.49871],[122.5255,-8.49776],[122.52291,-8.4927],[122.52285,-8.49114],[122.52101,-8.4869],[122.52111,-8.48504],[122.51934,-8.4811],[122.51885,-8.4731],[122.51896,-8.4692],[122.51951,-8.46818],[122.51953,-8.4375],[122.52027,-8.4384],[122.52013,-8.46336],[122.52142,-8.46724],[122.52347,-8.46808],[122.52479,-8.47051],[122.52734,-8.4707],[122.5292,-8.47171],[122.52958,-8.47289],[122.53446,-8.47317],[122.53866,-8.47547],[122.54281,-8.47421],[122.54443,-8.47454],[122.54746,-8.47397],[122.54997,-8.47227],[122.55366,-8.47254],[122.55823,-8.46925],[122.56033,-8.46547],[122.56003,-8.46009],[122.56144,-8.4561],[122.56268,-8.44745],[122.56333,-8.44663],[122.56345,-8.4375],[122.56907,-8.43826],[122.57167,-8.44002],[122.57679,-8.44175],[122.58782,-8.44308],[122.59001,-8.44197],[122.6003,-8.44111],[122.60317,-8.43845],[122.60742,-8.4375],[122.60621,-8.43598],[122.60594,-8.43452],[122.60277,-8.43178],[122.603,-8.42895],[122.60509,-8.42815],[122.60588,-8.42614],[122.6074,-8.42502],[122.60656,-8.42146],[122.60734,-8.42023],[122.60723,-8.41569],[122.60591,-8.41448],[122.60512,-8.41234],[122.60325,-8.41134],[122.60311,-8.40717],[122.5179,-8.40717],[122.51798,-8.41063],[122.51608,-8.41154],[122.51554,-8.41476],[122.51574,-8.41808],[122.51757,-8.42321],[122.5181,-8.42745],[122.51758,-8.43259],[122.5181,-8.4375],[122.51686,-8.44311],[122.5171,-8.46373],[122.5162,-8.46652],[122.51737,-8.47366],[122.51867,-8.47586],[122.51893,-8.48144],[122.51769,-8.48392],[122.51732,-8.48957],[122.51589,-8.49119],[122.51647,-8.49656],[122.51569,-8.50084],[122.51824,-8.51166],[122.518,-8.52402]]]},"properties":{"date":"2025-05-01","year":2025,"res":0.34,"name":"Vivid"}},{"type":"Feature","geometry":{"type":"Polygon","coordinates":[[[122.70046,-8.606],[122.70585,-8.60782],[122.70763,-8.60741],[122.70934,-8.60889],[122.71015,-8.60814],[122.71094,-8.60155],[122.70934,-8.5984],[122.70964,-8.57285],[122.7092,-8.56934],[122.70992,-8.56403],[122.70929,-8.55246],[122.71109,-8.54631],[122.71148,-8.5362],[122.7092,-8.52997],[122.70932,-8.5256],[122.70576,-8.5253],[122.70521,-8.52466],[122.70132,-8.52363],[122.70035,-8.52402],[122.69996,-8.52539],[122.70115,-8.52572],[122.70252,-8.52875],[122.70768,-8.53058],[122.71008,-8.53346],[122.71132,-8.53804],[122.70948,-8.53931],[122.70771,-8.54166],[122.70817,-8.54579],[122.70768,-8.54676],[122.70825,-8.54887],[122.70765,-8.55179],[122.70617,-8.55278],[122.70608,-8.55718],[122.70476,-8.56001],[122.70479,-8.56391],[122.7,-8.56934],[122.70137,-8.57277],[122.70166,-8.57606],[122.70383,-8.5791],[122.70548,-8.58569],[122.70486,-8.59088],[122.70541,-8.59492],[122.70396,-8.59766],[122.70296,-8.60295],[122.70046,-8.606]]]},"properties":{"date":"2025-06-07","year":2025,"res":0.31,"name":"Vivid"}},{"type":"Feature","geometry":{"type":"Polygon","coordinates":[[[122.43287,-8.52528],[122.43164,-8.52537],[122.43187,-8.52677],[122.43489,-8.52791],[122.43558,-8.53212],[122.43571,-8.55973],[122.43517,-8.56216],[122.43226,-8.56324],[122.43174,-8.56635],[122.43188,-8.59878],[122.43219,-8.59945],[122.43391,-8.59972],[122.43436,-8.60138],[122.4358,-8.60243],[122.43603,-8.60467],[122.43586,-8.60559],[122.43426,-8.60564],[122.43255,-8.607],[122.43335,-8.60928],[122.43228,-8.61109],[122.43217,-8.61309],[122.43164,-8.61328],[122.43258,-8.61498],[122.43248,-8.61656],[122.43471,-8.62018],[122.44038,-8.6226],[122.44853,-8.62368],[122.45154,-8.62546],[122.46059,-8.62472],[122.46536,-8.62568],[122.46711,-8.62533],[122.46965,-8.62368],[122.47087,-8.62093],[122.47268,-8.61959],[122.47308,-8.61764],[122.47441,-8.61633],[122.47419,-8.61528],[122.47516,-8.61472],[122.47556,-8.61329],[122.47631,-8.61437],[122.48122,-8.61462],[122.4845,-8.61646],[122.48903,-8.6163],[122.49372,-8.61517],[122.49673,-8.61535],[122.50147,-8.61405],[122.50576,-8.61375],[122.50592,-8.61228],[122.50432,-8.60872],[122.503,-8.60073],[122.50401,-8.59877],[122.50423,-8.59537],[122.506,-8.58998],[122.50585,-8.58581],[122.50507,-8.58359],[122.50593,-8.57892],[122.50477,-8.57534],[122.50594,-8.57067],[122.50685,-8.56933],[122.50384,-8.56852],[122.50307,-8.56588],[122.50329,-8.5635],[122.50648,-8.55612],[122.50637,-8.54164],[122.50696,-8.53405],[122.50656,-8.52775],[122.50714,-8.52539],[122.50161,-8.5253],[122.50029,-8.52152],[122.49979,-8.51381],[122.50013,-8.51189],[122.5014,-8.51017],[122.50161,-8.50664],[122.50088,-8.50373],[122.50232,-8.49616],[122.50154,-8.4929],[122.49979,-8.49102],[122.49891,-8.4874],[122.49912,-8.48567],[122.50314,-8.48455],[122.50408,-8.48282],[122.50643,-8.48143],[122.50095,-8.48076],[122.49893,-8.48136],[122.49701,-8.48089],[122.49387,-8.48142],[122.49305,-8.48059],[122.49054,-8.48031],[122.48887,-8.48139],[122.4826,-8.48139],[122.48199,-8.47984],[122.47559,-8.47936],[122.47234,-8.47947],[122.47034,-8.48078],[122.46902,-8.4803],[122.46634,-8.4807],[122.46167,-8.48007],[122.45767,-8.47839],[122.45224,-8.47826],[122.44804,-8.47832],[122.44564,-8.48039],[122.43459,-8.48079],[122.43229,-8.4788],[122.43164,-8.47689],[122.43164,-8.48375],[122.44831,-8.48389],[122.45085,-8.48491],[122.45155,-8.48679],[122.45361,-8.48804],[122.45779,-8.48867],[122.45861,-8.49106],[122.4605,-8.49249],[122.46077,-8.49379],[122.45952,-8.49976],[122.45705,-8.50155],[122.45626,-8.50418],[122.45396,-8.50612],[122.45372,-8.50965],[122.45264,-8.51173],[122.45228,-8.52425],[122.43287,-8.52528]]]},"properties":{"date":"2025-09-07","year":2025,"res":0.34,"name":"Vivid"}},{"type":"Feature","geometry":{"type":"Polygon","coordinates":[[[122.43211,-8.48379],[122.41821,-8.4839],[122.41574,-8.48752],[122.41249,-8.48831],[122.41216,-8.49016],[122.40829,-8.4921],[122.40612,-8.49455],[122.40264,-8.49584],[122.40183,-8.49792],[122.40186,-8.52397],[122.40161,-8.52488],[122.40058,-8.52536],[122.40172,-8.52962],[122.40286,-8.53915],[122.40139,-8.54784],[122.40134,-8.56116],[122.40063,-8.56934],[122.40145,-8.5744],[122.40191,-8.59512],[122.40225,-8.59814],[122.40361,-8.60108],[122.4038,-8.6053],[122.40258,-8.61079],[122.40082,-8.61328],[122.40456,-8.61543],[122.40562,-8.61939],[122.40459,-8.62151],[122.40546,-8.62442],[122.40453,-8.62558],[122.40593,-8.63077],[122.40552,-8.63357],[122.4066,-8.6386],[122.40562,-8.64304],[122.40346,-8.64509],[122.40383,-8.65136],[122.40312,-8.65323],[122.40374,-8.65609],[122.40302,-8.66056],[122.40381,-8.66547],[122.40351,-8.67167],[122.40435,-8.67737],[122.40866,-8.68491],[122.40782,-8.69356],[122.40608,-8.69644],[122.40536,-8.69949],[122.4037,-8.70117],[122.40596,-8.70426],[122.40873,-8.7041],[122.41335,-8.70709],[122.41371,-8.70664],[122.41462,-8.70743],[122.41586,-8.70742],[122.41624,-8.70667],[122.41869,-8.7079],[122.42064,-8.70754],[122.42234,-8.70527],[122.42449,-8.70474],[122.42478,-8.70364],[122.42698,-8.70331],[122.42958,-8.70192],[122.43062,-8.70206],[122.43502,-8.69931],[122.43563,-8.69634],[122.43653,-8.69558],[122.43701,-8.69315],[122.44009,-8.68687],[122.43944,-8.6846],[122.44,-8.68148],[122.43898,-8.67933],[122.4378,-8.66748],[122.43664,-8.66422],[122.4349,-8.66237],[122.43419,-8.65883],[122.43164,-8.65726],[122.43152,-8.64964],[122.43045,-8.64719],[122.42977,-8.64211],[122.43009,-8.63678],[122.42834,-8.62506],[122.42965,-8.6158],[122.43029,-8.61415],[122.43217,-8.61309],[122.43228,-8.61109],[122.43335,-8.60928],[122.43255,-8.607],[122.43412,-8.6057],[122.43601,-8.60543],[122.4358,-8.60243],[122.43436,-8.60138],[122.43382,-8.59964],[122.43219,-8.59945],[122.43188,-8.59878],[122.43171,-8.56673],[122.43226,-8.56324],[122.43517,-8.56216],[122.43568,-8.56003],[122.43568,-8.5346],[122.43491,-8.52793],[122.43187,-8.52677],[122.43164,-8.52537],[122.45228,-8.52425],[122.45264,-8.51173],[122.45372,-8.50965],[122.45396,-8.50612],[122.45626,-8.50418],[122.45705,-8.50155],[122.45952,-8.49976],[122.46077,-8.49379],[122.4605,-8.49249],[122.45861,-8.49106],[122.45779,-8.48867],[122.45361,-8.48804],[122.45155,-8.48679],[122.45085,-8.48491],[122.44831,-8.48389],[122.43211,-8.48379]]]},"properties":{"date":"2025-09-13","year":2025,"res":0.34,"name":"Vivid"}},{"type":"Feature","geometry":{"type":"Polygon","coordinates":[[[122.10117,-8.17364],[122.10535,-8.17383],[122.10572,-8.17245],[122.10532,-8.12989],[122.10587,-8.12349],[122.10535,-8.12242],[122.10536,-8.11878],[122.10595,-8.11599],[122.10906,-8.11379],[122.10951,-8.11248],[122.10959,-8.08723],[122.10854,-8.08598],[122.10135,-8.08593],[122.10312,-8.0893],[122.10392,-8.09693],[122.10358,-8.10049],[122.10141,-8.10828],[122.10129,-8.11777],[122.102,-8.12172],[122.10138,-8.12299],[122.10121,-8.12989],[122.10392,-8.13537],[122.10439,-8.1463],[122.10342,-8.16048],[122.10259,-8.16284],[122.10263,-8.16591],[122.10117,-8.17364]]]},"properties":{"date":"2019-10-17","year":2019,"res":0.5,"name":"Vivid"}},{"type":"Feature","geometry":{"type":"Polygon","coordinates":[[[122.10124,-8.12991],[122.10138,-8.12299],[122.102,-8.12172],[122.10129,-8.11777],[122.10141,-8.10828],[122.10358,-8.10049],[122.10392,-8.09693],[122.10384,-8.09301],[122.10279,-8.08818],[122.10135,-8.08593],[122.08008,-8.08593],[122.08008,-8.17383],[122.10117,-8.17364],[122.10263,-8.16591],[122.10259,-8.16284],[122.10342,-8.16048],[122.10439,-8.1463],[122.10392,-8.13537],[122.10124,-8.12991]]]},"properties":{"date":"2019-10-17","year":2019,"res":0.5,"name":"Vivid"}},{"type":"Feature","geometry":{"type":"Polygon","coordinates":[[[122.34371,-8.38944],[122.34375,-8.34961],[122.34344,-8.35373],[122.34179,-8.35704],[122.34134,-8.36215],[122.34037,-8.36318],[122.33988,-8.36554],[122.33978,-8.36925],[122.3388,-8.37192],[122.3391,-8.37522],[122.33791,-8.37628],[122.33726,-8.37823],[122.3377,-8.38202],[122.3366,-8.38344],[122.33629,-8.38527],[122.33652,-8.38578],[122.33785,-8.38581],[122.33835,-8.38803],[122.34039,-8.38848],[122.34222,-8.38742],[122.34341,-8.38802],[122.34371,-8.38944]]]},"properties":{"date":"2021-06-05","year":2021,"res":0.5,"name":"Vivid"}},{"type":"Feature","geometry":{"type":"Polygon","coordinates":[[[122.34374,-8.31895],[122.34375,-8.31896],[122.34375,-8.31894],[122.34374,-8.31895]]]},"properties":{"date":"2021-06-05","year":2021,"res":0.5,"name":"Vivid"}},{"type":"Feature","geometry":{"type":"Polygon","coordinates":[[[121.66646,-8.30569],[121.6687,-8.29665],[121.66919,-8.28736],[121.66908,-8.28179],[121.66797,-8.27925],[121.66691,-8.27371],[121.66649,-8.26401],[121.6509,-8.26327],[121.65073,-8.34961],[121.66638,-8.34959],[121.66652,-8.33792],[121.66898,-8.32911],[121.66762,-8.31138],[121.66646,-8.30569]]]},"properties":{"date":"2021-06-05","year":2021,"res":0.31,"name":"Vivid"}},{"type":"Feature","geometry":{"type":"Polygon","coordinates":[[[121.66637,-8.34959],[121.66636,-8.34961],[121.66638,-8.3496],[121.66637,-8.34959]]]},"properties":{"date":"2021-08-31","year":2021,"res":0.5,"name":"Vivid"}},{"type":"Feature","geometry":{"type":"Polygon","coordinates":[[[121.66645,-8.34841],[121.66638,-8.34958],[121.68797,-8.34964],[121.68888,-8.35024],[121.6918,-8.35001],[121.69412,-8.35136],[121.69588,-8.35073],[121.70255,-8.35226],[121.7058,-8.35147],[121.70853,-8.35182],[121.7098,-8.35015],[121.71066,-8.35011],[121.71842,-8.35302],[121.72015,-8.35282],[121.72165,-8.35164],[121.7269,-8.35124],[121.72719,-8.35044],[121.72846,-8.35007],[121.72929,-8.34768],[121.72852,-8.34114],[121.72911,-8.33678],[121.72873,-8.33505],[121.73046,-8.33074],[121.73239,-8.32901],[121.73388,-8.3225],[121.73369,-8.31814],[121.7345,-8.31505],[121.73571,-8.31397],[121.73595,-8.31267],[121.73445,-8.30957],[121.73139,-8.30759],[121.73019,-8.30748],[121.72851,-8.30567],[121.7314,-8.30002],[121.7303,-8.29778],[121.72966,-8.26637],[121.72909,-8.26175],[121.66646,-8.26172],[121.66691,-8.27371],[121.66797,-8.27925],[121.66908,-8.28179],[121.66919,-8.28736],[121.6687,-8.29665],[121.66642,-8.30567],[121.66762,-8.31138],[121.66898,-8.32911],[121.66652,-8.33792],[121.66645,-8.34841]]]},"properties":{"date":"2021-08-31","year":2021,"res":0.5,"name":"Vivid"}},{"type":"Feature","geometry":{"type":"Polygon","coordinates":[[[121.78416,-8.34958],[121.73462,-8.34975],[121.73153,-8.35089],[121.72989,-8.34973],[121.72851,-8.34961],[121.72743,-8.35291],[121.72779,-8.39171],[121.72851,-8.39235],[121.8164,-8.39225],[121.8164,-8.26172],[121.77553,-8.26175],[121.77655,-8.27893],[121.7789,-8.29701],[121.7807,-8.30342],[121.7817,-8.30473],[121.78414,-8.30567],[121.78414,-8.33773],[121.78344,-8.34274],[121.78416,-8.34958]],[[121.81568,-8.34959],[121.81638,-8.35],[121.81543,-8.35237],[121.81249,-8.35415],[121.80404,-8.35222],[121.8028,-8.3523],[121.8013,-8.35361],[121.79821,-8.35375],[121.79589,-8.35236],[121.79444,-8.35056],[121.79169,-8.34988],[121.78644,-8.3498],[121.7918,-8.34839],[121.79888,-8.34871],[121.80404,-8.34767],[121.81229,-8.34983],[121.81568,-8.34959]],[[121.77241,-8.34962],[121.77243,-8.34961],[121.77243,-8.34963],[121.77241,-8.34962]]]},"properties":{"date":"2021-08-31","year":2021,"res":0.5,"name":"Vivid"}},{"type":"Feature","geometry":{"type":"Polygon","coordinates":[[[121.77474,-8.34961],[121.77492,-8.34967],[121.77485,-8.34961],[121.77474,-8.34961]]]},"properties":{"date":"2021-08-31","year":2021,"res":0.5,"name":"Vivid"}},{"type":"Feature","geometry":{"type":"Polygon","coordinates":[[[121.81555,-8.34957],[121.81229,-8.34983],[121.80404,-8.34767],[121.79888,-8.34871],[121.7918,-8.34839],[121.78644,-8.3498],[121.79169,-8.34988],[121.79444,-8.35056],[121.79589,-8.35236],[121.79821,-8.35375],[121.8013,-8.35361],[121.8028,-8.3523],[121.80404,-8.35222],[121.81249,-8.35415],[121.81543,-8.35237],[121.81638,-8.35],[121.81555,-8.34957]]]},"properties":{"date":"2021-12-20","year":2021,"res":0.5,"name":"Vivid"}},{"type":"Feature","geometry":{"type":"Polygon","coordinates":[[[121.78311,-8.34978],[121.78165,-8.34975],[121.7824,-8.3499],[121.78311,-8.34978]]]},"properties":{"date":"2021-12-20","year":2021,"res":0.5,"name":"Vivid"}},{"type":"Feature","geometry":{"type":"Polygon","coordinates":[[[121.77299,-8.34967],[121.77253,-8.34961],[121.77965,-8.34976],[121.77299,-8.34967]]]},"properties":{"date":"2021-12-20","year":2021,"res":0.5,"name":"Vivid"}},{"type":"Feature","geometry":{"type":"Polygon","coordinates":[[[121.77985,-8.34976],[121.77993,-8.34978],[121.78002,-8.34976],[121.77985,-8.34976]]]},"properties":{"date":"2021-12-20","year":2021,"res":0.5,"name":"Vivid"}},{"type":"Feature","geometry":{"type":"Polygon","coordinates":[[[121.77966,-8.34977],[121.77968,-8.34976],[121.77966,-8.34976],[121.77966,-8.34977]]]},"properties":{"date":"2021-12-20","year":2021,"res":0.5,"name":"Vivid"}},{"type":"Feature","geometry":{"type":"Polygon","coordinates":[[[121.7802,-8.34975],[121.78008,-8.34976],[121.78019,-8.34977],[121.7802,-8.34975]]]},"properties":{"date":"2021-12-20","year":2021,"res":0.5,"name":"Vivid"}},{"type":"Feature","geometry":{"type":"Polygon","coordinates":[[[121.78108,-8.34978],[121.78134,-8.34974],[121.78082,-8.34975],[121.78108,-8.34978]]]},"properties":{"date":"2021-12-20","year":2021,"res":0.5,"name":"Vivid"}},{"type":"Feature","geometry":{"type":"Polygon","coordinates":[[[121.77241,-8.34962],[121.77243,-8.34963],[121.77243,-8.34961],[121.77241,-8.34962]]]},"properties":{"date":"2021-12-20","year":2021,"res":0.5,"name":"Vivid"}},{"type":"Feature","geometry":{"type":"Polygon","coordinates":[[[121.77245,-8.34961],[121.77244,-8.34961],[121.77245,-8.34961]]]},"properties":{"date":"2021-12-20","year":2021,"res":0.5,"name":"Vivid"}},{"type":"Feature","geometry":{"type":"Polygon","coordinates":[]},"properties":{"date":"2021-12-20","year":2021,"res":0.5,"name":"Vivid"}},{"type":"Feature","geometry":{"type":"Polygon","coordinates":[[[122.10539,-8.17379],[122.10994,-8.17383],[122.11131,-8.17276],[122.1111,-8.16805],[122.11258,-8.16226],[122.11241,-8.15735],[122.11278,-8.15594],[122.11558,-8.15431],[122.1163,-8.15148],[122.11611,-8.14363],[122.11163,-8.13646],[122.11003,-8.13228],[122.10996,-8.12258],[122.11093,-8.11856],[122.11079,-8.11368],[122.11103,-8.11285],[122.11405,-8.11097],[122.11534,-8.11114],[122.1198,-8.10988],[122.12054,-8.10832],[122.12018,-8.10373],[122.1183,-8.09866],[122.11826,-8.09352],[122.1173,-8.08988],[122.11475,-8.08723],[122.11086,-8.08746],[122.11,-8.08593],[122.10529,-8.08593],[122.10891,-8.08609],[122.10959,-8.08723],[122.10966,-8.08958],[122.10951,-8.11248],[122.10906,-8.11379],[122.10595,-8.11599],[122.10536,-8.11878],[122.10535,-8.12242],[122.10587,-8.12349],[122.10532,-8.12989],[122.10589,-8.16273],[122.10539,-8.17379]]]},"properties":{"date":"2022-08-08","year":2022,"res":0.31,"name":"Vivid"}},{"type":"Feature","geometry":{"type":"Polygon","coordinates":[[[122.34371,-8.38957],[122.34341,-8.38802],[122.34222,-8.38742],[122.34039,-8.38848],[122.33835,-8.38803],[122.33785,-8.38581],[122.33652,-8.38578],[122.33629,-8.38527],[122.3366,-8.38344],[122.3377,-8.38202],[122.33747,-8.37726],[122.3391,-8.37522],[122.3388,-8.37192],[122.33978,-8.36925],[122.34032,-8.36334],[122.34132,-8.36222],[122.34179,-8.35704],[122.3437,-8.3522],[122.34375,-8.26172],[122.31942,-8.26172],[122.31695,-8.26273],[122.31491,-8.26471],[122.31225,-8.26608],[122.30844,-8.27101],[122.30661,-8.27473],[122.30722,-8.27677],[122.30715,-8.28],[122.30628,-8.28262],[122.30698,-8.29193],[122.30864,-8.29448],[122.31076,-8.29578],[122.31165,-8.29783],[122.31369,-8.29891],[122.31488,-8.3028],[122.31936,-8.30567],[122.31756,-8.3077],[122.31481,-8.30865],[122.31327,-8.3125],[122.30927,-8.31563],[122.30814,-8.31944],[122.3082,-8.32622],[122.31057,-8.33196],[122.31228,-8.34415],[122.31341,-8.34551],[122.31644,-8.34669],[122.31694,-8.3479],[122.31946,-8.34961],[122.31852,-8.34986],[122.31809,-8.35135],[122.31917,-8.35609],[122.31728,-8.35936],[122.31797,-8.36093],[122.31745,-8.36374],[122.3165,-8.36553],[122.3139,-8.36653],[122.31283,-8.36884],[122.31394,-8.37314],[122.31327,-8.38011],[122.31357,-8.38826],[122.31454,-8.38922],[122.31918,-8.3895],[122.32013,-8.3901],[122.32107,-8.39225],[122.3323,-8.39289],[122.3372,-8.39254],[122.34063,-8.39307],[122.34215,-8.39125],[122.34346,-8.39105],[122.34371,-8.38957]]]},"properties":{"date":"2023-02-25","year":2023,"res":0.5,"name":"Vivid"}},{"type":"Feature","geometry":{"type":"Polygon","coordinates":[[[122.10999,-8.17377],[122.16797,-8.17383],[122.16797,-8.08593],[122.11,-8.08593],[122.11086,-8.08746],[122.11475,-8.08723],[122.1173,-8.08988],[122.11826,-8.09352],[122.1183,-8.09866],[122.11984,-8.10228],[122.12058,-8.10655],[122.12011,-8.10968],[122.11835,-8.11056],[122.11405,-8.11097],[122.11103,-8.11285],[122.11057,-8.11469],[122.11104,-8.11723],[122.10996,-8.12258],[122.11003,-8.13228],[122.11163,-8.13646],[122.11611,-8.14363],[122.11631,-8.15079],[122.11558,-8.15431],[122.11278,-8.15594],[122.11251,-8.16284],[122.1111,-8.16805],[122.11137,-8.17251],[122.10999,-8.17377]]]},"properties":{"date":"2023-04-18","year":2023,"res":0.31,"name":"Vivid"}},{"type":"Feature","geometry":{"type":"Polygon","coordinates":[[[122.31032,-8.40687],[122.34375,-8.40717],[122.34375,-8.38953],[122.34346,-8.39105],[122.34215,-8.39125],[122.34053,-8.3931],[122.3372,-8.39254],[122.3323,-8.39289],[122.32107,-8.39225],[122.32013,-8.3901],[122.31918,-8.3895],[122.31917,-8.39355],[122.31788,-8.39659],[122.31518,-8.39775],[122.31328,-8.39963],[122.31032,-8.40687]]]},"properties":{"date":"2023-04-22","year":2023,"res":0.46,"name":"Vivid"}},{"type":"Feature","geometry":{"type":"Polygon","coordinates":[[[122.18108,-8.34961],[122.18115,-8.40717],[122.31024,-8.40717],[122.31297,-8.40006],[122.31518,-8.39775],[122.31788,-8.39659],[122.31917,-8.39355],[122.31918,-8.3895],[122.31454,-8.38922],[122.31357,-8.38826],[122.31327,-8.38011],[122.31394,-8.37314],[122.31283,-8.36884],[122.3139,-8.36653],[122.3165,-8.36553],[122.31745,-8.36374],[122.31797,-8.36093],[122.31728,-8.35936],[122.31917,-8.35609],[122.31809,-8.35135],[122.31852,-8.34986],[122.31946,-8.34961],[122.31694,-8.3479],[122.31644,-8.34669],[122.31341,-8.34551],[122.31228,-8.34415],[122.31057,-8.33196],[122.3082,-8.32622],[122.30814,-8.31944],[122.30927,-8.31563],[122.31327,-8.3125],[122.31481,-8.30865],[122.31756,-8.3077],[122.31936,-8.30567],[122.31488,-8.3028],[122.31369,-8.29891],[122.31165,-8.29783],[122.31076,-8.29578],[122.30864,-8.29448],[122.30698,-8.29193],[122.30628,-8.28262],[122.30715,-8.28],[122.30722,-8.27677],[122.30661,-8.27473],[122.30844,-8.27101],[122.31225,-8.26608],[122.31491,-8.26471],[122.31695,-8.26273],[122.31942,-8.26172],[122.25586,-8.26172],[122.25586,-8.34961],[122.18108,-8.34961]]]},"properties":{"date":"2023-04-30","year":2023,"res":0.31,"name":"Vivid"}},{"type":"Feature","geometry":{"type":"Polygon","coordinates":[[[122.00463,-8.34961],[121.90429,-8.34961],[121.90429,-8.40717],[122.00458,-8.40717],[122.00463,-8.34961]]]},"properties":{"date":"2024-10-27","year":2024,"res":0.34,"name":"Vivid"}},{"type":"Feature","geometry":{"type":"Polygon","coordinates":[[[121.72853,-8.34957],[121.72989,-8.34973],[121.73153,-8.35089],[121.73462,-8.34975],[121.77485,-8.34961],[121.77413,-8.34149],[121.77466,-8.33218],[121.77337,-8.32109],[121.77354,-8.31844],[121.77496,-8.31406],[121.77518,-8.30563],[121.7741,-8.30413],[121.7736,-8.2992],[121.77275,-8.2975],[121.77309,-8.28841],[121.77443,-8.28517],[121.77362,-8.27527],[121.77542,-8.27213],[121.77533,-8.27],[121.77443,-8.269],[121.77543,-8.26727],[121.77557,-8.26172],[121.72851,-8.26172],[121.72909,-8.26175],[121.72951,-8.26282],[121.7303,-8.29778],[121.7314,-8.30002],[121.72851,-8.30567],[121.73019,-8.30748],[121.73139,-8.30759],[121.73445,-8.30957],[121.73595,-8.31267],[121.73571,-8.31397],[121.7345,-8.31505],[121.73369,-8.31814],[121.73388,-8.3225],[121.73239,-8.32901],[121.73046,-8.33074],[121.72873,-8.33505],[121.72911,-8.33678],[121.72852,-8.34114],[121.72929,-8.34768],[121.72853,-8.34957]]]},"properties":{"date":"2024-11-24","year":2024,"res":0.31,"name":"Vivid"}},{"type":"Feature","geometry":{"type":"Polygon","coordinates":[[[121.68136,-8.34957],[121.64686,-8.34961],[121.64687,-8.40277],[121.72851,-8.40557],[121.72852,-8.3923],[121.72759,-8.39122],[121.72751,-8.38908],[121.72743,-8.35291],[121.72861,-8.34969],[121.7269,-8.35124],[121.72165,-8.35164],[121.72015,-8.35282],[121.71842,-8.35302],[121.71066,-8.35011],[121.7098,-8.35015],[121.70853,-8.35182],[121.7058,-8.35147],[121.70255,-8.35226],[121.69588,-8.35073],[121.6951,-8.35138],[121.69356,-8.35126],[121.6918,-8.35001],[121.68136,-8.34957]]]},"properties":{"date":"2025-01-06","year":2025,"res":0.31,"name":"Vivid"}},{"type":"Feature","geometry":{"type":"Polygon","coordinates":[[[121.78411,-8.30569],[121.7817,-8.30473],[121.7807,-8.30342],[121.7789,-8.29701],[121.77655,-8.27893],[121.77554,-8.26509],[121.77528,-8.26818],[121.77443,-8.269],[121.77533,-8.27],[121.77542,-8.27213],[121.77362,-8.27527],[121.77443,-8.28517],[121.77309,-8.28841],[121.77275,-8.2975],[121.7736,-8.2992],[121.7741,-8.30413],[121.77518,-8.30563],[121.77496,-8.31406],[121.77354,-8.31844],[121.77337,-8.32109],[121.77466,-8.33218],[121.77413,-8.34149],[121.77504,-8.3497],[121.7842,-8.34961],[121.78344,-8.34274],[121.78414,-8.33773],[121.78411,-8.30569]]]},"properties":{"date":"2025-01-13","year":2025,"res":0.31,"name":"Vivid"}},{"type":"Feature","geometry":{"type":"Polygon","coordinates":[[[121.55278,-8.69659],[121.55151,-8.68601],[121.54942,-8.68332],[121.54959,-8.6819],[121.54825,-8.68097],[121.54719,-8.67635],[121.54822,-8.6735],[121.54811,-8.66828],[121.55274,-8.65736],[121.55189,-8.65467],[121.55283,-8.65164],[121.55216,-8.64787],[121.55311,-8.64548],[121.553,-8.63944],[121.55149,-8.63392],[121.55204,-8.63124],[121.55114,-8.6249],[121.55003,-8.62247],[121.55289,-8.61351],[121.55064,-8.61333],[121.5496,-8.61385],[121.54814,-8.61337],[121.54347,-8.61445],[121.53634,-8.61247],[121.53199,-8.61311],[121.52837,-8.61277],[121.5284,-8.61331],[121.52521,-8.61348],[121.51619,-8.61603],[121.50921,-8.61445],[121.50882,-8.61329],[121.50627,-8.61328],[121.50624,-8.62319],[121.50528,-8.62517],[121.50496,-8.62794],[121.505,-8.63411],[121.50592,-8.63723],[121.50479,-8.64394],[121.50549,-8.64867],[121.50484,-8.65269],[121.50648,-8.65479],[121.50666,-8.65723],[121.50537,-8.65874],[121.50497,-8.66126],[121.50571,-8.67043],[121.50532,-8.67958],[121.50595,-8.6886],[121.5068,-8.69018],[121.50666,-8.69324],[121.50798,-8.69605],[121.50782,-8.69771],[121.50876,-8.70115],[121.50989,-8.70089],[121.5106,-8.6998],[121.51943,-8.69673],[121.53036,-8.69697],[121.53839,-8.69572],[121.54272,-8.69749],[121.54706,-8.69822],[121.55273,-8.70117],[121.5533,-8.69958],[121.55278,-8.69659]]]},"properties":{"date":"2017-10-28","year":2017,"res":0.31,"name":"Vivid"}},{"type":"Feature","geometry":{"type":"Polygon","coordinates":[[[121.55285,-8.61337],[121.55282,-8.61336],[121.55284,-8.61339],[121.55285,-8.61337]]]},"properties":{"date":"2017-10-28","year":2017,"res":0.31,"name":"Vivid"}},{"type":"Feature","geometry":{"type":"Polygon","coordinates":[[[121.55281,-8.61335],[121.55281,-8.61334],[121.55281,-8.61335]]]},"properties":{"date":"2017-10-28","year":2017,"res":0.31,"name":"Vivid"}},{"type":"Feature","geometry":{"type":"Polygon","coordinates":[[[121.63295,-8.55064],[121.63361,-8.5471],[121.63296,-8.54841],[121.63295,-8.55064]]]},"properties":{"date":"2018-07-30","year":2018,"res":0.31,"name":"Vivid"}},{"type":"Feature","geometry":{"type":"Polygon","coordinates":[[[121.63361,-8.5428],[121.63225,-8.53921],[121.63265,-8.54132],[121.63361,-8.5428]]]},"properties":{"date":"2018-07-30","year":2018,"res":0.31,"name":"Vivid"}},{"type":"Feature","geometry":{"type":"Polygon","coordinates":[[[121.63226,-8.53916],[121.63225,-8.5392],[121.63227,-8.5392],[121.63226,-8.53916]]]},"properties":{"date":"2018-07-30","year":2018,"res":0.31,"name":"Vivid"}},{"type":"Feature","geometry":{"type":"Polygon","coordinates":[]},"properties":{"date":"2018-07-30","year":2018,"res":0.31,"name":"Vivid"}},{"type":"Feature","geometry":{"type":"Polygon","coordinates":[[[121.63226,-8.53916],[121.63226,-8.53915],[121.63225,-8.53915],[121.63226,-8.53916]]]},"properties":{"date":"2018-07-30","year":2018,"res":0.31,"name":"Vivid"}},{"type":"Feature","geometry":{"type":"Polygon","coordinates":[[[121.5085,-8.70106],[121.50798,-8.69605],[121.50666,-8.69324],[121.5068,-8.69018],[121.50595,-8.6886],[121.50544,-8.67552],[121.50229,-8.6812],[121.50204,-8.68988],[121.5057,-8.69497],[121.50686,-8.69776],[121.5067,-8.69936],[121.5085,-8.70106]]]},"properties":{"date":"2019-10-01","year":2019,"res":0.46,"name":"Vivid"}},{"type":"Feature","geometry":{"type":"Polygon","coordinates":[[[121.50546,-8.67552],[121.50545,-8.67552],[121.50546,-8.67552]]]},"properties":{"date":"2019-10-01","year":2019,"res":0.46,"name":"Vivid"}},{"type":"Feature","geometry":{"type":"Polygon","coordinates":[[[121.50543,-8.67461],[121.50542,-8.67461],[121.50543,-8.67461]]]},"properties":{"date":"2019-10-01","year":2019,"res":0.46,"name":"Vivid"}},{"type":"Feature","geometry":{"type":"Polygon","coordinates":[[[121.50501,-8.66356],[121.50502,-8.66358],[121.50502,-8.66355],[121.50501,-8.66356]]]},"properties":{"date":"2019-10-01","year":2019,"res":0.46,"name":"Vivid"}},{"type":"Feature","geometry":{"type":"Polygon","coordinates":[[[121.50498,-8.66116],[121.50503,-8.661],[121.50497,-8.66126],[121.50498,-8.66116]]]},"properties":{"date":"2019-10-01","year":2019,"res":0.46,"name":"Vivid"}},{"type":"Feature","geometry":{"type":"Polygon","coordinates":[[[121.50649,-8.65734],[121.50648,-8.65479],[121.50484,-8.65269],[121.50549,-8.64867],[121.50479,-8.64407],[121.50592,-8.63723],[121.505,-8.63411],[121.50496,-8.62794],[121.50528,-8.62517],[121.50624,-8.62319],[121.50625,-8.61328],[121.50484,-8.6141],[121.50433,-8.61815],[121.50368,-8.61918],[121.50431,-8.62455],[121.50344,-8.62741],[121.50363,-8.62938],[121.49933,-8.63159],[121.49709,-8.64032],[121.50022,-8.64445],[121.50244,-8.65188],[121.504,-8.65311],[121.50552,-8.65608],[121.50537,-8.65874],[121.50649,-8.65734]]]},"properties":{"date":"2019-10-01","year":2019,"res":0.46,"name":"Vivid"}},{"type":"Feature","geometry":{"type":"Polygon","coordinates":[[[121.35035,-8.61321],[121.34945,-8.61343],[121.34737,-8.61932],[121.34811,-8.62018],[121.35058,-8.62096],[121.35503,-8.62059],[121.35655,-8.61951],[121.35887,-8.61944],[121.36245,-8.61792],[121.36928,-8.61729],[121.37182,-8.61616],[121.37321,-8.61438],[121.36852,-8.61459],[121.36499,-8.61386],[121.36465,-8.61297],[121.36646,-8.61212],[121.36443,-8.61166],[121.35035,-8.61321]]]},"properties":{"date":"2019-10-01","year":2019,"res":0.46,"name":"Vivid"}},{"type":"Feature","geometry":{"type":"Polygon","coordinates":[[[121.37333,-8.61439],[121.3733,-8.61439],[121.37333,-8.61439]]]},"properties":{"date":"2019-10-01","year":2019,"res":0.46,"name":"Vivid"}},{"type":"Feature","geometry":{"type":"Polygon","coordinates":[[[121.37335,-8.61438],[121.37335,-8.61438],[121.37335,-8.61438]]]},"properties":{"date":"2019-10-01","year":2019,"res":0.46,"name":"Vivid"}},{"type":"Feature","geometry":{"type":"Polygon","coordinates":[[[121.37338,-8.61436],[121.3734,-8.61436],[121.37336,-8.61437],[121.37338,-8.61436]]]},"properties":{"date":"2019-10-01","year":2019,"res":0.46,"name":"Vivid"}},{"type":"Feature","geometry":{"type":"Polygon","coordinates":[]},"properties":{"date":"2019-10-01","year":2019,"res":0.46,"name":"Vivid"}},{"type":"Feature","geometry":{"type":"Polygon","coordinates":[[[121.37694,-8.61329],[121.37695,-8.61328],[121.37694,-8.61328],[121.37694,-8.61329]]]},"properties":{"date":"2019-10-01","year":2019,"res":0.46,"name":"Vivid"}},{"type":"Feature","geometry":{"type":"Polygon","coordinates":[[[121.40722,-8.70115],[121.40878,-8.70109],[121.40893,-8.70019],[121.41123,-8.69806],[121.41395,-8.68588],[121.41301,-8.66838],[121.40936,-8.65723],[121.41012,-8.65499],[121.41004,-8.65117],[121.41119,-8.64798],[121.4115,-8.64255],[121.41106,-8.63712],[121.4103,-8.63631],[121.40976,-8.63249],[121.4103,-8.62895],[121.40957,-8.62614],[121.40978,-8.62317],[121.40852,-8.62082],[121.40882,-8.61489],[121.40836,-8.61328],[121.40717,-8.61328],[121.40659,-8.61404],[121.40594,-8.61725],[121.405,-8.61817],[121.40568,-8.6202],[121.40492,-8.62167],[121.406,-8.62564],[121.40609,-8.62969],[121.40384,-8.64009],[121.4044,-8.64215],[121.40393,-8.64472],[121.40419,-8.6503],[121.40504,-8.65325],[121.40415,-8.66049],[121.40472,-8.66402],[121.40392,-8.67043],[121.40212,-8.67412],[121.40188,-8.67897],[121.40298,-8.69102],[121.40425,-8.69682],[121.40532,-8.69974],[121.40722,-8.70115]]]},"properties":{"date":"2019-10-01","year":2019,"res":0.46,"name":"Vivid"}},{"type":"Feature","geometry":{"type":"Polygon","coordinates":[[[121.57984,-8.52537],[121.59278,-8.52626],[121.59553,-8.52613],[121.59663,-8.52539],[121.5988,-8.52633],[121.60048,-8.52567],[121.60466,-8.52599],[121.60686,-8.52545],[121.61319,-8.52603],[121.614,-8.52445],[121.61515,-8.52403],[121.61718,-8.51647],[121.61762,-8.50644],[121.61963,-8.50317],[121.62073,-8.49902],[121.61949,-8.49517],[121.6161,-8.4917],[121.61534,-8.48627],[121.61285,-8.48365],[121.61228,-8.48144],[121.61269,-8.47561],[121.61624,-8.47318],[121.6186,-8.47263],[121.63207,-8.4734],[121.63534,-8.47507],[121.63968,-8.4741],[121.63887,-8.47138],[121.63911,-8.45407],[121.63843,-8.44308],[121.63971,-8.4375],[121.57842,-8.43754],[121.57742,-8.44117],[121.57774,-8.44972],[121.577,-8.45261],[121.5784,-8.46617],[121.57698,-8.47179],[121.57825,-8.47672],[121.57782,-8.48007],[121.57847,-8.48144],[121.5755,-8.49518],[121.57545,-8.49727],[121.5766,-8.50018],[121.57488,-8.50876],[121.57602,-8.51195],[121.57627,-8.51679],[121.57741,-8.52021],[121.57779,-8.52395],[121.57846,-8.52539],[121.57984,-8.52537]]]},"properties":{"date":"2019-12-02","year":2019,"res":0.5,"name":"Vivid"}},{"type":"Feature","geometry":{"type":"Polygon","coordinates":[[[121.63963,-8.47369],[121.64062,-8.47389],[121.64062,-8.4375],[121.63965,-8.4376],[121.63843,-8.44308],[121.63911,-8.45407],[121.63887,-8.47138],[121.63963,-8.47369]]]},"properties":{"date":"2019-12-13","year":2019,"res":0.5,"name":"Vivid"}},{"type":"Feature","geometry":{"type":"Polygon","coordinates":[[[121.61367,-8.52534],[121.61411,-8.52657],[121.61564,-8.52742],[121.61923,-8.52633],[121.62601,-8.52707],[121.62961,-8.52647],[121.62912,-8.52539],[121.62975,-8.52095],[121.63083,-8.51951],[121.6308,-8.51771],[121.63174,-8.51572],[121.63236,-8.50451],[121.6314,-8.4999],[121.63156,-8.49477],[121.63053,-8.49239],[121.62915,-8.48142],[121.6378,-8.48118],[121.64052,-8.48032],[121.64062,-8.47389],[121.63534,-8.47507],[121.63207,-8.4734],[121.6186,-8.47263],[121.61624,-8.47318],[121.61269,-8.47561],[121.61228,-8.48144],[121.61285,-8.48365],[121.61534,-8.48627],[121.6161,-8.4917],[121.61949,-8.49517],[121.62073,-8.49902],[121.61963,-8.50317],[121.61762,-8.50644],[121.61747,-8.51431],[121.61592,-8.52028],[121.61601,-8.52208],[121.61515,-8.52403],[121.614,-8.52445],[121.61367,-8.52534]]]},"properties":{"date":"2020-04-26","year":2020,"res":0.46,"name":"Vivid"}},{"type":"Feature","geometry":{"type":"Polygon","coordinates":[[[121.55286,-8.70105],[121.55286,-8.70104],[121.55286,-8.70105]]]},"properties":{"date":"2021-08-04","year":2021,"res":0.5,"name":"Vivid"}},{"type":"Feature","geometry":{"type":"Polygon","coordinates":[[[121.55297,-8.701],[121.55292,-8.70083],[121.55286,-8.70104],[121.55297,-8.701]]]},"properties":{"date":"2021-08-04","year":2021,"res":0.5,"name":"Vivid"}},{"type":"Feature","geometry":{"type":"Polygon","coordinates":[[[121.55293,-8.70079],[121.55292,-8.70078],[121.55292,-8.70079],[121.55293,-8.70079]]]},"properties":{"date":"2021-08-04","year":2021,"res":0.5,"name":"Vivid"}},{"type":"Feature","geometry":{"type":"Polygon","coordinates":[[[121.55295,-8.70075],[121.55295,-8.70077],[121.55295,-8.70077],[121.55295,-8.70075]]]},"properties":{"date":"2021-08-04","year":2021,"res":0.5,"name":"Vivid"}},{"type":"Feature","geometry":{"type":"Polygon","coordinates":[[[121.55295,-8.70074],[121.55295,-8.70075],[121.55295,-8.70074]]]},"properties":{"date":"2021-08-04","year":2021,"res":0.5,"name":"Vivid"}},{"type":"Feature","geometry":{"type":"Polygon","coordinates":[[[121.55308,-8.70021],[121.55301,-8.70061],[121.5533,-8.69958],[121.55308,-8.70021]]]},"properties":{"date":"2021-08-04","year":2021,"res":0.5,"name":"Vivid"}},{"type":"Feature","geometry":{"type":"Polygon","coordinates":[[[121.55325,-8.69911],[121.55325,-8.69909],[121.55324,-8.69912],[121.55325,-8.69911]]]},"properties":{"date":"2021-08-04","year":2021,"res":0.5,"name":"Vivid"}},{"type":"Feature","geometry":{"type":"Polygon","coordinates":[[[121.55308,-8.69819],[121.55313,-8.69831],[121.55311,-8.69818],[121.55308,-8.69819]]]},"properties":{"date":"2021-08-04","year":2021,"res":0.5,"name":"Vivid"}},{"type":"Feature","geometry":{"type":"Polygon","coordinates":[[[121.55311,-8.69763],[121.55311,-8.69818],[121.55343,-8.69728],[121.55279,-8.69562],[121.55311,-8.69763]]]},"properties":{"date":"2021-08-04","year":2021,"res":0.5,"name":"Vivid"}},{"type":"Feature","geometry":{"type":"Polygon","coordinates":[[[121.55329,-8.69954],[121.5533,-8.69956],[121.5533,-8.69954],[121.55329,-8.69954]]]},"properties":{"date":"2021-08-04","year":2021,"res":0.5,"name":"Vivid"}},{"type":"Feature","geometry":{"type":"Polygon","coordinates":[[[121.56137,-8.69946],[121.56137,-8.69945],[121.56137,-8.69946]]]},"properties":{"date":"2021-08-04","year":2021,"res":0.5,"name":"Vivid"}},{"type":"Feature","geometry":{"type":"Polygon","coordinates":[[[121.55327,-8.69939],[121.55326,-8.69939],[121.55327,-8.69939]]]},"properties":{"date":"2021-08-04","year":2021,"res":0.5,"name":"Vivid"}},{"type":"Feature","geometry":{"type":"Polygon","coordinates":[[[121.55326,-8.69927],[121.55327,-8.69927],[121.55327,-8.69926],[121.55326,-8.69927]]]},"properties":{"date":"2021-08-04","year":2021,"res":0.5,"name":"Vivid"}},{"type":"Feature","geometry":{"type":"Polygon","coordinates":[[[121.55328,-8.69922],[121.55327,-8.69921],[121.55327,-8.69922],[121.55328,-8.69922]]]},"properties":{"date":"2021-08-04","year":2021,"res":0.5,"name":"Vivid"}},{"type":"Feature","geometry":{"type":"Polygon","coordinates":[[[121.55325,-8.69919],[121.55326,-8.6992],[121.55325,-8.69916],[121.55325,-8.69919]]]},"properties":{"date":"2021-08-04","year":2021,"res":0.5,"name":"Vivid"}},{"type":"Feature","geometry":{"type":"Polygon","coordinates":[[[121.55325,-8.69913],[121.55325,-8.69914],[121.55325,-8.69913]]]},"properties":{"date":"2021-08-04","year":2021,"res":0.5,"name":"Vivid"}},{"type":"Feature","geometry":{"type":"Polygon","coordinates":[[[121.57059,-8.70104],[121.5733,-8.70208],[121.57777,-8.70225],[121.57919,-8.70299],[121.58408,-8.70291],[121.58589,-8.70421],[121.58997,-8.70438],[121.5935,-8.70332],[121.5944,-8.70214],[121.59667,-8.70117],[121.58936,-8.70107],[121.58573,-8.6998],[121.58024,-8.69624],[121.574,-8.69453],[121.56839,-8.6949],[121.56417,-8.69815],[121.56141,-8.69947],[121.57059,-8.70104]]]},"properties":{"date":"2021-08-04","year":2021,"res":0.5,"name":"Vivid"}},{"type":"Feature","geometry":{"type":"Polygon","coordinates":[[[121.55274,-8.65725],[121.55079,-8.66136],[121.55022,-8.6643],[121.549,-8.66545],[121.54811,-8.66828],[121.54822,-8.6735],[121.54719,-8.67643],[121.54825,-8.68097],[121.54959,-8.6819],[121.54942,-8.68332],[121.55149,-8.68594],[121.55278,-8.6956],[121.55417,-8.69083],[121.55373,-8.68664],[121.55469,-8.68097],[121.55334,-8.67606],[121.5537,-8.67341],[121.55281,-8.66659],[121.55368,-8.66004],[121.55274,-8.65725]]]},"properties":{"date":"2021-08-04","year":2021,"res":0.5,"name":"Vivid"}},{"type":"Feature","geometry":{"type":"Polygon","coordinates":[[[121.55275,-8.65197],[121.55189,-8.65467],[121.55275,-8.65719],[121.55369,-8.65586],[121.55419,-8.65248],[121.55363,-8.6436],[121.55514,-8.64014],[121.55362,-8.6357],[121.55291,-8.61356],[121.55003,-8.62247],[121.55114,-8.6249],[121.55204,-8.63124],[121.55149,-8.63392],[121.553,-8.63944],[121.55311,-8.64548],[121.55216,-8.64787],[121.55275,-8.65197]]]},"properties":{"date":"2021-08-04","year":2021,"res":0.5,"name":"Vivid"}},{"type":"Feature","geometry":{"type":"Polygon","coordinates":[[[121.62934,-8.61336],[121.62964,-8.61224],[121.63156,-8.61108],[121.63255,-8.60671],[121.63188,-8.60571],[121.63234,-8.60508],[121.63215,-8.60005],[121.6297,-8.59404],[121.6294,-8.57345],[121.62884,-8.56934],[121.63031,-8.56653],[121.63026,-8.55976],[121.63098,-8.55562],[121.63244,-8.55329],[121.63371,-8.544],[121.63365,-8.54239],[121.63249,-8.54085],[121.62961,-8.52647],[121.62601,-8.52707],[121.61923,-8.52633],[121.61564,-8.52742],[121.61411,-8.52657],[121.61365,-8.52539],[121.61319,-8.52603],[121.60686,-8.52545],[121.60466,-8.52599],[121.60048,-8.52567],[121.59899,-8.52633],[121.59668,-8.52539],[121.59553,-8.52613],[121.59278,-8.52626],[121.58027,-8.52533],[121.57657,-8.52533],[121.57467,-8.52596],[121.56909,-8.52445],[121.56597,-8.52481],[121.56587,-8.52541],[121.55273,-8.52539],[121.55273,-8.56934],[121.55419,-8.57345],[121.55428,-8.57574],[121.55616,-8.57926],[121.55507,-8.58092],[121.55398,-8.58489],[121.5543,-8.58867],[121.55522,-8.59054],[121.55497,-8.5922],[121.55595,-8.59411],[121.55536,-8.59823],[121.55642,-8.60383],[121.55587,-8.60655],[121.5533,-8.6096],[121.55273,-8.61328],[121.55945,-8.61383],[121.56131,-8.61502],[121.57327,-8.6157],[121.58642,-8.61357],[121.58871,-8.61416],[121.59222,-8.61336],[121.59668,-8.61328],[121.60484,-8.61626],[121.60879,-8.61671],[121.6126,-8.61619],[121.61697,-8.61709],[121.6214,-8.61671],[121.62939,-8.61421],[121.62934,-8.61336]]]},"properties":{"date":"2021-08-04","year":2021,"res":0.5,"name":"Vivid"}},{"type":"Feature","geometry":{"type":"Polygon","coordinates":[[[121.55256,-8.61324],[121.55256,-8.61325],[121.55261,-8.61325],[121.55256,-8.61324]]]},"properties":{"date":"2021-08-04","year":2021,"res":0.5,"name":"Vivid"}},{"type":"Feature","geometry":{"type":"Polygon","coordinates":[[[121.36627,-8.61212],[121.36736,-8.61008],[121.37001,-8.60758],[121.37065,-8.60586],[121.37164,-8.60528],[121.37226,-8.60097],[121.37008,-8.59097],[121.36867,-8.58987],[121.36629,-8.58966],[121.36484,-8.58498],[121.3634,-8.58281],[121.36369,-8.57455],[121.36328,-8.57101],[121.36227,-8.56934],[121.36398,-8.56849],[121.36491,-8.56659],[121.36518,-8.56355],[121.36452,-8.56239],[121.36513,-8.5561],[121.36491,-8.55374],[121.36278,-8.55086],[121.36251,-8.52676],[121.36234,-8.52598],[121.35601,-8.52668],[121.34911,-8.52578],[121.3481,-8.53299],[121.34891,-8.54185],[121.34826,-8.54874],[121.3488,-8.55481],[121.34813,-8.55596],[121.34879,-8.55656],[121.34809,-8.55835],[121.34855,-8.56175],[121.348,-8.56384],[121.3495,-8.56934],[121.34832,-8.56944],[121.34269,-8.57509],[121.34257,-8.57936],[121.33981,-8.58306],[121.33947,-8.58757],[121.33796,-8.58877],[121.33744,-8.59045],[121.33788,-8.59232],[121.33656,-8.5949],[121.33703,-8.5977],[121.33836,-8.60072],[121.33946,-8.60133],[121.34048,-8.60326],[121.34177,-8.60358],[121.34185,-8.60456],[121.34373,-8.60516],[121.34616,-8.60745],[121.34734,-8.61049],[121.34979,-8.61336],[121.36261,-8.61172],[121.36627,-8.61212]]]},"properties":{"date":"2021-08-25","year":2021,"res":0.31,"name":"Vivid"}},{"type":"Feature","geometry":{"type":"Polygon","coordinates":[[[121.37692,-8.61329],[121.37694,-8.61329],[121.37694,-8.61328],[121.37692,-8.61329]]]},"properties":{"date":"2021-08-25","year":2021,"res":0.31,"name":"Vivid"}},{"type":"Feature","geometry":{"type":"Polygon","coordinates":[[[121.52938,-8.6129],[121.52977,-8.61277],[121.5284,-8.61245],[121.52938,-8.6129]]]},"properties":{"date":"2021-09-01","year":2021,"res":0.31,"name":"Vivid"}},{"type":"Feature","geometry":{"type":"Polygon","coordinates":[[[121.55207,-8.61324],[121.5527,-8.61329],[121.54571,-8.61214],[121.54382,-8.61299],[121.54037,-8.61324],[121.53398,-8.61194],[121.53252,-8.61273],[121.53634,-8.61247],[121.54347,-8.61445],[121.54814,-8.61337],[121.5496,-8.61385],[121.55207,-8.61324]]]},"properties":{"date":"2021-09-01","year":2021,"res":0.31,"name":"Vivid"}},{"type":"Feature","geometry":{"type":"Polygon","coordinates":[[[121.52499,-8.61357],[121.52521,-8.61348],[121.52484,-8.61362],[121.52499,-8.61357]]]},"properties":{"date":"2021-09-01","year":2021,"res":0.31,"name":"Vivid"}},{"type":"Feature","geometry":{"type":"Polygon","coordinates":[[[121.50612,-8.61339],[121.50546,-8.61328],[121.50507,-8.61362],[121.50612,-8.61339]]]},"properties":{"date":"2021-09-01","year":2021,"res":0.31,"name":"Vivid"}},{"type":"Feature","geometry":{"type":"Polygon","coordinates":[[[121.57843,-8.48165],[121.57782,-8.48007],[121.57825,-8.47672],[121.57698,-8.47179],[121.5784,-8.46617],[121.577,-8.45261],[121.57774,-8.44972],[121.57742,-8.44117],[121.57847,-8.4375],[121.56596,-8.4375],[121.5645,-8.44616],[121.56357,-8.46241],[121.56294,-8.46369],[121.56383,-8.47546],[121.566,-8.48144],[121.56531,-8.48359],[121.56399,-8.49673],[121.56502,-8.50582],[121.56549,-8.51717],[121.56511,-8.52058],[121.56597,-8.52481],[121.56934,-8.52448],[121.57467,-8.52596],[121.57846,-8.52539],[121.57665,-8.51882],[121.57602,-8.51195],[121.57487,-8.50817],[121.57587,-8.50575],[121.5766,-8.50018],[121.57545,-8.49727],[121.5755,-8.49518],[121.57843,-8.48165]]]},"properties":{"date":"2021-09-01","year":2021,"res":0.31,"name":"Vivid"}},{"type":"Feature","geometry":{"type":"Polygon","coordinates":[[[121.55274,-8.61325],[121.55274,-8.61327],[121.55274,-8.61325]]]},"properties":{"date":"2021-09-01","year":2021,"res":0.31,"name":"Vivid"}},{"type":"Feature","geometry":{"type":"Polygon","coordinates":[[[121.55274,-8.56937],[121.55274,-8.56934],[121.55273,-8.56934],[121.55274,-8.56937]]]},"properties":{"date":"2021-09-01","year":2021,"res":0.31,"name":"Vivid"}},{"type":"Feature","geometry":{"type":"Polygon","coordinates":[[[121.55277,-8.52594],[121.55277,-8.526],[121.55277,-8.52601],[121.55277,-8.52594]]]},"properties":{"date":"2021-09-01","year":2021,"res":0.31,"name":"Vivid"}},{"type":"Feature","geometry":{"type":"Polygon","coordinates":[[[121.55277,-8.5259],[121.55276,-8.5259],[121.55277,-8.5259]]]},"properties":{"date":"2021-09-01","year":2021,"res":0.31,"name":"Vivid"}},{"type":"Feature","geometry":{"type":"Polygon","coordinates":[[[121.55277,-8.52587],[121.55276,-8.52578],[121.55275,-8.52582],[121.55277,-8.52587]]]},"properties":{"date":"2021-09-01","year":2021,"res":0.31,"name":"Vivid"}},{"type":"Feature","geometry":{"type":"Polygon","coordinates":[[[121.55276,-8.52577],[121.55277,-8.52577],[121.55276,-8.52577]]]},"properties":{"date":"2021-09-01","year":2021,"res":0.31,"name":"Vivid"}},{"type":"Feature","geometry":{"type":"Polygon","coordinates":[[[121.55273,-8.52539],[121.55274,-8.52541],[121.55274,-8.52539],[121.55273,-8.52539]]]},"properties":{"date":"2021-09-01","year":2021,"res":0.31,"name":"Vivid"}},{"type":"Feature","geometry":{"type":"Polygon","coordinates":[[[121.55279,-8.52608],[121.55279,-8.5261],[121.55279,-8.52608]]]},"properties":{"date":"2021-09-01","year":2021,"res":0.31,"name":"Vivid"}},{"type":"Feature","geometry":{"type":"Polygon","coordinates":[[[121.55278,-8.52605],[121.55278,-8.52606],[121.55279,-8.52606],[121.55278,-8.52605]]]},"properties":{"date":"2021-09-01","year":2021,"res":0.31,"name":"Vivid"}},{"type":"Feature","geometry":{"type":"Polygon","coordinates":[[[121.55277,-8.52604],[121.55278,-8.52604],[121.55277,-8.52604]]]},"properties":{"date":"2021-09-01","year":2021,"res":0.31,"name":"Vivid"}},{"type":"Feature","geometry":{"type":"Polygon","coordinates":[[[121.55277,-8.52603],[121.55277,-8.52604],[121.55277,-8.52603]]]},"properties":{"date":"2021-09-01","year":2021,"res":0.31,"name":"Vivid"}},{"type":"Feature","geometry":{"type":"Polygon","coordinates":[[[121.33656,-8.59489],[121.33657,-8.5949],[121.33657,-8.59489],[121.33656,-8.59489]]]},"properties":{"date":"2021-10-09","year":2021,"res":0.46,"name":"Vivid"}},{"type":"Feature","geometry":{"type":"Polygon","coordinates":[[[121.33663,-8.59455],[121.33664,-8.59457],[121.33665,-8.59455],[121.33663,-8.59455]]]},"properties":{"date":"2021-10-09","year":2021,"res":0.46,"name":"Vivid"}},{"type":"Feature","geometry":{"type":"Polygon","coordinates":[[[121.33665,-8.59455],[121.33665,-8.59454],[121.33665,-8.59455]]]},"properties":{"date":"2021-10-09","year":2021,"res":0.46,"name":"Vivid"}},{"type":"Feature","geometry":{"type":"Polygon","coordinates":[[[121.33666,-8.59452],[121.33665,-8.59451],[121.33665,-8.59452],[121.33666,-8.59452]]]},"properties":{"date":"2021-10-09","year":2021,"res":0.46,"name":"Vivid"}},{"type":"Feature","geometry":{"type":"Polygon","coordinates":[[[121.33783,-8.58926],[121.33693,-8.58994],[121.33763,-8.59231],[121.33666,-8.59449],[121.33788,-8.59232],[121.33742,-8.59057],[121.33783,-8.58926]]]},"properties":{"date":"2021-10-09","year":2021,"res":0.46,"name":"Vivid"}},{"type":"Feature","geometry":{"type":"Polygon","coordinates":[[[121.3379,-8.58896],[121.3379,-8.58898],[121.33791,-8.58897],[121.3379,-8.58896]]]},"properties":{"date":"2021-10-09","year":2021,"res":0.46,"name":"Vivid"}},{"type":"Feature","geometry":{"type":"Polygon","coordinates":[[[121.33812,-8.58856],[121.33811,-8.58866],[121.33819,-8.58854],[121.33812,-8.58856]]]},"properties":{"date":"2021-10-09","year":2021,"res":0.46,"name":"Vivid"}},{"type":"Feature","geometry":{"type":"Polygon","coordinates":[[[121.34927,-8.56941],[121.348,-8.56384],[121.34855,-8.56175],[121.34809,-8.55835],[121.34879,-8.55656],[121.34813,-8.55596],[121.3488,-8.55481],[121.34826,-8.54874],[121.34891,-8.54185],[121.3481,-8.53299],[121.34911,-8.52578],[121.34311,-8.52579],[121.34313,-8.54164],[121.34247,-8.54649],[121.34287,-8.54836],[121.34119,-8.55379],[121.34178,-8.55521],[121.34131,-8.55597],[121.34186,-8.55973],[121.34042,-8.56208],[121.34326,-8.56934],[121.3415,-8.57177],[121.34117,-8.5742],[121.33962,-8.57725],[121.33951,-8.5844],[121.34113,-8.58085],[121.34257,-8.57936],[121.34269,-8.57509],[121.34832,-8.56944],[121.34927,-8.56941]]]},"properties":{"date":"2021-10-09","year":2021,"res":0.46,"name":"Vivid"}},{"type":"Feature","geometry":{"type":"Polygon","coordinates":[[[121.62943,-8.61417],[121.62943,-8.61418],[121.62943,-8.61417]]]},"properties":{"date":"2022-07-05","year":2022,"res":0.46,"name":"Vivid"}},{"type":"Feature","geometry":{"type":"Polygon","coordinates":[[[121.62943,-8.61417],[121.62944,-8.61417],[121.62943,-8.61417]]]},"properties":{"date":"2022-07-05","year":2022,"res":0.46,"name":"Vivid"}},{"type":"Feature","geometry":{"type":"Polygon","coordinates":[[[121.62944,-8.61397],[121.63638,-8.61401],[121.64062,-8.61328],[121.64062,-8.52534],[121.63951,-8.52454],[121.63787,-8.51708],[121.63579,-8.51303],[121.63416,-8.50056],[121.63442,-8.49167],[121.63563,-8.49062],[121.63662,-8.4879],[121.63734,-8.4877],[121.63774,-8.48594],[121.64062,-8.48534],[121.64062,-8.48005],[121.6378,-8.48118],[121.62915,-8.48142],[121.63053,-8.49239],[121.63156,-8.49477],[121.63132,-8.49879],[121.63236,-8.50451],[121.63238,-8.50929],[121.63176,-8.51124],[121.63174,-8.51572],[121.6308,-8.51771],[121.63083,-8.51951],[121.62975,-8.52095],[121.62912,-8.52539],[121.63006,-8.52761],[121.63211,-8.53913],[121.63378,-8.54278],[121.63327,-8.5503],[121.63255,-8.55135],[121.63244,-8.55329],[121.63098,-8.55562],[121.63026,-8.55976],[121.63031,-8.56653],[121.62884,-8.56934],[121.6294,-8.57345],[121.6297,-8.59404],[121.63215,-8.60005],[121.63234,-8.60508],[121.63188,-8.60571],[121.63255,-8.60671],[121.63156,-8.61108],[121.62964,-8.61224],[121.62944,-8.61397]]]},"properties":{"date":"2022-07-05","year":2022,"res":0.46,"name":"Vivid"}},{"type":"Feature","geometry":{"type":"Polygon","coordinates":[[[121.64041,-8.70125],[121.64062,-8.61328],[121.63638,-8.61401],[121.63187,-8.61375],[121.6214,-8.61671],[121.61697,-8.61709],[121.6126,-8.61619],[121.60879,-8.61671],[121.60484,-8.61626],[121.59668,-8.61328],[121.59222,-8.61336],[121.58871,-8.61416],[121.58642,-8.61357],[121.57318,-8.6157],[121.56131,-8.61502],[121.55945,-8.61383],[121.55273,-8.61328],[121.5533,-8.6142],[121.55362,-8.6357],[121.55514,-8.64014],[121.55363,-8.6436],[121.55419,-8.65248],[121.55369,-8.65586],[121.55274,-8.65725],[121.55368,-8.66004],[121.55281,-8.66659],[121.5537,-8.67341],[121.55334,-8.67606],[121.55469,-8.68097],[121.55373,-8.68664],[121.55417,-8.69083],[121.55277,-8.69443],[121.55343,-8.69728],[121.55273,-8.70117],[121.55724,-8.70128],[121.56417,-8.69815],[121.56722,-8.69542],[121.57113,-8.69444],[121.574,-8.69453],[121.58024,-8.69624],[121.58573,-8.6998],[121.58971,-8.70115],[121.60992,-8.70162],[121.62073,-8.7038],[121.62259,-8.70288],[121.62495,-8.70284],[121.62686,-8.70148],[121.64041,-8.70125]]]},"properties":{"date":"2023-08-18","year":2023,"res":0.46,"name":"Vivid"}},{"type":"Feature","geometry":{"type":"Polygon","coordinates":[[[121.55255,-8.61323],[121.5533,-8.6096],[121.55587,-8.60655],[121.55642,-8.60398],[121.55536,-8.59823],[121.55595,-8.59411],[121.55497,-8.5922],[121.55522,-8.59054],[121.5543,-8.58867],[121.55398,-8.58489],[121.55507,-8.58092],[121.55616,-8.57926],[121.55428,-8.57574],[121.55419,-8.57345],[121.55273,-8.56934],[121.55274,-8.52541],[121.52846,-8.52574],[121.52839,-8.59308],[121.52749,-8.59911],[121.52825,-8.60265],[121.52789,-8.60531],[121.52836,-8.60609],[121.5284,-8.61245],[121.53199,-8.61311],[121.53398,-8.61194],[121.54037,-8.61324],[121.54382,-8.61299],[121.54571,-8.61214],[121.55255,-8.61323]]]},"properties":{"date":"2023-08-18","year":2023,"res":0.46,"name":"Vivid"}},{"type":"Feature","geometry":{"type":"Polygon","coordinates":[[[121.51542,-8.61577],[121.51525,-8.61578],[121.51558,-8.61579],[121.51542,-8.61577]]]},"properties":{"date":"2023-08-18","year":2023,"res":0.46,"name":"Vivid"}},{"type":"Feature","geometry":{"type":"Polygon","coordinates":[[[121.51395,-8.61558],[121.51391,-8.61559],[121.51395,-8.6156],[121.51395,-8.61558]]]},"properties":{"date":"2023-08-18","year":2023,"res":0.46,"name":"Vivid"}},{"type":"Feature","geometry":{"type":"Polygon","coordinates":[[[121.5139,-8.61559],[121.51389,-8.61559],[121.5139,-8.61559]]]},"properties":{"date":"2023-08-18","year":2023,"res":0.46,"name":"Vivid"}},{"type":"Feature","geometry":{"type":"Polygon","coordinates":[[[121.51155,-8.61478],[121.51153,-8.61479],[121.51157,-8.61478],[121.51155,-8.61478]]]},"properties":{"date":"2023-08-18","year":2023,"res":0.46,"name":"Vivid"}},{"type":"Feature","geometry":{"type":"Polygon","coordinates":[[[121.51126,-8.61491],[121.51152,-8.6148],[121.51029,-8.61443],[121.51126,-8.61491]]]},"properties":{"date":"2023-08-18","year":2023,"res":0.46,"name":"Vivid"}},{"type":"Feature","geometry":{"type":"Polygon","coordinates":[]},"properties":{"date":"2023-08-18","year":2023,"res":0.46,"name":"Vivid"}},{"type":"Feature","geometry":{"type":"Polygon","coordinates":[[[121.50882,-8.61329],[121.50882,-8.61331],[121.50882,-8.61329]]]},"properties":{"date":"2023-08-18","year":2023,"res":0.46,"name":"Vivid"}},{"type":"Feature","geometry":{"type":"Polygon","coordinates":[[[121.50874,-8.61328],[121.50874,-8.61329],[121.50878,-8.61328],[121.50874,-8.61328]]]},"properties":{"date":"2023-08-18","year":2023,"res":0.46,"name":"Vivid"}},{"type":"Feature","geometry":{"type":"Polygon","coordinates":[[[121.29299,-8.43796],[121.2926,-8.43758],[121.28909,-8.4375],[121.29299,-8.43796]]]},"properties":{"date":"2023-09-09","year":2023,"res":0.46,"name":"Vivid"}},{"type":"Feature","geometry":{"type":"Polygon","coordinates":[[[121.31173,-8.43747],[121.31368,-8.4372],[121.31274,-8.4372],[121.31249,-8.43652],[121.31173,-8.43747]]]},"properties":{"date":"2023-09-09","year":2023,"res":0.46,"name":"Vivid"}},{"type":"Feature","geometry":{"type":"Polygon","coordinates":[[[121.28908,-8.4375],[121.28907,-8.4375],[121.28908,-8.4375]]]},"properties":{"date":"2023-09-09","year":2023,"res":0.46,"name":"Vivid"}},{"type":"Feature","geometry":{"type":"Polygon","coordinates":[[[121.31517,-8.4371],[121.31518,-8.4371],[121.31517,-8.4371]]]},"properties":{"date":"2023-09-09","year":2023,"res":0.46,"name":"Vivid"}},{"type":"Feature","geometry":{"type":"Polygon","coordinates":[[[121.315,-8.43713],[121.31476,-8.43673],[121.31384,-8.4372],[121.315,-8.43713]]]},"properties":{"date":"2023-09-09","year":2023,"res":0.46,"name":"Vivid"}},{"type":"Feature","geometry":{"type":"Polygon","coordinates":[[[121.31653,-8.437],[121.31631,-8.43677],[121.3152,-8.4371],[121.31653,-8.437]]]},"properties":{"date":"2023-09-09","year":2023,"res":0.46,"name":"Vivid"}},{"type":"Feature","geometry":{"type":"Polygon","coordinates":[[[121.31169,-8.48136],[121.31733,-8.48141],[121.31785,-8.47677],[121.31928,-8.47648],[121.31983,-8.47546],[121.31812,-8.47285],[121.31968,-8.44593],[121.31906,-8.43984],[121.31653,-8.437],[121.31218,-8.43796],[121.31138,-8.44957],[121.3104,-8.45336],[121.3099,-8.46314],[121.31019,-8.4744],[121.30843,-8.47601],[121.31018,-8.48118],[121.31169,-8.48136]]]},"properties":{"date":"2023-09-20","year":2023,"res":0.5,"name":"Vivid"}},{"type":"Feature","geometry":{"type":"Polygon","coordinates":[[[121.64044,-8.52534],[121.64062,-8.48529],[121.63774,-8.48594],[121.63734,-8.4877],[121.63662,-8.4879],[121.63563,-8.49062],[121.63442,-8.49167],[121.63416,-8.50056],[121.63579,-8.51303],[121.63787,-8.51708],[121.63951,-8.52454],[121.64044,-8.52534]]]},"properties":{"date":"2024-08-31","year":2024,"res":0.31,"name":"Vivid"}},{"type":"Feature","geometry":{"type":"Polygon","coordinates":[[[121.34386,-8.52534],[121.34311,-8.52579],[121.35042,-8.52581],[121.35601,-8.52668],[121.36234,-8.52598],[121.36213,-8.52539],[121.35853,-8.5249],[121.34386,-8.52534]]]},"properties":{"date":"2024-12-25","year":2024,"res":0.31,"name":"Vivid"}},{"type":"Feature","geometry":{"type":"Polygon","coordinates":[[[121.31735,-8.48119],[121.33301,-8.47935],[121.3422,-8.48057],[121.35164,-8.48084],[121.35171,-8.40717],[121.3336,-8.40717],[121.3332,-8.41065],[121.33507,-8.4133],[121.33394,-8.41498],[121.33372,-8.42229],[121.33311,-8.424],[121.33362,-8.42548],[121.33304,-8.42775],[121.33357,-8.42883],[121.33359,-8.43343],[121.33425,-8.43473],[121.33386,-8.43638],[121.33511,-8.4375],[121.33296,-8.4375],[121.33222,-8.43651],[121.33063,-8.43694],[121.32743,-8.43638],[121.32665,-8.43575],[121.32409,-8.4368],[121.32273,-8.43646],[121.32132,-8.43709],[121.32032,-8.43622],[121.31716,-8.4369],[121.31709,-8.43772],[121.31906,-8.43984],[121.31983,-8.4489],[121.31812,-8.47285],[121.31983,-8.47546],[121.31928,-8.47648],[121.31785,-8.47677],[121.31735,-8.48119]]]},"properties":{"date":"2024-12-25","year":2024,"res":0.31,"name":"Vivid"}},{"type":"Feature","geometry":{"type":"Polygon","coordinates":[[[121.55226,-8.52542],[121.56602,-8.52539],[121.56511,-8.52058],[121.56549,-8.51717],[121.56502,-8.50582],[121.56399,-8.49673],[121.56531,-8.48359],[121.566,-8.48144],[121.56383,-8.47546],[121.56294,-8.46369],[121.56357,-8.46241],[121.5645,-8.44616],[121.56596,-8.4375],[121.5286,-8.4375],[121.52846,-8.52574],[121.55226,-8.52542]]]},"properties":{"date":"2024-12-25","year":2024,"res":0.31,"name":"Vivid"}},{"type":"Feature","geometry":{"type":"Polygon","coordinates":[[[121.50302,-8.61325],[121.50878,-8.61328],[121.50921,-8.61445],[121.51619,-8.61603],[121.525,-8.61346],[121.52844,-8.61328],[121.52836,-8.60609],[121.52789,-8.60531],[121.52825,-8.60265],[121.52749,-8.59911],[121.52839,-8.59308],[121.5286,-8.4375],[121.44867,-8.4375],[121.44865,-8.48275],[121.46485,-8.48231],[121.46539,-8.48275],[121.46541,-8.51974],[121.46485,-8.52539],[121.50312,-8.52539],[121.50293,-8.56165],[121.50243,-8.56585],[121.50157,-8.56701],[121.50246,-8.56927],[121.50308,-8.56937],[121.50213,-8.57043],[121.50194,-8.57443],[121.50003,-8.57595],[121.50036,-8.58076],[121.4996,-8.58161],[121.49891,-8.58638],[121.49763,-8.58742],[121.49559,-8.59284],[121.49712,-8.6035],[121.49915,-8.60682],[121.50013,-8.611],[121.50302,-8.61325]]]},"properties":{"date":"2025-02-17","year":2025,"res":0.34,"name":"Vivid"}},{"type":"Feature","geometry":{"type":"Polygon","coordinates":[[[121.46496,-8.61324],[121.46583,-8.61976],[121.46722,-8.62195],[121.46704,-8.62444],[121.46835,-8.62839],[121.46833,-8.63337],[121.46924,-8.63539],[121.46934,-8.63751],[121.4683,-8.63953],[121.46919,-8.64223],[121.46862,-8.64446],[121.46906,-8.64773],[121.46845,-8.64906],[121.46855,-8.65168],[121.46747,-8.65385],[121.46601,-8.6546],[121.46485,-8.65719],[121.46621,-8.6608],[121.46584,-8.66986],[121.46705,-8.6753],[121.4661,-8.67806],[121.46677,-8.69038],[121.46485,-8.70117],[121.46715,-8.70196],[121.46767,-8.70276],[121.47124,-8.70322],[121.47283,-8.70442],[121.47547,-8.7051],[121.4802,-8.70192],[121.48415,-8.70126],[121.48829,-8.70143],[121.49045,-8.70017],[121.49184,-8.7011],[121.4993,-8.70027],[121.50177,-8.701],[121.50443,-8.70047],[121.50749,-8.70117],[121.50628,-8.69621],[121.50245,-8.69076],[121.5019,-8.68797],[121.50229,-8.6812],[121.50462,-8.67619],[121.50556,-8.67539],[121.50574,-8.67397],[121.50496,-8.66118],[121.50577,-8.65723],[121.504,-8.65311],[121.50244,-8.65188],[121.50022,-8.64445],[121.49709,-8.64032],[121.49933,-8.63159],[121.50363,-8.62938],[121.50344,-8.62741],[121.50431,-8.62455],[121.50418,-8.6207],[121.50361,-8.61979],[121.50546,-8.61328],[121.50303,-8.61328],[121.50175,-8.61483],[121.49355,-8.61478],[121.49179,-8.61531],[121.48648,-8.6146],[121.48272,-8.61526],[121.47882,-8.61364],[121.47559,-8.61404],[121.4695,-8.61348],[121.46759,-8.61276],[121.46496,-8.61324]]]},"properties":{"date":"2025-07-03","year":2025,"res":0.34,"name":"Vivid"}},{"type":"Feature","geometry":{"type":"Polygon","coordinates":[[[121.4649,-8.56946],[121.46378,-8.56553],[121.46424,-8.56341],[121.46485,-8.52539],[121.41234,-8.52536],[121.4114,-8.52474],[121.40521,-8.52443],[121.40487,-8.525],[121.40199,-8.52539],[121.40267,-8.53358],[121.4051,-8.54059],[121.40484,-8.54646],[121.40269,-8.54922],[121.40268,-8.56731],[121.40205,-8.56934],[121.40272,-8.57209],[121.40241,-8.57518],[121.40333,-8.57828],[121.4033,-8.58199],[121.40542,-8.5858],[121.40577,-8.59044],[121.40728,-8.59257],[121.40766,-8.59367],[121.40721,-8.59441],[121.40807,-8.59535],[121.40826,-8.60137],[121.40702,-8.60743],[121.40323,-8.61229],[121.40312,-8.61328],[121.40946,-8.61324],[121.41146,-8.61229],[121.41782,-8.61168],[121.43158,-8.61763],[121.43464,-8.61673],[121.43678,-8.61468],[121.43807,-8.61443],[121.44045,-8.61438],[121.44314,-8.61654],[121.45307,-8.61825],[121.45613,-8.61727],[121.46002,-8.6171],[121.46098,-8.61597],[121.46302,-8.61561],[121.46485,-8.61328],[121.46569,-8.60783],[121.46486,-8.59711],[121.46679,-8.58948],[121.46668,-8.58114],[121.4649,-8.56946]]]},"properties":{"date":"2025-07-31","year":2025,"res":0.34,"name":"Vivid"}},{"type":"Feature","geometry":{"type":"Polygon","coordinates":[[[121.50278,-8.56941],[121.50157,-8.56701],[121.50243,-8.56585],[121.50293,-8.56165],[121.50312,-8.52539],[121.46485,-8.52539],[121.46424,-8.56341],[121.46378,-8.56553],[121.46576,-8.57328],[121.46668,-8.58114],[121.46679,-8.58948],[121.46486,-8.59711],[121.46579,-8.60629],[121.46485,-8.61328],[121.46759,-8.61276],[121.4695,-8.61348],[121.47559,-8.61404],[121.47882,-8.61364],[121.48272,-8.61526],[121.48648,-8.6146],[121.49179,-8.61531],[121.5024,-8.61445],[121.50299,-8.61304],[121.50013,-8.611],[121.49915,-8.60682],[121.49712,-8.6035],[121.49559,-8.59284],[121.49763,-8.58742],[121.49906,-8.5859],[121.49948,-8.58214],[121.50048,-8.57955],[121.50003,-8.57595],[121.50194,-8.57443],[121.50213,-8.57043],[121.50278,-8.56941]]]},"properties":{"date":"2025-08-03","year":2025,"res":0.34,"name":"Vivid"}},{"type":"Feature","geometry":{"type":"Polygon","coordinates":[[[121.37697,-8.51368],[121.40335,-8.5131],[121.4209,-8.51432],[121.43104,-8.51421],[121.43743,-8.5136],[121.44207,-8.51143],[121.44389,-8.50747],[121.44499,-8.50667],[121.44526,-8.50543],[121.44743,-8.50261],[121.44854,-8.49931],[121.44867,-8.4375],[121.37696,-8.4375],[121.37696,-8.40717],[121.35171,-8.40717],[121.35161,-8.48084],[121.37697,-8.48285],[121.37697,-8.51368]]]},"properties":{"date":"2025-09-01","year":2025,"res":0.34,"name":"Vivid"}},{"type":"Feature","geometry":{"type":"Polygon","coordinates":[[[121.36448,-8.61323],[121.36499,-8.61386],[121.36852,-8.61459],[121.37158,-8.61468],[121.37511,-8.61428],[121.37694,-8.61328],[121.37808,-8.61382],[121.38004,-8.61332],[121.38148,-8.61401],[121.38657,-8.61359],[121.38816,-8.61434],[121.39739,-8.61402],[121.39859,-8.61466],[121.39946,-8.61426],[121.40049,-8.61506],[121.40308,-8.61337],[121.40323,-8.61229],[121.40702,-8.60743],[121.40826,-8.60137],[121.40807,-8.59535],[121.40721,-8.59441],[121.40766,-8.59367],[121.40728,-8.59257],[121.40577,-8.59044],[121.40542,-8.5858],[121.4033,-8.58199],[121.40333,-8.57828],[121.40241,-8.57518],[121.40272,-8.57209],[121.40205,-8.56934],[121.40268,-8.56731],[121.40269,-8.54922],[121.40484,-8.54646],[121.4051,-8.54059],[121.40267,-8.53358],[121.40199,-8.52539],[121.40487,-8.525],[121.40521,-8.52443],[121.4114,-8.52474],[121.41234,-8.52536],[121.46485,-8.52539],[121.46541,-8.51974],[121.46539,-8.48275],[121.46485,-8.48231],[121.44868,-8.48276],[121.44854,-8.49931],[121.44743,-8.50261],[121.44526,-8.50543],[121.44499,-8.50667],[121.44389,-8.50747],[121.44304,-8.51024],[121.44095,-8.51235],[121.43606,-8.51391],[121.42844,-8.51429],[121.40335,-8.5131],[121.37704,-8.51372],[121.3778,-8.52105],[121.37739,-8.5252],[121.36213,-8.52539],[121.36278,-8.55086],[121.36491,-8.55374],[121.36513,-8.5561],[121.36452,-8.56239],[121.36518,-8.56355],[121.36491,-8.56659],[121.36398,-8.56849],[121.36227,-8.56934],[121.36328,-8.57101],[121.36369,-8.57455],[121.3634,-8.58281],[121.36484,-8.58498],[121.36629,-8.58966],[121.36867,-8.58987],[121.37008,-8.59097],[121.37226,-8.60097],[121.37164,-8.60528],[121.36731,-8.61015],[121.36643,-8.61223],[121.36448,-8.61323]]]},"properties":{"date":"2025-10-17","year":2025,"res":0.31,"name":"Vivid"}},{"type":"Feature","geometry":{"type":"Polygon","coordinates":[[[121.35955,-8.48155],[121.3422,-8.48057],[121.33301,-8.47935],[121.31742,-8.48142],[121.31049,-8.48142],[121.30833,-8.48099],[121.30741,-8.48016],[121.30506,-8.48027],[121.30212,-8.47943],[121.30005,-8.47786],[121.29681,-8.47788],[121.28907,-8.4759],[121.28592,-8.47881],[121.28429,-8.47842],[121.28271,-8.4793],[121.28122,-8.47867],[121.27902,-8.47921],[121.2765,-8.48141],[121.27412,-8.48142],[121.27081,-8.47887],[121.26728,-8.47893],[121.26647,-8.47756],[121.2634,-8.47645],[121.25992,-8.47658],[121.2555,-8.47802],[121.25178,-8.47837],[121.24956,-8.47741],[121.24865,-8.47615],[121.24706,-8.4758],[121.24509,-8.47242],[121.24509,-8.47547],[121.24247,-8.47969],[121.24203,-8.48282],[121.24246,-8.4868],[121.24389,-8.48812],[121.24465,-8.49039],[121.24439,-8.49399],[121.24499,-8.49722],[121.24385,-8.49968],[121.24357,-8.50263],[121.24451,-8.50915],[121.24301,-8.51344],[121.24375,-8.52355],[121.24253,-8.52539],[121.25143,-8.5253],[121.25232,-8.52466],[121.25373,-8.52503],[121.25815,-8.52449],[121.26141,-8.52562],[121.26828,-8.52563],[121.28168,-8.52773],[121.28203,-8.52687],[121.28347,-8.52713],[121.28418,-8.52635],[121.28511,-8.5265],[121.28538,-8.52563],[121.28787,-8.52613],[121.28908,-8.52539],[121.28925,-8.52635],[121.29807,-8.52926],[121.29804,-8.5302],[121.30223,-8.53869],[121.3038,-8.54082],[121.31379,-8.54218],[121.32914,-8.53094],[121.33161,-8.53002],[121.3321,-8.52694],[121.3338,-8.52495],[121.37714,-8.52534],[121.3778,-8.52105],[121.37694,-8.51372],[121.37697,-8.48285],[121.35955,-8.48155]]]},"properties":{"date":"2025-10-17","year":2025,"res":0.31,"name":"Vivid"}},{"type":"Feature","geometry":{"type":"Polygon","coordinates":[[[121.33366,-8.4071],[121.35171,-8.40717],[121.35171,-8.34961],[121.33505,-8.34961],[121.3344,-8.35114],[121.33424,-8.36304],[121.33357,-8.36647],[121.33443,-8.36824],[121.33339,-8.37404],[121.3345,-8.37723],[121.33413,-8.37958],[121.335,-8.38193],[121.33427,-8.3865],[121.33508,-8.39355],[121.33366,-8.4071]]]},"properties":{"date":"2024-12-25","year":2024,"res":0.31,"name":"Vivid"}},{"type":"Feature","geometry":{"type":"Polygon","coordinates":[[[121.35173,-8.40609],[121.35171,-8.40717],[121.37696,-8.40717],[121.37696,-8.34961],[121.35171,-8.34961],[121.35173,-8.40609]]]},"properties":{"date":"2025-09-01","year":2025,"res":0.34,"name":"Vivid"}},{"type":"Feature","geometry":{"type":"Polygon","coordinates":[[[121.79714,-8.70117],[121.79819,-8.69934],[121.79652,-8.69943],[121.79714,-8.70117]]]},"properties":{"date":"2017-08-22","year":2017,"res":0.5,"name":"Vivid"}},{"type":"Feature","geometry":{"type":"Polygon","coordinates":[[[121.79864,-8.69929],[121.79865,-8.69929],[121.79864,-8.69929]]]},"properties":{"date":"2017-08-22","year":2017,"res":0.5,"name":"Vivid"}},{"type":"Feature","geometry":{"type":"Polygon","coordinates":[[[121.99148,-8.614],[121.99199,-8.61412],[121.99216,-8.61334],[121.99148,-8.614]]]},"properties":{"date":"2018-07-30","year":2018,"res":0.31,"name":"Vivid"}},{"type":"Feature","geometry":{"type":"Polygon","coordinates":[[[121.99261,-8.6142],[121.99265,-8.61374],[121.99241,-8.61361],[121.99261,-8.6142]]]},"properties":{"date":"2018-07-30","year":2018,"res":0.31,"name":"Vivid"}},{"type":"Feature","geometry":{"type":"Polygon","coordinates":[[[122.26825,-8.44567],[122.2657,-8.44459],[122.26345,-8.44103],[122.25586,-8.4375],[122.25589,-8.47314],[122.26023,-8.47312],[122.26589,-8.47193],[122.26725,-8.45948],[122.26825,-8.45649],[122.26825,-8.44567]]]},"properties":{"date":"2019-10-17","year":2019,"res":0.5,"name":"Vivid"}},{"type":"Feature","geometry":{"type":"Polygon","coordinates":[[[121.64923,-8.47689],[121.67301,-8.47889],[121.68241,-8.47856],[121.68366,-8.47737],[121.68377,-8.47538],[121.68262,-8.46618],[121.68109,-8.46196],[121.67328,-8.44969],[121.6685,-8.44798],[121.66498,-8.44556],[121.65847,-8.44423],[121.65665,-8.44023],[121.65303,-8.43809],[121.64062,-8.4375],[121.64062,-8.47389],[121.64607,-8.47529],[121.64923,-8.47689]]]},"properties":{"date":"2019-12-13","year":2019,"res":0.5,"name":"Vivid"}},{"type":"Feature","geometry":{"type":"Polygon","coordinates":[[[121.64101,-8.47396],[121.64076,-8.48015],[121.64456,-8.48109],[121.64798,-8.4793],[121.64836,-8.47818],[121.64962,-8.47747],[121.64973,-8.47699],[121.6475,-8.47642],[121.64659,-8.4755],[121.64101,-8.47396]]]},"properties":{"date":"2020-04-26","year":2020,"res":0.46,"name":"Vivid"}},{"type":"Feature","geometry":{"type":"Polygon","coordinates":[[[121.8603,-8.70116],[121.86027,-8.70113],[121.86028,-8.70116],[121.8603,-8.70116]]]},"properties":{"date":"2020-09-04","year":2020,"res":0.5,"name":"Vivid"}},{"type":"Feature","geometry":{"type":"Polygon","coordinates":[[[121.84107,-8.69635],[121.84113,-8.69633],[121.84108,-8.69633],[121.84107,-8.69635]]]},"properties":{"date":"2020-09-04","year":2020,"res":0.5,"name":"Vivid"}},{"type":"Feature","geometry":{"type":"Polygon","coordinates":[[[121.84867,-8.69596],[121.84877,-8.69599],[121.84876,-8.69596],[121.84867,-8.69596]]]},"properties":{"date":"2020-09-04","year":2020,"res":0.5,"name":"Vivid"}},{"type":"Feature","geometry":{"type":"Polygon","coordinates":[[[121.8485,-8.69585],[121.84854,-8.69595],[121.84863,-8.69597],[121.8485,-8.69585]]]},"properties":{"date":"2020-09-04","year":2020,"res":0.5,"name":"Vivid"}},{"type":"Feature","geometry":{"type":"Polygon","coordinates":[[[121.84828,-8.69576],[121.8485,-8.69585],[121.84844,-8.69577],[121.84828,-8.69576]]]},"properties":{"date":"2020-09-04","year":2020,"res":0.5,"name":"Vivid"}},{"type":"Feature","geometry":{"type":"Polygon","coordinates":[[[121.84788,-8.69564],[121.84802,-8.69565],[121.84786,-8.6956],[121.84788,-8.69564]]]},"properties":{"date":"2020-09-04","year":2020,"res":0.5,"name":"Vivid"}},{"type":"Feature","geometry":{"type":"Polygon","coordinates":[[[121.9887,-8.6136],[121.9914,-8.61405],[121.99433,-8.61274],[121.99609,-8.60493],[121.99554,-8.5929],[121.99744,-8.59007],[121.99705,-8.58307],[121.99828,-8.57618],[121.99676,-8.57135],[121.99536,-8.56934],[121.99614,-8.56833],[121.99588,-8.56552],[121.9984,-8.55511],[121.99895,-8.54756],[121.99792,-8.54614],[121.99729,-8.54197],[121.99767,-8.53963],[121.99846,-8.53929],[121.99902,-8.53753],[121.99873,-8.53317],[121.99677,-8.53128],[121.99735,-8.53806],[121.99575,-8.54636],[121.99622,-8.54884],[121.99584,-8.5539],[121.9949,-8.55874],[121.99322,-8.56192],[121.99356,-8.56867],[121.99426,-8.56934],[121.99362,-8.57547],[121.9929,-8.5773],[121.99324,-8.57949],[121.99248,-8.58331],[121.99223,-8.59092],[121.99108,-8.59657],[121.98663,-8.60493],[121.9871,-8.60918],[121.98992,-8.61328],[121.9887,-8.6136]]]},"properties":{"date":"2020-09-04","year":2020,"res":0.5,"name":"Vivid"}},{"type":"Feature","geometry":{"type":"Polygon","coordinates":[[[121.99219,-8.61331],[121.99219,-8.61329],[121.99219,-8.61329],[121.99219,-8.61331]]]},"properties":{"date":"2020-09-04","year":2020,"res":0.5,"name":"Vivid"}},{"type":"Feature","geometry":{"type":"Polygon","coordinates":[[[122.32758,-8.48688],[122.32669,-8.48977],[122.33181,-8.48819],[122.33452,-8.48644],[122.33826,-8.48556],[122.34044,-8.48258],[122.33414,-8.48303],[122.33052,-8.48654],[122.32758,-8.48688]]]},"properties":{"date":"2020-09-23","year":2020,"res":0.5,"name":"Vivid"}},{"type":"Feature","geometry":{"type":"Polygon","coordinates":[[[122.26987,-8.48151],[122.29159,-8.48101],[122.2998,-8.47986],[122.30408,-8.48071],[122.31603,-8.48058],[122.32037,-8.47944],[122.32317,-8.47651],[122.33196,-8.47451],[122.33277,-8.47422],[122.33291,-8.47345],[122.3232,-8.47277],[122.31484,-8.4731],[122.31216,-8.47396],[122.28367,-8.47513],[122.27878,-8.4751],[122.27569,-8.47385],[122.27108,-8.47397],[122.26584,-8.47194],[122.26023,-8.47312],[122.25586,-8.47311],[122.256,-8.4823],[122.26369,-8.48254],[122.26987,-8.48151]]]},"properties":{"date":"2020-09-23","year":2020,"res":0.5,"name":"Vivid"}},{"type":"Feature","geometry":{"type":"Polygon","coordinates":[[[122.34351,-8.48151],[122.34375,-8.4815],[122.34375,-8.48149],[122.34351,-8.48151]]]},"properties":{"date":"2020-09-23","year":2020,"res":0.5,"name":"Vivid"}},{"type":"Feature","geometry":{"type":"Polygon","coordinates":[[[122.3437,-8.48132],[122.34375,-8.4814],[122.34339,-8.48094],[122.3437,-8.48132]]]},"properties":{"date":"2020-09-23","year":2020,"res":0.5,"name":"Vivid"}},{"type":"Feature","geometry":{"type":"Polygon","coordinates":[[[122.3415,-8.47326],[122.34143,-8.47286],[122.34145,-8.47369],[122.3415,-8.47326]]]},"properties":{"date":"2020-09-23","year":2020,"res":0.5,"name":"Vivid"}},{"type":"Feature","geometry":{"type":"Polygon","coordinates":[[[122.34141,-8.47248],[122.34143,-8.47286],[122.34149,-8.47287],[122.34141,-8.47248]]]},"properties":{"date":"2021-06-05","year":2021,"res":0.5,"name":"Vivid"}},{"type":"Feature","geometry":{"type":"Polygon","coordinates":[[[122.26589,-8.47193],[122.27108,-8.47397],[122.27569,-8.47385],[122.27878,-8.4751],[122.2998,-8.47465],[122.3232,-8.47277],[122.33291,-8.47345],[122.33445,-8.46999],[122.33471,-8.46772],[122.33607,-8.46622],[122.33444,-8.46461],[122.33357,-8.46078],[122.33536,-8.45685],[122.33459,-8.4553],[122.33313,-8.45446],[122.33156,-8.45138],[122.33187,-8.44737],[122.33115,-8.44548],[122.33244,-8.44333],[122.3342,-8.44286],[122.3355,-8.44105],[122.34193,-8.43925],[122.34375,-8.4375],[122.3355,-8.44011],[122.32941,-8.43911],[122.30255,-8.43915],[122.2998,-8.4375],[122.29776,-8.44293],[122.29327,-8.44428],[122.29141,-8.44565],[122.28364,-8.44714],[122.28053,-8.44592],[122.27274,-8.44648],[122.26822,-8.44547],[122.26825,-8.45649],[122.26725,-8.45948],[122.26589,-8.47193]]]},"properties":{"date":"2021-06-05","year":2021,"res":0.5,"name":"Vivid"}},{"type":"Feature","geometry":{"type":"Polygon","coordinates":[[[121.86045,-8.61347],[121.8557,-8.61738],[121.85395,-8.61806],[121.85337,-8.61974],[121.85079,-8.62231],[121.85716,-8.62398],[121.8632,-8.62413],[121.86683,-8.62575],[121.87114,-8.6254],[121.87784,-8.62662],[121.87766,-8.62245],[121.87688,-8.62015],[121.87733,-8.61884],[121.87516,-8.61796],[121.87275,-8.61888],[121.87138,-8.61801],[121.86811,-8.61944],[121.86686,-8.61928],[121.86349,-8.617],[121.86128,-8.61374],[121.86045,-8.61347]]]},"properties":{"date":"2021-07-19","year":2021,"res":0.46,"name":"Vivid"}},{"type":"Feature","geometry":{"type":"Polygon","coordinates":[[[121.81649,-8.61349],[121.80861,-8.61332],[121.8058,-8.61452],[121.80384,-8.61415],[121.8023,-8.6146],[121.80069,-8.61405],[121.79869,-8.61443],[121.79669,-8.61328],[121.7961,-8.61466],[121.79625,-8.61591],[121.80213,-8.61792],[121.80994,-8.61782],[121.81386,-8.61867],[121.8164,-8.61801],[121.81836,-8.61833],[121.81649,-8.61349]]]},"properties":{"date":"2021-07-19","year":2021,"res":0.46,"name":"Vivid"}},{"type":"Feature","geometry":{"type":"Polygon","coordinates":[[[121.98981,-8.61337],[121.9871,-8.60918],[121.98663,-8.60493],[121.99108,-8.59657],[121.99223,-8.59092],[121.99248,-8.58331],[121.99324,-8.57949],[121.9929,-8.5773],[121.99362,-8.57547],[121.99426,-8.56934],[121.99356,-8.56867],[121.99316,-8.56562],[121.99326,-8.56143],[121.99482,-8.55894],[121.99549,-8.55607],[121.99622,-8.54902],[121.99575,-8.54636],[121.99735,-8.53806],[121.99676,-8.53561],[121.99656,-8.52779],[121.99458,-8.52766],[121.99349,-8.52637],[121.99219,-8.52715],[121.98893,-8.52644],[121.98504,-8.527],[121.98297,-8.52658],[121.97832,-8.52721],[121.97602,-8.52845],[121.97173,-8.52868],[121.96954,-8.52801],[121.96465,-8.52813],[121.95723,-8.52657],[121.95468,-8.52904],[121.95251,-8.52867],[121.9514,-8.53564],[121.94985,-8.54003],[121.94975,-8.54409],[121.95081,-8.54504],[121.95138,-8.54683],[121.9509,-8.54845],[121.95147,-8.55592],[121.95104,-8.55703],[121.95248,-8.56664],[121.95239,-8.56934],[121.95163,-8.57125],[121.95219,-8.57324],[121.95183,-8.57808],[121.95238,-8.5808],[121.95164,-8.58282],[121.95152,-8.58697],[121.95272,-8.59229],[121.95244,-8.59573],[121.95317,-8.59863],[121.953,-8.60335],[121.9537,-8.60496],[121.95379,-8.60942],[121.95788,-8.6097],[121.96052,-8.61079],[121.96864,-8.61123],[121.97504,-8.61309],[121.97768,-8.61233],[121.98837,-8.61374],[121.98981,-8.61337]]]},"properties":{"date":"2021-07-19","year":2021,"res":0.46,"name":"Vivid"}},{"type":"Feature","geometry":{"type":"Polygon","coordinates":[]},"properties":{"date":"2021-07-19","year":2021,"res":0.46,"name":"Vivid"}},{"type":"Feature","geometry":{"type":"Polygon","coordinates":[[[121.99533,-8.51487],[121.99549,-8.51225],[121.99758,-8.50955],[121.99873,-8.50579],[121.99864,-8.50344],[121.99777,-8.50674],[121.99628,-8.50849],[121.99588,-8.51155],[121.99418,-8.51315],[121.99533,-8.51487]]]},"properties":{"date":"2022-07-02","year":2022,"res":0.46,"name":"Vivid"}},{"type":"Feature","geometry":{"type":"Polygon","coordinates":[[[121.99859,-8.503],[121.99865,-8.50341],[121.99841,-8.50218],[121.99859,-8.503]]]},"properties":{"date":"2022-07-02","year":2022,"res":0.46,"name":"Vivid"}},{"type":"Feature","geometry":{"type":"Polygon","coordinates":[[[121.9984,-8.50109],[121.99841,-8.50142],[121.99847,-8.50101],[121.9984,-8.50109]]]},"properties":{"date":"2022-07-02","year":2022,"res":0.46,"name":"Vivid"}},{"type":"Feature","geometry":{"type":"Polygon","coordinates":[[[121.99845,-8.50086],[121.99846,-8.50088],[121.99846,-8.50085],[121.99845,-8.50086]]]},"properties":{"date":"2022-07-02","year":2022,"res":0.46,"name":"Vivid"}},{"type":"Feature","geometry":{"type":"Polygon","coordinates":[[[121.99847,-8.50082],[121.99846,-8.50084],[121.99847,-8.50084],[121.99847,-8.50082]]]},"properties":{"date":"2022-07-02","year":2022,"res":0.46,"name":"Vivid"}},{"type":"Feature","geometry":{"type":"Polygon","coordinates":[[[121.99847,-8.5008],[121.99848,-8.50076],[121.99846,-8.50075],[121.99847,-8.5008]]]},"properties":{"date":"2022-07-02","year":2022,"res":0.46,"name":"Vivid"}},{"type":"Feature","geometry":{"type":"Polygon","coordinates":[[[121.99821,-8.49974],[121.99821,-8.49974],[121.99821,-8.49974]]]},"properties":{"date":"2022-07-02","year":2022,"res":0.46,"name":"Vivid"}},{"type":"Feature","geometry":{"type":"Polygon","coordinates":[[[121.99819,-8.49974],[121.9982,-8.49974],[121.99817,-8.49972],[121.99819,-8.49974]]]},"properties":{"date":"2022-07-02","year":2022,"res":0.46,"name":"Vivid"}},{"type":"Feature","geometry":{"type":"Polygon","coordinates":[[[121.99712,-8.4966],[121.99776,-8.49363],[122.00011,-8.49076],[122.0001,-8.48823],[121.9962,-8.49387],[121.9961,-8.49549],[121.99712,-8.4966]]]},"properties":{"date":"2022-07-02","year":2022,"res":0.46,"name":"Vivid"}},{"type":"Feature","geometry":{"type":"Polygon","coordinates":[[[121.99757,-8.45035],[121.9965,-8.44747],[121.996,-8.44764],[121.99583,-8.44886],[121.99757,-8.45035]]]},"properties":{"date":"2022-07-02","year":2022,"res":0.46,"name":"Vivid"}},{"type":"Feature","geometry":{"type":"Polygon","coordinates":[[[122.02034,-8.43825],[122.02049,-8.4375],[122.02057,-8.44314],[122.023,-8.44173],[122.02481,-8.43903],[122.0284,-8.43809],[122.02364,-8.4323],[122.01828,-8.43181],[122.01525,-8.43073],[122.00953,-8.43109],[122.00441,-8.43037],[122.00457,-8.43753],[122.0032,-8.43797],[122.00234,-8.43941],[122.00714,-8.44012],[122.01111,-8.43979],[122.01285,-8.44068],[122.01428,-8.44062],[122.01597,-8.44242],[122.01954,-8.44314],[122.02029,-8.44304],[122.02034,-8.43825]]]},"properties":{"date":"2022-07-02","year":2022,"res":0.46,"name":"Vivid"}},{"type":"Feature","geometry":{"type":"Polygon","coordinates":[[[122.02024,-8.4431],[122.02026,-8.44311],[122.02026,-8.4431],[122.02024,-8.4431]]]},"properties":{"date":"2022-07-02","year":2022,"res":0.46,"name":"Vivid"}},{"type":"Feature","geometry":{"type":"Polygon","coordinates":[[[122.04422,-8.43768],[122.04361,-8.43768],[122.0488,-8.43979],[122.05673,-8.43835],[122.05831,-8.4375],[122.04422,-8.43768]]]},"properties":{"date":"2022-07-02","year":2022,"res":0.46,"name":"Vivid"}},{"type":"Feature","geometry":{"type":"Polygon","coordinates":[[[122.04065,-8.43755],[122.04026,-8.43756],[122.04327,-8.43768],[122.04065,-8.43755]]]},"properties":{"date":"2022-07-02","year":2022,"res":0.46,"name":"Vivid"}},{"type":"Feature","geometry":{"type":"Polygon","coordinates":[[[122.04353,-8.43768],[122.04347,-8.43767],[122.04361,-8.43768],[122.04353,-8.43768]]]},"properties":{"date":"2022-07-02","year":2022,"res":0.46,"name":"Vivid"}},{"type":"Feature","geometry":{"type":"Polygon","coordinates":[[[122.03962,-8.43755],[122.03962,-8.43754],[122.03962,-8.43755]]]},"properties":{"date":"2022-07-02","year":2022,"res":0.46,"name":"Vivid"}},{"type":"Feature","geometry":{"type":"Polygon","coordinates":[[[122.03968,-8.43755],[122.03967,-8.43754],[122.03967,-8.43755],[122.03968,-8.43755]]]},"properties":{"date":"2022-07-02","year":2022,"res":0.46,"name":"Vivid"}},{"type":"Feature","geometry":{"type":"Polygon","coordinates":[[[122.0365,-8.43756],[122.03666,-8.43756],[122.03644,-8.43751],[122.0365,-8.43756]]]},"properties":{"date":"2022-07-02","year":2022,"res":0.46,"name":"Vivid"}},{"type":"Feature","geometry":{"type":"Polygon","coordinates":[]},"properties":{"date":"2022-07-02","year":2022,"res":0.46,"name":"Vivid"}},{"type":"Feature","geometry":{"type":"Polygon","coordinates":[[[122.11581,-8.47825],[122.11684,-8.47812],[122.11674,-8.43752],[122.08946,-8.4375],[122.08845,-8.45617],[122.08937,-8.46694],[122.08946,-8.48141],[122.10741,-8.48127],[122.10867,-8.48056],[122.10942,-8.4787],[122.11581,-8.47825]]]},"properties":{"date":"2022-07-02","year":2022,"res":0.46,"name":"Vivid"}},{"type":"Feature","geometry":{"type":"Polygon","coordinates":[[[121.99322,-8.52644],[121.99256,-8.52539],[121.98949,-8.52564],[121.98803,-8.52653],[121.98592,-8.52539],[121.98202,-8.52642],[121.97635,-8.52614],[121.97241,-8.52855],[121.97602,-8.52845],[121.97832,-8.52721],[121.98297,-8.52658],[121.98504,-8.527],[121.98893,-8.52644],[121.99219,-8.52715],[121.99322,-8.52644]]]},"properties":{"date":"2022-07-02","year":2022,"res":0.46,"name":"Vivid"}},{"type":"Feature","geometry":{"type":"Polygon","coordinates":[[[121.97048,-8.52826],[121.9705,-8.52826],[121.97046,-8.52825],[121.97048,-8.52826]]]},"properties":{"date":"2022-07-02","year":2022,"res":0.46,"name":"Vivid"}},{"type":"Feature","geometry":{"type":"Polygon","coordinates":[[[121.9705,-8.52826],[121.97052,-8.52826],[121.9705,-8.52825],[121.9705,-8.52826]]]},"properties":{"date":"2022-07-02","year":2022,"res":0.46,"name":"Vivid"}},{"type":"Feature","geometry":{"type":"Polygon","coordinates":[[[121.97019,-8.52824],[121.97019,-8.52818],[121.97008,-8.52817],[121.97019,-8.52824]]]},"properties":{"date":"2022-07-02","year":2022,"res":0.46,"name":"Vivid"}},{"type":"Feature","geometry":{"type":"Polygon","coordinates":[[[121.97003,-8.52814],[121.97,-8.52811],[121.97,-8.52813],[121.97003,-8.52814]]]},"properties":{"date":"2022-07-02","year":2022,"res":0.46,"name":"Vivid"}},{"type":"Feature","geometry":{"type":"Polygon","coordinates":[[[121.96896,-8.52804],[121.96897,-8.52803],[121.96896,-8.52803],[121.96896,-8.52804]]]},"properties":{"date":"2022-07-02","year":2022,"res":0.46,"name":"Vivid"}},{"type":"Feature","geometry":{"type":"Polygon","coordinates":[[[121.96954,-8.52801],[121.96985,-8.52806],[121.96974,-8.52796],[121.96954,-8.52801]]]},"properties":{"date":"2022-07-02","year":2022,"res":0.46,"name":"Vivid"}},{"type":"Feature","geometry":{"type":"Polygon","coordinates":[[[121.96901,-8.52804],[121.96946,-8.52801],[121.9692,-8.52793],[121.96901,-8.52804]]]},"properties":{"date":"2022-07-02","year":2022,"res":0.46,"name":"Vivid"}},{"type":"Feature","geometry":{"type":"Polygon","coordinates":[[[121.96873,-8.52799],[121.9654,-8.52644],[121.96122,-8.52709],[121.95889,-8.52673],[121.96465,-8.52813],[121.96873,-8.52799]]]},"properties":{"date":"2022-07-02","year":2022,"res":0.46,"name":"Vivid"}},{"type":"Feature","geometry":{"type":"Polygon","coordinates":[[[121.97185,-8.52864],[121.97187,-8.52863],[121.97182,-8.52863],[121.97185,-8.52864]]]},"properties":{"date":"2022-07-02","year":2022,"res":0.46,"name":"Vivid"}},{"type":"Feature","geometry":{"type":"Polygon","coordinates":[]},"properties":{"date":"2022-07-02","year":2022,"res":0.46,"name":"Vivid"}},{"type":"Feature","geometry":{"type":"Polygon","coordinates":[[[121.97195,-8.52861],[121.97192,-8.5286],[121.97191,-8.52861],[121.97195,-8.52861]]]},"properties":{"date":"2022-07-02","year":2022,"res":0.46,"name":"Vivid"}},{"type":"Feature","geometry":{"type":"Polygon","coordinates":[[[121.97136,-8.52857],[121.97131,-8.52858],[121.97131,-8.52861],[121.97136,-8.52857]]]},"properties":{"date":"2022-07-02","year":2022,"res":0.46,"name":"Vivid"}},{"type":"Feature","geometry":{"type":"Polygon","coordinates":[[[121.97219,-8.52861],[121.97218,-8.52858],[121.97209,-8.5286],[121.97219,-8.52861]]]},"properties":{"date":"2022-07-02","year":2022,"res":0.46,"name":"Vivid"}},{"type":"Feature","geometry":{"type":"Polygon","coordinates":[[[121.97057,-8.5283],[121.97083,-8.52835],[121.97054,-8.52826],[121.97057,-8.5283]]]},"properties":{"date":"2022-07-02","year":2022,"res":0.46,"name":"Vivid"}},{"type":"Feature","geometry":{"type":"Polygon","coordinates":[[[121.6407,-8.52541],[121.64062,-8.61328],[121.64581,-8.61328],[121.64666,-8.60145],[121.64778,-8.59631],[121.64808,-8.58825],[121.64976,-8.58599],[121.64969,-8.58273],[121.64767,-8.58042],[121.64728,-8.5759],[121.6454,-8.57204],[121.64577,-8.57072],[121.64527,-8.56934],[121.64706,-8.56651],[121.64605,-8.56379],[121.6477,-8.56143],[121.64701,-8.55729],[121.64547,-8.55402],[121.64645,-8.54151],[121.64567,-8.53709],[121.64567,-8.52644],[121.64503,-8.52581],[121.6407,-8.52541]]]},"properties":{"date":"2022-07-05","year":2022,"res":0.46,"name":"Vivid"}},{"type":"Feature","geometry":{"type":"Polygon","coordinates":[[[121.64062,-8.52534],[121.64062,-8.52538],[121.64063,-8.52537],[121.64062,-8.52534]]]},"properties":{"date":"2022-07-05","year":2022,"res":0.46,"name":"Vivid"}},{"type":"Feature","geometry":{"type":"Polygon","coordinates":[[[121.64068,-8.48011],[121.64062,-8.48528],[121.64535,-8.4852],[121.64554,-8.48078],[121.64352,-8.48105],[121.64068,-8.48011]]]},"properties":{"date":"2022-07-05","year":2022,"res":0.46,"name":"Vivid"}},{"type":"Feature","geometry":{"type":"Polygon","coordinates":[[[122.1168,-8.48148],[122.11684,-8.47812],[122.11163,-8.47838],[122.10942,-8.4787],[122.10867,-8.48056],[122.10755,-8.48126],[122.08946,-8.48141],[122.08937,-8.48355],[122.10546,-8.48377],[122.11582,-8.48248],[122.11682,-8.48204],[122.1168,-8.48148]]]},"properties":{"date":"2022-07-20","year":2022,"res":0.5,"name":"Vivid"}},{"type":"Feature","geometry":{"type":"Polygon","coordinates":[[[121.86027,-8.70113],[121.86159,-8.70193],[121.86429,-8.70157],[121.8652,-8.70236],[121.86817,-8.7015],[121.87087,-8.70233],[121.87316,-8.70216],[121.87468,-8.70325],[121.87617,-8.70323],[121.87793,-8.70269],[121.87831,-8.70172],[121.87944,-8.70117],[121.88246,-8.69528],[121.88166,-8.69146],[121.88253,-8.68745],[121.88123,-8.68607],[121.88169,-8.6856],[121.88088,-8.68069],[121.88209,-8.67806],[121.88108,-8.67288],[121.88154,-8.67111],[121.88108,-8.66778],[121.88217,-8.66261],[121.88132,-8.66173],[121.88084,-8.65935],[121.87843,-8.65831],[121.87838,-8.65585],[121.87911,-8.6542],[121.87845,-8.6531],[121.87914,-8.65261],[121.87857,-8.65218],[121.87787,-8.64677],[121.87688,-8.64486],[121.87753,-8.64435],[121.87711,-8.6435],[121.87773,-8.64279],[121.87718,-8.63937],[121.87814,-8.63456],[121.87789,-8.63113],[121.87853,-8.62946],[121.87797,-8.62659],[121.87114,-8.6254],[121.86683,-8.62575],[121.8632,-8.62413],[121.85716,-8.62398],[121.85079,-8.62231],[121.84799,-8.62488],[121.84562,-8.62475],[121.84263,-8.62551],[121.84136,-8.62698],[121.83956,-8.62687],[121.83626,-8.62475],[121.83457,-8.62476],[121.83191,-8.62584],[121.82658,-8.6261],[121.82311,-8.62444],[121.82022,-8.6197],[121.81866,-8.61909],[121.81836,-8.61833],[121.8164,-8.61801],[121.81386,-8.61867],[121.80994,-8.61782],[121.80213,-8.61792],[121.79629,-8.61585],[121.79457,-8.62103],[121.79436,-8.63421],[121.79302,-8.64197],[121.79308,-8.64413],[121.79437,-8.64559],[121.79537,-8.64959],[121.79678,-8.65188],[121.79731,-8.65723],[121.79581,-8.65998],[121.79549,-8.66196],[121.7959,-8.66451],[121.79676,-8.6656],[121.7964,-8.66949],[121.79724,-8.67611],[121.79615,-8.67848],[121.79669,-8.68015],[121.79621,-8.68434],[121.79665,-8.68562],[121.79556,-8.68904],[121.79536,-8.69282],[121.79678,-8.69455],[121.79655,-8.69941],[121.80124,-8.69864],[121.80667,-8.70003],[121.8086,-8.6995],[121.81054,-8.70025],[121.81468,-8.70004],[121.81642,-8.70117],[121.81774,-8.69915],[121.824,-8.69846],[121.83047,-8.69947],[121.83702,-8.69794],[121.84332,-8.69498],[121.84639,-8.69506],[121.84863,-8.69597],[121.85188,-8.69566],[121.85324,-8.69624],[121.85661,-8.69842],[121.85764,-8.69981],[121.85952,-8.70029],[121.86027,-8.70113]]]},"properties":{"date":"2022-07-24","year":2022,"res":0.46,"name":"Vivid"}},{"type":"Feature","geometry":{"type":"Polygon","coordinates":[[[122.34351,-8.48151],[122.34181,-8.47728],[122.34124,-8.47195],[122.3374,-8.46838],[122.33607,-8.46622],[122.33471,-8.46772],[122.33445,-8.46999],[122.33277,-8.47422],[122.32913,-8.47485],[122.32763,-8.47586],[122.32317,-8.47651],[122.32037,-8.47944],[122.31673,-8.4804],[122.33099,-8.48031],[122.33672,-8.48142],[122.33619,-8.48249],[122.33235,-8.48368],[122.32758,-8.48688],[122.33052,-8.48654],[122.33414,-8.48303],[122.34044,-8.48258],[122.34153,-8.48162],[122.34351,-8.48151]]]},"properties":{"date":"2022-07-31","year":2022,"res":0.5,"name":"Vivid"}},{"type":"Feature","geometry":{"type":"Polygon","coordinates":[[[122.00395,-8.48007],[122.00653,-8.47863],[122.00679,-8.47479],[122.00831,-8.47195],[122.00756,-8.46896],[122.00638,-8.46786],[122.00633,-8.46636],[122.0034,-8.46527],[122.00433,-8.47043],[122.00342,-8.47277],[122.00428,-8.47447],[122.00307,-8.47716],[122.00395,-8.48007]]]},"properties":{"date":"2022-08-10","year":2022,"res":0.46,"name":"Vivid"}},{"type":"Feature","geometry":{"type":"Polygon","coordinates":[[[122.00317,-8.46478],[122.00328,-8.46486],[122.00315,-8.4647],[122.00317,-8.46478]]]},"properties":{"date":"2022-08-10","year":2022,"res":0.46,"name":"Vivid"}},{"type":"Feature","geometry":{"type":"Polygon","coordinates":[[[121.99803,-8.45522],[121.99811,-8.45544],[121.99808,-8.45421],[121.99803,-8.45522]]]},"properties":{"date":"2022-08-10","year":2022,"res":0.46,"name":"Vivid"}},{"type":"Feature","geometry":{"type":"Polygon","coordinates":[[[121.99796,-8.45393],[121.99823,-8.45087],[121.99583,-8.44886],[121.99649,-8.45284],[121.99796,-8.45393]]]},"properties":{"date":"2022-08-10","year":2022,"res":0.46,"name":"Vivid"}},{"type":"Feature","geometry":{"type":"Polygon","coordinates":[[[122.0204,-8.4382],[122.02049,-8.4375],[122.02029,-8.44304],[122.01954,-8.44314],[122.02045,-8.44308],[122.0204,-8.4382]]]},"properties":{"date":"2022-08-10","year":2022,"res":0.46,"name":"Vivid"}},{"type":"Feature","geometry":{"type":"Polygon","coordinates":[[[121.90223,-8.70111],[121.908,-8.7012],[121.91101,-8.69854],[121.91497,-8.69818],[121.92053,-8.69836],[121.92573,-8.7012],[121.9279,-8.70161],[121.92961,-8.70113],[121.92887,-8.7018],[121.92988,-8.7024],[121.93414,-8.7028],[121.93782,-8.70259],[121.93854,-8.70172],[121.94121,-8.70106],[121.94342,-8.70189],[121.94737,-8.70101],[121.95065,-8.7017],[121.95143,-8.7008],[121.95484,-8.70031],[121.95486,-8.6952],[121.95722,-8.69219],[121.95792,-8.68593],[121.95966,-8.68329],[121.9617,-8.6734],[121.96138,-8.67192],[121.96056,-8.67127],[121.96006,-8.666],[121.95875,-8.66413],[121.9584,-8.66007],[121.9562,-8.65723],[121.95735,-8.65408],[121.9571,-8.64983],[121.95947,-8.64163],[121.95845,-8.63851],[121.95853,-8.6362],[121.95744,-8.63401],[121.95893,-8.63069],[121.95837,-8.62868],[121.95722,-8.62732],[121.95776,-8.62015],[121.95518,-8.61328],[121.9556,-8.61429],[121.95781,-8.61378],[121.95958,-8.61556],[121.96156,-8.6158],[121.96381,-8.61733],[121.97003,-8.61547],[121.97514,-8.61769],[121.97979,-8.61808],[121.98353,-8.61777],[121.98504,-8.61682],[121.98972,-8.6158],[121.99199,-8.61412],[121.97768,-8.61233],[121.97504,-8.61309],[121.96864,-8.61123],[121.96052,-8.61079],[121.95788,-8.6097],[121.95408,-8.60937],[121.95386,-8.61057],[121.95512,-8.61328],[121.95165,-8.6147],[121.94768,-8.61331],[121.94533,-8.61372],[121.94425,-8.61497],[121.94045,-8.61555],[121.93816,-8.61436],[121.93164,-8.61332],[121.92352,-8.61468],[121.92107,-8.61604],[121.91242,-8.61629],[121.9067,-8.61531],[121.90429,-8.61328],[121.89847,-8.61487],[121.89554,-8.61634],[121.8872,-8.61502],[121.88416,-8.61587],[121.88327,-8.61881],[121.87872,-8.61939],[121.87719,-8.61895],[121.87688,-8.62015],[121.87853,-8.62946],[121.87789,-8.63113],[121.87814,-8.63456],[121.87718,-8.63937],[121.87773,-8.64279],[121.87711,-8.6435],[121.87753,-8.64435],[121.87688,-8.64486],[121.87787,-8.64677],[121.87857,-8.65218],[121.87914,-8.65261],[121.87845,-8.6531],[121.87911,-8.6542],[121.87838,-8.65585],[121.87843,-8.65831],[121.88084,-8.65935],[121.88132,-8.66173],[121.88218,-8.66283],[121.88108,-8.66778],[121.88154,-8.67111],[121.88108,-8.67288],[121.88209,-8.67806],[121.88088,-8.68069],[121.88169,-8.6856],[121.88123,-8.68607],[121.88253,-8.68745],[121.88166,-8.69146],[121.88177,-8.69383],[121.88248,-8.69506],[121.88196,-8.69705],[121.87988,-8.69969],[121.87946,-8.70161],[121.88184,-8.70285],[121.88841,-8.70383],[121.88969,-8.70318],[121.89938,-8.70234],[121.90223,-8.70111]]]},"properties":{"date":"2022-12-22","year":2022,"res":0.46,"name":"Vivid"}},{"type":"Feature","geometry":{"type":"Polygon","coordinates":[[[121.99326,-8.65806],[121.9934,-8.65856],[121.99219,-8.65723],[121.99326,-8.65806]]]},"properties":{"date":"2022-12-22","year":2022,"res":0.46,"name":"Vivid"}},{"type":"Feature","geometry":{"type":"Polygon","coordinates":[[[121.99219,-8.65722],[121.99219,-8.6572],[121.99219,-8.6572],[121.99219,-8.65722]]]},"properties":{"date":"2022-12-22","year":2022,"res":0.46,"name":"Vivid"}},{"type":"Feature","geometry":{"type":"Polygon","coordinates":[[[121.99226,-8.65675],[121.99219,-8.6572],[121.99244,-8.65665],[121.99226,-8.65675]]]},"properties":{"date":"2022-12-22","year":2022,"res":0.46,"name":"Vivid"}},{"type":"Feature","geometry":{"type":"Polygon","coordinates":[[[121.99247,-8.65555],[121.99246,-8.65596],[121.99377,-8.65331],[121.99328,-8.65131],[121.99239,-8.65294],[121.99247,-8.65555]]]},"properties":{"date":"2022-12-22","year":2022,"res":0.46,"name":"Vivid"}},{"type":"Feature","geometry":{"type":"Polygon","coordinates":[[[121.99261,-8.6143],[121.99266,-8.61434],[121.99267,-8.6142],[121.99261,-8.6143]]]},"properties":{"date":"2022-12-22","year":2022,"res":0.46,"name":"Vivid"}},{"type":"Feature","geometry":{"type":"Polygon","coordinates":[[[122.25299,-8.47626],[122.25308,-8.4375],[122.11671,-8.4375],[122.11682,-8.48204],[122.14103,-8.48086],[122.14253,-8.48026],[122.15167,-8.48019],[122.16782,-8.4787],[122.16797,-8.47343],[122.17209,-8.47399],[122.25299,-8.47626]]]},"properties":{"date":"2023-04-11","year":2023,"res":0.31,"name":"Vivid"}},{"type":"Feature","geometry":{"type":"Polygon","coordinates":[[[122.34366,-8.52535],[122.34375,-8.4815],[122.34247,-8.48148],[122.34076,-8.48196],[122.33826,-8.48556],[122.33452,-8.48644],[122.33181,-8.48819],[122.32669,-8.48977],[122.32669,-8.50354],[122.3309,-8.51386],[122.33616,-8.51831],[122.33952,-8.52408],[122.34366,-8.52535]]]},"properties":{"date":"2023-04-22","year":2023,"res":0.46,"name":"Vivid"}},{"type":"Feature","geometry":{"type":"Polygon","coordinates":[[[122.34369,-8.48118],[122.34375,-8.43753],[122.34193,-8.43925],[122.3355,-8.44105],[122.3342,-8.44286],[122.33244,-8.44333],[122.3311,-8.44576],[122.33187,-8.44737],[122.33156,-8.45138],[122.33543,-8.4572],[122.33357,-8.46009],[122.33444,-8.46461],[122.34124,-8.47195],[122.34181,-8.47728],[122.34274,-8.48051],[122.34369,-8.48118]]]},"properties":{"date":"2023-04-22","year":2023,"res":0.46,"name":"Vivid"}},{"type":"Feature","geometry":{"type":"Polygon","coordinates":[[[122.25599,-8.42824],[122.25604,-8.43775],[122.26345,-8.44103],[122.2657,-8.44459],[122.27171,-8.44637],[122.27732,-8.44654],[122.28053,-8.44592],[122.28364,-8.44714],[122.29141,-8.44565],[122.29327,-8.44428],[122.29776,-8.44293],[122.2998,-8.4375],[122.30255,-8.43915],[122.32941,-8.43911],[122.33441,-8.4401],[122.33801,-8.43969],[122.33957,-8.43854],[122.34375,-8.4375],[122.34375,-8.40717],[122.31024,-8.40717],[122.30662,-8.41139],[122.30617,-8.41428],[122.30401,-8.41784],[122.30258,-8.42287],[122.30037,-8.42483],[122.29682,-8.42337],[122.29596,-8.42214],[122.29235,-8.42118],[122.27982,-8.42119],[122.27712,-8.4207],[122.26268,-8.42337],[122.25599,-8.42824]]]},"properties":{"date":"2023-04-22","year":2023,"res":0.46,"name":"Vivid"}},{"type":"Feature","geometry":{"type":"Polygon","coordinates":[[[122.29961,-8.42482],[122.30063,-8.4247],[122.30248,-8.42307],[122.30401,-8.41784],[122.30617,-8.41428],[122.30662,-8.41139],[122.31024,-8.40717],[122.18115,-8.40717],[122.18117,-8.43415],[122.25586,-8.4284],[122.26218,-8.42354],[122.27712,-8.4207],[122.27982,-8.42119],[122.29235,-8.42118],[122.29596,-8.42214],[122.29682,-8.42337],[122.29961,-8.42482]]]},"properties":{"date":"2023-04-30","year":2023,"res":0.31,"name":"Vivid"}},{"type":"Feature","geometry":{"type":"Polygon","coordinates":[[[122.03598,-8.43757],[122.05818,-8.43763],[122.05831,-8.42409],[122.00454,-8.4224],[122.00441,-8.43037],[122.00953,-8.43109],[122.01525,-8.43073],[122.01828,-8.43181],[122.02364,-8.4323],[122.0284,-8.43809],[122.03598,-8.43757]]]},"properties":{"date":"2023-05-06","year":2023,"res":0.46,"name":"Vivid"}},{"type":"Feature","geometry":{"type":"Polygon","coordinates":[[[121.79665,-8.6132],[121.79869,-8.61443],[121.80069,-8.61405],[121.8023,-8.6146],[121.80384,-8.61415],[121.8058,-8.61452],[121.80861,-8.61332],[121.81643,-8.61329],[121.81866,-8.61909],[121.82022,-8.6197],[121.82311,-8.62444],[121.82658,-8.6261],[121.83191,-8.62584],[121.83457,-8.62476],[121.83626,-8.62475],[121.84066,-8.62705],[121.8417,-8.62677],[121.84263,-8.62551],[121.84857,-8.62452],[121.85242,-8.62099],[121.85395,-8.61806],[121.85866,-8.61527],[121.86031,-8.61329],[121.86128,-8.61374],[121.86349,-8.617],[121.86755,-8.61945],[121.87138,-8.61801],[121.87275,-8.61888],[121.8753,-8.61796],[121.87872,-8.61939],[121.88235,-8.61912],[121.88373,-8.61853],[121.88404,-8.61611],[121.88459,-8.61568],[121.88742,-8.61499],[121.89554,-8.61634],[121.89847,-8.61487],[121.90429,-8.61328],[121.9067,-8.61531],[121.91329,-8.61631],[121.92107,-8.61604],[121.92352,-8.61468],[121.93164,-8.61332],[121.93816,-8.61436],[121.94045,-8.61555],[121.94425,-8.61497],[121.94635,-8.61348],[121.94857,-8.61334],[121.95142,-8.61471],[121.95512,-8.61328],[121.95386,-8.61057],[121.9537,-8.60496],[121.953,-8.60335],[121.95317,-8.59863],[121.95244,-8.59573],[121.95272,-8.59229],[121.95155,-8.58789],[121.95164,-8.58282],[121.95238,-8.5808],[121.95183,-8.57808],[121.95219,-8.57324],[121.95163,-8.57125],[121.95239,-8.56934],[121.95248,-8.56664],[121.95104,-8.55703],[121.95147,-8.55592],[121.9509,-8.54845],[121.95138,-8.54683],[121.95081,-8.54504],[121.94975,-8.54409],[121.94985,-8.54003],[121.9514,-8.53564],[121.95251,-8.52867],[121.94885,-8.52824],[121.94827,-8.52539],[121.94708,-8.52748],[121.93604,-8.52983],[121.93,-8.52762],[121.92742,-8.52853],[121.92431,-8.52806],[121.92075,-8.52944],[121.91548,-8.52968],[121.91384,-8.52925],[121.91088,-8.5266],[121.90863,-8.52569],[121.90181,-8.5255],[121.90139,-8.52602],[121.89853,-8.52542],[121.89604,-8.52629],[121.89008,-8.52539],[121.88983,-8.52418],[121.89095,-8.52164],[121.89465,-8.52073],[121.89592,-8.51968],[121.89649,-8.51782],[121.89581,-8.51623],[121.89616,-8.51301],[121.8975,-8.50722],[121.89501,-8.50079],[121.89363,-8.50009],[121.89257,-8.49719],[121.88861,-8.49473],[121.88855,-8.4907],[121.88701,-8.48144],[121.88705,-8.43751],[121.79615,-8.4375],[121.79556,-8.43815],[121.79364,-8.44467],[121.79117,-8.44904],[121.7925,-8.45253],[121.79483,-8.4555],[121.79546,-8.46104],[121.79546,-8.47729],[121.79619,-8.48144],[121.79289,-8.48502],[121.80941,-8.48475],[121.81255,-8.48244],[121.81373,-8.48223],[121.83992,-8.48086],[121.84068,-8.48141],[121.8483,-8.47988],[121.86035,-8.47898],[121.86166,-8.48014],[121.87487,-8.48142],[121.87429,-8.49906],[121.87484,-8.5026],[121.87342,-8.50812],[121.87477,-8.51428],[121.87412,-8.52021],[121.87605,-8.52539],[121.86898,-8.52787],[121.86356,-8.52751],[121.86127,-8.52663],[121.85902,-8.52411],[121.85744,-8.52391],[121.85376,-8.52186],[121.85137,-8.52194],[121.84529,-8.51982],[121.83998,-8.51915],[121.83427,-8.51998],[121.82801,-8.52275],[121.82196,-8.52336],[121.81725,-8.52472],[121.81328,-8.52753],[121.81044,-8.52748],[121.80537,-8.52949],[121.7952,-8.52907],[121.79624,-8.53562],[121.79563,-8.53719],[121.79577,-8.53997],[121.79502,-8.54097],[121.79624,-8.54748],[121.79515,-8.54958],[121.7944,-8.55641],[121.79615,-8.5619],[121.79656,-8.56548],[121.79584,-8.56628],[121.79573,-8.56795],[121.79665,-8.56934],[121.79598,-8.57117],[121.79624,-8.57365],[121.79555,-8.57534],[121.7951,-8.58289],[121.79374,-8.58508],[121.79375,-8.58766],[121.79294,-8.58897],[121.79322,-8.59475],[121.7925,-8.59786],[121.79406,-8.60166],[121.7941,-8.60739],[121.79665,-8.6132]]]},"properties":{"date":"2023-06-08","year":2023,"res":0.46,"name":"Vivid"}},{"type":"Feature","geometry":{"type":"Polygon","coordinates":[[[121.64537,-8.48257],[121.64535,-8.4852],[121.64905,-8.485],[121.65256,-8.48419],[121.65419,-8.48318],[121.65989,-8.4827],[121.66458,-8.48144],[121.66899,-8.48118],[121.68457,-8.47824],[121.70515,-8.4764],[121.70654,-8.47561],[121.70937,-8.47533],[121.71189,-8.47394],[121.72849,-8.47117],[121.73397,-8.47267],[121.73493,-8.47433],[121.73531,-8.47838],[121.73845,-8.48031],[121.74107,-8.48088],[121.75402,-8.48094],[121.75787,-8.48041],[121.75995,-8.48129],[121.76845,-8.48142],[121.76848,-8.48525],[121.79289,-8.48502],[121.79619,-8.48144],[121.79546,-8.47729],[121.79546,-8.46104],[121.79483,-8.4555],[121.7925,-8.45253],[121.79117,-8.44904],[121.79353,-8.44493],[121.79615,-8.4375],[121.64536,-8.4375],[121.65303,-8.43809],[121.65665,-8.44023],[121.65847,-8.44423],[121.66498,-8.44556],[121.6685,-8.44798],[121.67349,-8.44985],[121.68181,-8.46365],[121.68377,-8.475],[121.6832,-8.47826],[121.67933,-8.47887],[121.66203,-8.47825],[121.64973,-8.47699],[121.64798,-8.4793],[121.64538,-8.48086],[121.64537,-8.48257]]]},"properties":{"date":"2023-08-10","year":2023,"res":0.46,"name":"Vivid"}},{"type":"Feature","geometry":{"type":"Polygon","coordinates":[[[121.64557,-8.52624],[121.64556,-8.52623],[121.64556,-8.52624],[121.64557,-8.52624]]]},"properties":{"date":"2023-08-10","year":2023,"res":0.46,"name":"Vivid"}},{"type":"Feature","geometry":{"type":"Polygon","coordinates":[[[121.64556,-8.52621],[121.64556,-8.52622],[121.64556,-8.52621]]]},"properties":{"date":"2023-08-10","year":2023,"res":0.46,"name":"Vivid"}},{"type":"Feature","geometry":{"type":"Polygon","coordinates":[[[121.64581,-8.61328],[121.64062,-8.61328],[121.64062,-8.70117],[121.64594,-8.70117],[121.64634,-8.69991],[121.64689,-8.6949],[121.64617,-8.69004],[121.64649,-8.68328],[121.64593,-8.68166],[121.64703,-8.67786],[121.64561,-8.6706],[121.64549,-8.66547],[121.64634,-8.66227],[121.64536,-8.65723],[121.64634,-8.65448],[121.64742,-8.65411],[121.65047,-8.64889],[121.65146,-8.64218],[121.65116,-8.63788],[121.64969,-8.6327],[121.65064,-8.62849],[121.64952,-8.6264],[121.64883,-8.61914],[121.64675,-8.61682],[121.64581,-8.61328]]]},"properties":{"date":"2023-08-18","year":2023,"res":0.46,"name":"Vivid"}},{"type":"Feature","geometry":{"type":"Polygon","coordinates":[[[121.9758,-8.52654],[121.96802,-8.52703],[121.96264,-8.52553],[121.95745,-8.52653],[121.96122,-8.52709],[121.9654,-8.52644],[121.96759,-8.52778],[121.97173,-8.52868],[121.9758,-8.52654]]]},"properties":{"date":"2023-11-06","year":2023,"res":0.5,"name":"Vivid"}},{"type":"Feature","geometry":{"type":"Polygon","coordinates":[[[121.98301,-8.52618],[121.97941,-8.5257],[121.97604,-8.52618],[121.98301,-8.52618]]]},"properties":{"date":"2023-11-06","year":2023,"res":0.5,"name":"Vivid"}},{"type":"Feature","geometry":{"type":"Polygon","coordinates":[[[121.98389,-8.52605],[121.98422,-8.52603],[121.98333,-8.52602],[121.98389,-8.52605]]]},"properties":{"date":"2023-11-06","year":2023,"res":0.5,"name":"Vivid"}},{"type":"Feature","geometry":{"type":"Polygon","coordinates":[[[121.98574,-8.52541],[121.98574,-8.5254],[121.98574,-8.52541],[121.98574,-8.52541]]]},"properties":{"date":"2023-11-06","year":2023,"res":0.5,"name":"Vivid"}},{"type":"Feature","geometry":{"type":"Polygon","coordinates":[[[121.98575,-8.52539],[121.98576,-8.5254],[121.98576,-8.52539],[121.98575,-8.52539]]]},"properties":{"date":"2023-11-06","year":2023,"res":0.5,"name":"Vivid"}},{"type":"Feature","geometry":{"type":"Polygon","coordinates":[[[121.98585,-8.5254],[121.98587,-8.52539],[121.98585,-8.52539],[121.98585,-8.5254]]]},"properties":{"date":"2023-11-06","year":2023,"res":0.5,"name":"Vivid"}},{"type":"Feature","geometry":{"type":"Polygon","coordinates":[[[121.98592,-8.52539],[121.98592,-8.5254],[121.98589,-8.52539],[121.98592,-8.52539]]]},"properties":{"date":"2023-11-06","year":2023,"res":0.5,"name":"Vivid"}},{"type":"Feature","geometry":{"type":"Polygon","coordinates":[]},"properties":{"date":"2023-11-06","year":2023,"res":0.5,"name":"Vivid"}},{"type":"Feature","geometry":{"type":"Polygon","coordinates":[[[121.99138,-8.52556],[121.98607,-8.52547],[121.98803,-8.52653],[121.98949,-8.52564],[121.99138,-8.52556]]]},"properties":{"date":"2023-11-06","year":2023,"res":0.5,"name":"Vivid"}},{"type":"Feature","geometry":{"type":"Polygon","coordinates":[[[121.98607,-8.52547],[121.98606,-8.52547],[121.98607,-8.52547]]]},"properties":{"date":"2023-11-06","year":2023,"res":0.5,"name":"Vivid"}},{"type":"Feature","geometry":{"type":"Polygon","coordinates":[]},"properties":{"date":"2023-11-06","year":2023,"res":0.5,"name":"Vivid"}},{"type":"Feature","geometry":{"type":"Polygon","coordinates":[[[121.99175,-8.52546],[121.99172,-8.52546],[121.99171,-8.52546],[121.99175,-8.52546]]]},"properties":{"date":"2023-11-06","year":2023,"res":0.5,"name":"Vivid"}},{"type":"Feature","geometry":{"type":"Polygon","coordinates":[[[121.99182,-8.52546],[121.99193,-8.52549],[121.99211,-8.52539],[121.99182,-8.52546]]]},"properties":{"date":"2023-11-06","year":2023,"res":0.5,"name":"Vivid"}},{"type":"Feature","geometry":{"type":"Polygon","coordinates":[[[121.98596,-8.52544],[121.98592,-8.5254],[121.98605,-8.52547],[121.98596,-8.52544]]]},"properties":{"date":"2023-11-06","year":2023,"res":0.5,"name":"Vivid"}},{"type":"Feature","geometry":{"type":"Polygon","coordinates":[[[121.99218,-8.52539],[121.99217,-8.52539],[121.99218,-8.52539]]]},"properties":{"date":"2023-11-06","year":2023,"res":0.5,"name":"Vivid"}},{"type":"Feature","geometry":{"type":"Polygon","coordinates":[[[121.81635,-8.52542],[121.82196,-8.52336],[121.82801,-8.52275],[121.83427,-8.51998],[121.83998,-8.51915],[121.84529,-8.51982],[121.85137,-8.52194],[121.85376,-8.52186],[121.85744,-8.52391],[121.85902,-8.52411],[121.86127,-8.52663],[121.86356,-8.52751],[121.86898,-8.52787],[121.87605,-8.52539],[121.87412,-8.52021],[121.87477,-8.51428],[121.87342,-8.50812],[121.87484,-8.5026],[121.87429,-8.49906],[121.87489,-8.48144],[121.86166,-8.48014],[121.86035,-8.47898],[121.8483,-8.47988],[121.84068,-8.48141],[121.83992,-8.48086],[121.81373,-8.48223],[121.81255,-8.48244],[121.80941,-8.48475],[121.76847,-8.48524],[121.76842,-8.50781],[121.77006,-8.52539],[121.77321,-8.52586],[121.77453,-8.52765],[121.77571,-8.52813],[121.77628,-8.53019],[121.78126,-8.53091],[121.79252,-8.52841],[121.79479,-8.52857],[121.79539,-8.52918],[121.79971,-8.5289],[121.80269,-8.52963],[121.80537,-8.52949],[121.81044,-8.52748],[121.81328,-8.52753],[121.81635,-8.52542]]]},"properties":{"date":"2024-04-13","year":2024,"res":0.31,"name":"Vivid"}},{"type":"Feature","geometry":{"type":"Polygon","coordinates":[[[121.76987,-8.52531],[121.76985,-8.51989],[121.7688,-8.51385],[121.76835,-8.50581],[121.76845,-8.48142],[121.75995,-8.48129],[121.75787,-8.48041],[121.75402,-8.48094],[121.74151,-8.48091],[121.73845,-8.48031],[121.73516,-8.47817],[121.73447,-8.47307],[121.72849,-8.47117],[121.71189,-8.47394],[121.70937,-8.47533],[121.70654,-8.47561],[121.70515,-8.4764],[121.68457,-8.47824],[121.66899,-8.48118],[121.66458,-8.48144],[121.65989,-8.4827],[121.65419,-8.48318],[121.65256,-8.48419],[121.64905,-8.485],[121.64062,-8.48528],[121.64062,-8.52539],[121.64518,-8.52586],[121.64873,-8.5274],[121.65072,-8.52916],[121.65531,-8.53043],[121.65823,-8.53214],[121.66223,-8.53198],[121.66491,-8.53293],[121.6671,-8.53295],[121.67049,-8.53529],[121.67421,-8.53513],[121.67563,-8.53424],[121.6762,-8.53303],[121.67919,-8.53271],[121.68089,-8.53135],[121.6812,-8.52964],[121.68269,-8.52826],[121.68303,-8.52644],[121.6846,-8.52539],[121.68519,-8.52631],[121.68664,-8.52679],[121.68744,-8.52871],[121.68953,-8.52909],[121.69094,-8.53157],[121.69503,-8.53264],[121.69849,-8.53277],[121.6998,-8.53153],[121.70173,-8.53178],[121.70435,-8.53034],[121.70551,-8.53067],[121.70622,-8.52961],[121.70879,-8.52939],[121.71031,-8.52842],[121.71896,-8.5278],[121.72515,-8.52582],[121.7277,-8.52602],[121.72868,-8.52519],[121.72915,-8.52172],[121.73215,-8.52172],[121.73416,-8.51982],[121.74114,-8.51856],[121.75208,-8.52248],[121.75803,-8.5228],[121.76729,-8.52434],[121.76987,-8.52531]]]},"properties":{"date":"2024-08-31","year":2024,"res":0.31,"name":"Vivid"}},{"type":"Feature","geometry":{"type":"Polygon","coordinates":[[[121.99997,-8.48832],[121.99952,-8.48596],[121.99622,-8.48578],[121.99616,-8.48142],[122.00047,-8.48035],[122.00396,-8.48023],[122.00308,-8.47671],[122.00428,-8.47447],[122.00342,-8.47277],[122.00433,-8.47043],[122.00259,-8.46281],[122.00074,-8.46237],[121.99874,-8.46022],[121.99781,-8.45818],[121.99834,-8.4575],[121.99808,-8.4542],[121.99642,-8.45261],[121.99581,-8.44781],[121.9965,-8.44747],[121.99705,-8.44196],[121.99626,-8.4375],[121.99713,-8.43747],[121.99869,-8.43912],[122.00088,-8.43947],[122.00234,-8.43941],[122.0032,-8.43797],[122.00457,-8.43753],[122.00458,-8.40717],[121.90429,-8.40717],[121.90429,-8.4375],[121.88702,-8.4375],[121.88701,-8.48144],[121.88855,-8.4907],[121.88861,-8.49473],[121.89257,-8.49719],[121.89363,-8.50009],[121.89501,-8.50079],[121.8975,-8.50722],[121.89616,-8.51301],[121.89581,-8.51623],[121.89649,-8.51782],[121.89592,-8.51968],[121.89465,-8.52073],[121.89095,-8.52164],[121.88983,-8.52418],[121.89013,-8.52545],[121.89604,-8.52629],[121.89853,-8.52542],[121.90139,-8.52602],[121.90181,-8.5255],[121.90863,-8.52569],[121.91088,-8.5266],[121.91384,-8.52925],[121.91568,-8.52969],[121.92075,-8.52944],[121.92431,-8.52806],[121.92742,-8.52853],[121.93,-8.52762],[121.93276,-8.52845],[121.93303,-8.52915],[121.93613,-8.52982],[121.94708,-8.52748],[121.94825,-8.52539],[121.94885,-8.52824],[121.95065,-8.52811],[121.95387,-8.52924],[121.95636,-8.52694],[121.96201,-8.52553],[121.96802,-8.52703],[121.97941,-8.5257],[121.98453,-8.52613],[121.98575,-8.52539],[121.99256,-8.52539],[121.99458,-8.52766],[121.99656,-8.52779],[121.99649,-8.52543],[121.99271,-8.52539],[121.99413,-8.52187],[121.99422,-8.51785],[121.99545,-8.51517],[121.99418,-8.51315],[121.99588,-8.51155],[121.99628,-8.50849],[121.99777,-8.50674],[121.99865,-8.50341],[121.99825,-8.49985],[121.99718,-8.49855],[121.99723,-8.49671],[121.9961,-8.49549],[121.99606,-8.49431],[121.99997,-8.48832]]]},"properties":{"date":"2024-10-27","year":2024,"res":0.34,"name":"Vivid"}},{"type":"Feature","geometry":{"type":"Polygon","coordinates":[[[121.99276,-8.52535],[121.99634,-8.52527],[121.99717,-8.51592],[121.99977,-8.51236],[121.99984,-8.5073],[121.99853,-8.49807],[121.99743,-8.49586],[121.99785,-8.49383],[122.00021,-8.49149],[122.00027,-8.48831],[121.99932,-8.48575],[121.99622,-8.48572],[121.99952,-8.48596],[122.00018,-8.49019],[121.99776,-8.49363],[121.99701,-8.49609],[121.99718,-8.49855],[121.99848,-8.50076],[121.99878,-8.50548],[121.99758,-8.50955],[121.99549,-8.51225],[121.99573,-8.51489],[121.99422,-8.51785],[121.99413,-8.52187],[121.99276,-8.52535]]]},"properties":{"date":"2025-04-25","year":2025,"res":0.34,"name":"Vivid"}},{"type":"Feature","geometry":{"type":"Polygon","coordinates":[[[122.0361,-8.48259],[122.04756,-8.48285],[122.06534,-8.48144],[122.08008,-8.48144],[122.08089,-8.50739],[122.08009,-8.51526],[122.08027,-8.51707],[122.08132,-8.51831],[122.08008,-8.52539],[122.08211,-8.52539],[122.08302,-8.52108],[122.08218,-8.51415],[122.08228,-8.50738],[122.08285,-8.50598],[122.08251,-8.49938],[122.08492,-8.49497],[122.08603,-8.48852],[122.08674,-8.48792],[122.08738,-8.48475],[122.08949,-8.48382],[122.08937,-8.46694],[122.08845,-8.45617],[122.08946,-8.4375],[122.05831,-8.4375],[122.05673,-8.43835],[122.0488,-8.43979],[122.04421,-8.43775],[122.03149,-8.43759],[122.02502,-8.43892],[122.02157,-8.44283],[122.01901,-8.44314],[122.01597,-8.44242],[122.01428,-8.44062],[122.01285,-8.44068],[122.01111,-8.43979],[122.00714,-8.44012],[121.99941,-8.43929],[121.99713,-8.43747],[121.99626,-8.4375],[121.99705,-8.44196],[121.99658,-8.4482],[121.99831,-8.45116],[121.99834,-8.4575],[121.99781,-8.45818],[121.99964,-8.4614],[122.00086,-8.46244],[122.00259,-8.46281],[122.00344,-8.46532],[122.00633,-8.46636],[122.00638,-8.46786],[122.00756,-8.46896],[122.00831,-8.47195],[122.00679,-8.47479],[122.00638,-8.4788],[122.00356,-8.48046],[122.00047,-8.48035],[121.99616,-8.48142],[121.99622,-8.48572],[121.99932,-8.48575],[122.00028,-8.48851],[122.00021,-8.49149],[121.99785,-8.49383],[121.99743,-8.49586],[121.99853,-8.49807],[122.00005,-8.51017],[121.99926,-8.51367],[121.99811,-8.51416],[121.99717,-8.51592],[121.99696,-8.52233],[121.99619,-8.52539],[121.99825,-8.51969],[121.99812,-8.51561],[121.99966,-8.51293],[122.00064,-8.51153],[122.00181,-8.51149],[122.00263,-8.51039],[122.00456,-8.50952],[122.00541,-8.50787],[122.00788,-8.50607],[122.00968,-8.50348],[122.0112,-8.5035],[122.0142,-8.50231],[122.01621,-8.5033],[122.0181,-8.50245],[122.02277,-8.50315],[122.02563,-8.50124],[122.0278,-8.50183],[122.02928,-8.50141],[122.03058,-8.4964],[122.03151,-8.49538],[122.03145,-8.49407],[122.03316,-8.49131],[122.03464,-8.49077],[122.03485,-8.48668],[122.0361,-8.48259]]]},"properties":{"date":"2025-05-10","year":2025,"res":0.34,"name":"Vivid"}},{"type":"Feature","geometry":{"type":"Polygon","coordinates":[[[122.34375,-8.3496],[122.34375,-8.38955],[122.35352,-8.38979],[122.35428,-8.38949],[122.3545,-8.38813],[122.35438,-8.38115],[122.35538,-8.3771],[122.35512,-8.37364],[122.35594,-8.36666],[122.35573,-8.35423],[122.35424,-8.34961],[122.35476,-8.35105],[122.35749,-8.35287],[122.36073,-8.35375],[122.36897,-8.35343],[122.38766,-8.34961],[122.39192,-8.35133],[122.40006,-8.35191],[122.40463,-8.35308],[122.41242,-8.35305],[122.41776,-8.35192],[122.41916,-8.35047],[122.42245,-8.34961],[122.42242,-8.31625],[122.34375,-8.31896],[122.35561,-8.31939],[122.35778,-8.32124],[122.36023,-8.32155],[122.36212,-8.32805],[122.36222,-8.33464],[122.36386,-8.33642],[122.36562,-8.34007],[122.36496,-8.34397],[122.36279,-8.34895],[122.36021,-8.34956],[122.34375,-8.3496]]]},"properties":{"date":"2021-06-05","year":2021,"res":0.5,"name":"Vivid"}},{"type":"Feature","geometry":{"type":"Polygon","coordinates":[[[122.38764,-8.38962],[122.39106,-8.39143],[122.39785,-8.39195],[122.41825,-8.39068],[122.41904,-8.38065],[122.41884,-8.35111],[122.4164,-8.35239],[122.41242,-8.35305],[122.40463,-8.35308],[122.40006,-8.35191],[122.39192,-8.35133],[122.38766,-8.34961],[122.36897,-8.35343],[122.36073,-8.35375],[122.35749,-8.35287],[122.35476,-8.35105],[122.35424,-8.34961],[122.35573,-8.35423],[122.35598,-8.36235],[122.35423,-8.38954],[122.36388,-8.3916],[122.37289,-8.39231],[122.38447,-8.3914],[122.38764,-8.38962]]]},"properties":{"date":"2022-08-19","year":2022,"res":0.5,"name":"Vivid"}},{"type":"Feature","geometry":{"type":"Polygon","coordinates":[[[122.42103,-8.35013],[122.42096,-8.35017],[122.4214,-8.35009],[122.42103,-8.35013]]]},"properties":{"date":"2022-08-19","year":2022,"res":0.5,"name":"Vivid"}},{"type":"Feature","geometry":{"type":"Polygon","coordinates":[[[122.42163,-8.35002],[122.42143,-8.35008],[122.42242,-8.34962],[122.42163,-8.35002]]]},"properties":{"date":"2022-08-19","year":2022,"res":0.5,"name":"Vivid"}},{"type":"Feature","geometry":{"type":"Polygon","coordinates":[[[122.42242,-8.34961],[122.42244,-8.34961],[122.42242,-8.34961]]]},"properties":{"date":"2022-08-19","year":2022,"res":0.5,"name":"Vivid"}},{"type":"Feature","geometry":{"type":"Polygon","coordinates":[[[122.34375,-8.38949],[122.34375,-8.38953],[122.34375,-8.38949]]]},"properties":{"date":"2023-02-25","year":2023,"res":0.5,"name":"Vivid"}},{"type":"Feature","geometry":{"type":"Polygon","coordinates":[[[122.34375,-8.31896],[122.34375,-8.3496],[122.36021,-8.34956],[122.36298,-8.34885],[122.36496,-8.34397],[122.36562,-8.34007],[122.36386,-8.33642],[122.36222,-8.33464],[122.36212,-8.32805],[122.36085,-8.32241],[122.36023,-8.32155],[122.35778,-8.32124],[122.35561,-8.31939],[122.34375,-8.31896]]]},"properties":{"date":"2023-02-25","year":2023,"res":0.5,"name":"Vivid"}},{"type":"Feature","geometry":{"type":"Polygon","coordinates":[[[122.34375,-8.38953],[122.34375,-8.40717],[122.41827,-8.40717],[122.41825,-8.39068],[122.39785,-8.39195],[122.39106,-8.39143],[122.38891,-8.39073],[122.3877,-8.38957],[122.38447,-8.3914],[122.36948,-8.39226],[122.35423,-8.38954],[122.34375,-8.38953]]]},"properties":{"date":"2023-04-22","year":2023,"res":0.46,"name":"Vivid"}},{"type":"Feature","geometry":{"type":"Polygon","coordinates":[[[122.41827,-8.40646],[122.41827,-8.40717],[122.5179,-8.40717],[122.51819,-8.34961],[122.42242,-8.34961],[122.41874,-8.35069],[122.41921,-8.35743],[122.41904,-8.38065],[122.41825,-8.3866],[122.41827,-8.40646]]]},"properties":{"date":"2025-03-05","year":2025,"res":0.34,"name":"Vivid"}},{"type":"Feature","geometry":{"type":"Polygon","coordinates":[[[122.51792,-8.40662],[122.5179,-8.40717],[122.60311,-8.40717],[122.60411,-8.40271],[122.60573,-8.39995],[122.60587,-8.39788],[122.60741,-8.39713],[122.6075,-8.39642],[122.60742,-8.34961],[122.51819,-8.34961],[122.51792,-8.40662]]]},"properties":{"date":"2025-05-01","year":2025,"res":0.34,"name":"Vivid"}},{"type":"Feature","geometry":{"type":"Polygon","coordinates":[[[122.78388,-8.48605],[122.78388,-8.48604],[122.78388,-8.48605]]]},"properties":{"date":"2021-09-11","year":2021,"res":0.5,"name":"Vivid"}},{"type":"Feature","geometry":{"type":"Polygon","coordinates":[[[122.89095,-8.40744],[122.77015,-8.40717],[122.76997,-8.40913],[122.7707,-8.41239],[122.77206,-8.41459],[122.7727,-8.42073],[122.77242,-8.42168],[122.77037,-8.42324],[122.77063,-8.427],[122.769,-8.43114],[122.76974,-8.43276],[122.769,-8.4355],[122.76908,-8.43826],[122.77146,-8.44169],[122.77383,-8.4426],[122.77385,-8.44329],[122.77706,-8.44613],[122.77731,-8.44727],[122.77819,-8.44735],[122.77908,-8.44885],[122.78099,-8.44995],[122.78321,-8.45297],[122.7848,-8.45269],[122.7861,-8.45145],[122.78869,-8.45117],[122.78948,-8.45026],[122.79036,-8.44622],[122.79422,-8.44493],[122.80258,-8.4451],[122.80528,-8.44782],[122.82715,-8.44796],[122.83112,-8.44616],[122.83569,-8.44601],[122.83697,-8.44544],[122.84757,-8.44545],[122.8598,-8.44244],[122.8711,-8.44248],[122.87644,-8.43882],[122.88072,-8.43834],[122.88025,-8.4375],[122.8807,-8.43664],[122.88584,-8.43261],[122.88764,-8.42689],[122.89177,-8.42597],[122.89294,-8.42506],[122.89349,-8.41998],[122.89185,-8.41612],[122.89214,-8.4144],[122.89045,-8.40998],[122.89095,-8.40744]]]},"properties":{"date":"2022-07-26","year":2022,"res":0.31,"name":"Vivid"}},{"type":"Feature","geometry":{"type":"Polygon","coordinates":[[[122.71401,-8.40695],[122.77015,-8.40717],[122.77017,-8.39809],[122.76917,-8.39353],[122.77013,-8.39313],[122.77207,-8.38995],[122.77159,-8.38661],[122.77226,-8.38613],[122.77269,-8.38284],[122.77487,-8.37966],[122.77455,-8.37671],[122.77578,-8.37133],[122.77366,-8.36609],[122.77317,-8.36287],[122.76911,-8.35696],[122.76882,-8.35367],[122.76674,-8.35724],[122.75234,-8.35675],[122.74852,-8.35534],[122.74152,-8.35452],[122.73928,-8.34961],[122.72518,-8.34961],[122.72498,-8.3604],[122.72394,-8.36532],[122.72433,-8.37188],[122.72269,-8.37985],[122.725,-8.38802],[122.72518,-8.39357],[122.72434,-8.3951],[122.72139,-8.39759],[122.71987,-8.40017],[122.71845,-8.40087],[122.71401,-8.40695]]]},"properties":{"date":"2021-08-31","year":2021,"res":0.31,"name":"Vivid"}},{"type":"Feature","geometry":{"type":"Polygon","coordinates":[[[122.78274,-8.30556],[122.78335,-8.30657],[122.78395,-8.3215],[122.78322,-8.32434],[122.78332,-8.32805],[122.78486,-8.33134],[122.78364,-8.34104],[122.78403,-8.34173],[122.78333,-8.34651],[122.78385,-8.34811],[122.78321,-8.34961],[122.7811,-8.35031],[122.77771,-8.3497],[122.77278,-8.35026],[122.76882,-8.35367],[122.76911,-8.35696],[122.77317,-8.36287],[122.77366,-8.36609],[122.77578,-8.37133],[122.77455,-8.37671],[122.77487,-8.37966],[122.77269,-8.38284],[122.77226,-8.38613],[122.77159,-8.38661],[122.77207,-8.38995],[122.77013,-8.39313],[122.76917,-8.39353],[122.77017,-8.39809],[122.77015,-8.40717],[122.89099,-8.40717],[122.88981,-8.40171],[122.88619,-8.40009],[122.88414,-8.39811],[122.88247,-8.39789],[122.88137,-8.39424],[122.87979,-8.39355],[122.88045,-8.39045],[122.88046,-8.38737],[122.87975,-8.38674],[122.8799,-8.38179],[122.88278,-8.37866],[122.88361,-8.37573],[122.88472,-8.37448],[122.88391,-8.37013],[122.88482,-8.36722],[122.88425,-8.36422],[122.88607,-8.35663],[122.88529,-8.35375],[122.88383,-8.35146],[122.88142,-8.34961],[122.88172,-8.34714],[122.88345,-8.3442],[122.88467,-8.33849],[122.88473,-8.33436],[122.88554,-8.33281],[122.88524,-8.32798],[122.88583,-8.32355],[122.88311,-8.31619],[122.88284,-8.30988],[122.88075,-8.30498],[122.88216,-8.30212],[122.88297,-8.29657],[122.88381,-8.29499],[122.88413,-8.28693],[122.88674,-8.28231],[122.88601,-8.28135],[122.88597,-8.27267],[122.88521,-8.26774],[122.88246,-8.2631],[122.88072,-8.26177],[122.87034,-8.26174],[122.86739,-8.26236],[122.8651,-8.26313],[122.86236,-8.26594],[122.85874,-8.26696],[122.85804,-8.26811],[122.85566,-8.26867],[122.85327,-8.27042],[122.84775,-8.27124],[122.84133,-8.27006],[122.83821,-8.26823],[122.83424,-8.26749],[122.83321,-8.26367],[122.82718,-8.26172],[122.81879,-8.26188],[122.81076,-8.26307],[122.80303,-8.26188],[122.78321,-8.26172],[122.78216,-8.26308],[122.77962,-8.27521],[122.78056,-8.28118],[122.77972,-8.29028],[122.78022,-8.30322],[122.78148,-8.30526],[122.78274,-8.30556]]]},"properties":{"date":"2022-07-26","year":2022,"res":0.31,"name":"Vivid"}},{"type":"Feature","geometry":{"type":"Polygon","coordinates":[]},"properties":{"date":"2014-08-26","year":2014,"res":0.5,"name":"Vivid"}},{"type":"Feature","geometry":{"type":"Polygon","coordinates":[[[122.64499,-8.61342],[122.64955,-8.61283],[122.65286,-8.61325],[122.65307,-8.61122],[122.65482,-8.60779],[122.65507,-8.60278],[122.65614,-8.60038],[122.65636,-8.5968],[122.65994,-8.58855],[122.65906,-8.58284],[122.6572,-8.57827],[122.65628,-8.57399],[122.65703,-8.57273],[122.65655,-8.56934],[122.65787,-8.56759],[122.65858,-8.56468],[122.65867,-8.55439],[122.65759,-8.55046],[122.65873,-8.54828],[122.65898,-8.54559],[122.65751,-8.54013],[122.65762,-8.53824],[122.65588,-8.53496],[122.65367,-8.52539],[122.65454,-8.52467],[122.657,-8.52448],[122.66098,-8.52535],[122.66373,-8.525],[122.6651,-8.52586],[122.67281,-8.52667],[122.68506,-8.52485],[122.69187,-8.52634],[122.69532,-8.52539],[122.69604,-8.52382],[122.69656,-8.52138],[122.69576,-8.51651],[122.6962,-8.51232],[122.69456,-8.50701],[122.69457,-8.50343],[122.69505,-8.50277],[122.69426,-8.50102],[122.69578,-8.49595],[122.69523,-8.49156],[122.6957,-8.48248],[122.69475,-8.48014],[122.69454,-8.47559],[122.69389,-8.47487],[122.69338,-8.47114],[122.69438,-8.46955],[122.69439,-8.46521],[122.69329,-8.46222],[122.69313,-8.45803],[122.69257,-8.45767],[122.69338,-8.45119],[122.69198,-8.44541],[122.69381,-8.43979],[122.69524,-8.43883],[122.69532,-8.4375],[122.69394,-8.43626],[122.69249,-8.43618],[122.69081,-8.43475],[122.68796,-8.43367],[122.687,-8.43367],[122.68561,-8.43518],[122.68219,-8.43586],[122.67858,-8.43521],[122.67197,-8.43549],[122.67069,-8.43677],[122.6665,-8.4379],[122.66098,-8.43798],[122.65326,-8.43709],[122.64893,-8.43773],[122.64456,-8.43642],[122.64201,-8.43773],[122.63916,-8.43756],[122.63838,-8.43993],[122.63869,-8.44276],[122.63801,-8.44554],[122.63773,-8.45274],[122.63693,-8.45416],[122.63799,-8.45732],[122.63679,-8.46511],[122.63706,-8.47047],[122.63772,-8.47123],[122.63764,-8.47536],[122.63856,-8.4768],[122.63946,-8.48183],[122.63895,-8.48294],[122.63774,-8.48309],[122.6363,-8.48429],[122.6324,-8.4944],[122.628,-8.49685],[122.62586,-8.49734],[122.62189,-8.50145],[122.61163,-8.50786],[122.61074,-8.50995],[122.60962,-8.51086],[122.6089,-8.51555],[122.60742,-8.51772],[122.60676,-8.52272],[122.60755,-8.52402],[122.60813,-8.52923],[122.61066,-8.53487],[122.61086,-8.54305],[122.61194,-8.54496],[122.61245,-8.55091],[122.61133,-8.55664],[122.61177,-8.55836],[122.61142,-8.56421],[122.61075,-8.56624],[122.60742,-8.56934],[122.60779,-8.572],[122.60905,-8.57455],[122.60789,-8.58406],[122.6098,-8.58988],[122.6088,-8.59358],[122.6096,-8.59564],[122.6083,-8.60298],[122.60851,-8.61054],[122.60742,-8.61328],[122.60856,-8.61274],[122.61016,-8.61358],[122.61467,-8.61329],[122.61999,-8.61143],[122.62218,-8.61163],[122.62522,-8.61078],[122.63162,-8.61169],[122.63491,-8.61363],[122.64054,-8.61571],[122.64261,-8.61497],[122.64321,-8.61358],[122.64499,-8.61342]]]},"properties":{"date":"2014-08-26","year":2014,"res":0.5,"name":"Vivid"}},{"type":"Feature","geometry":{"type":"Polygon","coordinates":[[[122.70294,-8.52396],[122.70454,-8.52465],[122.70354,-8.52405],[122.70294,-8.52396]]]},"properties":{"date":"2014-08-26","year":2014,"res":0.5,"name":"Vivid"}},{"type":"Feature","geometry":{"type":"Polygon","coordinates":[[[122.64227,-8.41509],[122.64218,-8.41433],[122.63958,-8.41337],[122.63661,-8.41379],[122.63324,-8.41532],[122.63041,-8.41557],[122.62308,-8.4158],[122.61561,-8.41523],[122.61683,-8.41796],[122.61713,-8.42233],[122.6181,-8.42338],[122.61828,-8.42481],[122.61316,-8.43128],[122.61252,-8.43353],[122.61051,-8.43578],[122.60742,-8.4375],[122.6121,-8.43799],[122.6145,-8.43689],[122.61957,-8.43636],[122.62321,-8.4372],[122.62843,-8.43648],[122.63011,-8.4373],[122.6407,-8.4375],[122.64107,-8.42926],[122.64225,-8.4215],[122.64227,-8.41509]]]},"properties":{"date":"2018-07-01","year":2018,"res":0.5,"name":"Vivid"}},{"type":"Feature","geometry":{"type":"Polygon","coordinates":[[[122.60748,-8.52549],[122.60749,-8.52547],[122.60748,-8.52547],[122.60748,-8.52549]]]},"properties":{"date":"2018-07-01","year":2018,"res":0.5,"name":"Vivid"}},{"type":"Feature","geometry":{"type":"Polygon","coordinates":[[[122.60747,-8.52546],[122.60748,-8.52546],[122.60748,-8.52546],[122.60747,-8.52546]]]},"properties":{"date":"2018-07-01","year":2018,"res":0.5,"name":"Vivid"}},{"type":"Feature","geometry":{"type":"Polygon","coordinates":[]},"properties":{"date":"2018-07-01","year":2018,"res":0.5,"name":"Vivid"}},{"type":"Feature","geometry":{"type":"Polygon","coordinates":[[[122.60742,-8.52544],[122.60744,-8.52544],[122.60743,-8.52542],[122.60742,-8.52544]]]},"properties":{"date":"2018-07-01","year":2018,"res":0.5,"name":"Vivid"}},{"type":"Feature","geometry":{"type":"Polygon","coordinates":[]},"properties":{"date":"2018-07-01","year":2018,"res":0.5,"name":"Vivid"}},{"type":"Feature","geometry":{"type":"Polygon","coordinates":[[[122.60743,-8.43746],[122.60744,-8.43744],[122.60743,-8.43744],[122.60743,-8.43746]]]},"properties":{"date":"2021-08-23","year":2021,"res":0.5,"name":"Vivid"}},{"type":"Feature","geometry":{"type":"Polygon","coordinates":[[[122.60745,-8.43744],[122.60744,-8.43743],[122.60744,-8.43744],[122.60745,-8.43744]]]},"properties":{"date":"2021-08-23","year":2021,"res":0.5,"name":"Vivid"}},{"type":"Feature","geometry":{"type":"Polygon","coordinates":[[[122.63602,-8.43736],[122.63011,-8.4373],[122.62843,-8.43648],[122.62321,-8.4372],[122.6195,-8.43636],[122.6145,-8.43689],[122.6121,-8.43799],[122.6074,-8.4375],[122.60369,-8.43992],[122.59936,-8.4414],[122.59508,-8.44252],[122.59236,-8.44196],[122.58819,-8.44311],[122.57989,-8.44236],[122.57421,-8.44091],[122.5696,-8.44107],[122.56602,-8.43947],[122.56345,-8.4375],[122.56333,-8.44663],[122.56268,-8.44745],[122.56144,-8.4561],[122.56003,-8.46009],[122.56033,-8.46547],[122.55823,-8.46925],[122.55366,-8.47254],[122.54997,-8.47227],[122.54746,-8.47397],[122.54443,-8.47454],[122.54281,-8.47421],[122.53866,-8.47547],[122.53481,-8.47329],[122.52958,-8.47289],[122.5292,-8.47171],[122.52734,-8.4707],[122.52479,-8.47051],[122.52347,-8.46808],[122.52142,-8.46724],[122.52097,-8.46609],[122.52002,-8.47218],[122.52048,-8.47999],[122.51953,-8.48149],[122.52111,-8.48504],[122.52115,-8.48726],[122.52425,-8.4879],[122.53341,-8.48794],[122.53506,-8.48857],[122.54027,-8.48797],[122.54355,-8.48899],[122.54724,-8.488],[122.55323,-8.48778],[122.55482,-8.48708],[122.55768,-8.48754],[122.56348,-8.48701],[122.56441,-8.48766],[122.56603,-8.49076],[122.56654,-8.49548],[122.56863,-8.49913],[122.5704,-8.50417],[122.57266,-8.50743],[122.57658,-8.50953],[122.57916,-8.51292],[122.57999,-8.5159],[122.58235,-8.51489],[122.58512,-8.51508],[122.59094,-8.5134],[122.59549,-8.51468],[122.59817,-8.51668],[122.60742,-8.51772],[122.6089,-8.51555],[122.60962,-8.51086],[122.61074,-8.50995],[122.61163,-8.50786],[122.62189,-8.50145],[122.62586,-8.49734],[122.628,-8.49685],[122.6324,-8.4944],[122.6363,-8.48429],[122.63774,-8.48309],[122.63895,-8.48294],[122.63946,-8.48183],[122.63856,-8.4768],[122.63764,-8.47536],[122.63772,-8.47123],[122.63706,-8.47047],[122.63679,-8.46511],[122.63799,-8.45732],[122.63693,-8.45416],[122.63773,-8.45274],[122.63801,-8.44554],[122.63869,-8.44276],[122.63838,-8.43993],[122.63922,-8.4375],[122.63602,-8.43736]]]},"properties":{"date":"2021-08-23","year":2021,"res":0.5,"name":"Vivid"}},{"type":"Feature","geometry":{"type":"Polygon","coordinates":[[[122.6485,-8.43738],[122.65027,-8.43774],[122.65326,-8.43709],[122.66098,-8.43798],[122.6665,-8.4379],[122.67069,-8.43677],[122.67197,-8.43549],[122.67858,-8.43521],[122.68219,-8.43586],[122.6857,-8.43514],[122.68758,-8.43363],[122.69081,-8.43475],[122.69249,-8.43618],[122.69394,-8.43626],[122.69532,-8.4375],[122.69524,-8.43883],[122.69381,-8.43979],[122.69198,-8.44541],[122.69338,-8.45119],[122.69257,-8.45767],[122.69313,-8.45803],[122.69329,-8.46222],[122.69439,-8.46521],[122.69438,-8.46955],[122.69338,-8.47114],[122.69389,-8.47487],[122.69454,-8.47559],[122.69475,-8.48014],[122.6957,-8.48248],[122.69523,-8.49156],[122.69578,-8.49595],[122.69426,-8.50102],[122.69505,-8.50277],[122.69457,-8.50343],[122.69456,-8.50701],[122.6962,-8.51232],[122.69576,-8.51651],[122.69656,-8.52138],[122.69523,-8.52522],[122.70132,-8.52363],[122.70455,-8.52456],[122.70459,-8.52308],[122.7055,-8.52168],[122.71023,-8.52121],[122.71517,-8.51885],[122.71624,-8.51754],[122.71964,-8.51581],[122.72943,-8.51429],[122.73095,-8.51234],[122.73104,-8.50835],[122.73271,-8.50234],[122.73304,-8.49607],[122.7326,-8.49385],[122.73322,-8.49262],[122.73175,-8.49088],[122.73081,-8.48334],[122.72872,-8.48144],[122.72996,-8.47287],[122.72998,-8.46557],[122.72924,-8.46285],[122.73116,-8.4559],[122.73078,-8.45261],[122.73121,-8.45123],[122.73084,-8.444],[122.72952,-8.44272],[122.72933,-8.43965],[122.72842,-8.4375],[122.733,-8.43109],[122.73565,-8.42974],[122.73684,-8.42832],[122.7378,-8.42502],[122.73926,-8.42323],[122.74019,-8.42411],[122.74037,-8.42569],[122.7426,-8.42781],[122.74739,-8.42997],[122.75859,-8.42922],[122.7696,-8.42943],[122.77063,-8.427],[122.77037,-8.42324],[122.77265,-8.42113],[122.77206,-8.41459],[122.77065,-8.41223],[122.77015,-8.40717],[122.71391,-8.40717],[122.7119,-8.41035],[122.7091,-8.41292],[122.70027,-8.41396],[122.69532,-8.41591],[122.69146,-8.41494],[122.68749,-8.4154],[122.68127,-8.4142],[122.677,-8.41572],[122.67485,-8.4156],[122.67241,-8.41434],[122.6667,-8.41353],[122.6603,-8.41359],[122.65716,-8.41474],[122.65605,-8.41591],[122.65363,-8.41638],[122.64358,-8.41594],[122.64231,-8.41463],[122.64225,-8.4215],[122.64107,-8.42926],[122.6407,-8.4375],[122.64201,-8.43773],[122.64456,-8.43642],[122.6485,-8.43738]]]},"properties":{"date":"2021-08-31","year":2021,"res":0.31,"name":"Vivid"}},{"type":"Feature","geometry":{"type":"Polygon","coordinates":[[[122.86971,-8.52543],[122.8711,-8.52539],[122.87127,-8.52813],[122.87483,-8.53032],[122.88169,-8.53044],[122.8804,-8.54398],[122.87871,-8.54795],[122.87983,-8.55403],[122.87929,-8.55582],[122.8796,-8.55713],[122.8758,-8.56042],[122.87467,-8.56561],[122.87249,-8.56904],[122.8711,-8.5693],[122.87193,-8.57],[122.87154,-8.57159],[122.87312,-8.57646],[122.87171,-8.58095],[122.8718,-8.58455],[122.87116,-8.58512],[122.87167,-8.59114],[122.8711,-8.61329],[122.87672,-8.6153],[122.87805,-8.61798],[122.88013,-8.62018],[122.88209,-8.62482],[122.88445,-8.62844],[122.88752,-8.63075],[122.88807,-8.6259],[122.88978,-8.62241],[122.89341,-8.6179],[122.89643,-8.61577],[122.89786,-8.61328],[122.89628,-8.60827],[122.89705,-8.60317],[122.89729,-8.59322],[122.89654,-8.59207],[122.896,-8.58724],[122.89634,-8.58321],[122.89788,-8.57786],[122.89767,-8.57489],[122.89954,-8.56934],[122.89842,-8.56694],[122.89806,-8.56182],[122.89547,-8.55253],[122.8958,-8.54452],[122.897,-8.53955],[122.89766,-8.52777],[122.89829,-8.52539],[122.89709,-8.52284],[122.89706,-8.52044],[122.89535,-8.51658],[122.89532,-8.50891],[122.89601,-8.50372],[122.89573,-8.49093],[122.88991,-8.4883],[122.88764,-8.48479],[122.87981,-8.48146],[122.87986,-8.45289],[122.88229,-8.4505],[122.88199,-8.44167],[122.88072,-8.43834],[122.87644,-8.43882],[122.8711,-8.44248],[122.8598,-8.44244],[122.84757,-8.44545],[122.83697,-8.44544],[122.83569,-8.44601],[122.83112,-8.44616],[122.82715,-8.44796],[122.80528,-8.44782],[122.80258,-8.4451],[122.79422,-8.44493],[122.79036,-8.44622],[122.78948,-8.45026],[122.78869,-8.45117],[122.7861,-8.45145],[122.7848,-8.45269],[122.78321,-8.45297],[122.78099,-8.44995],[122.77908,-8.44885],[122.77819,-8.44735],[122.77731,-8.44727],[122.77706,-8.44613],[122.77385,-8.44329],[122.77383,-8.4426],[122.77152,-8.44173],[122.76991,-8.43984],[122.76891,-8.4375],[122.76974,-8.43276],[122.769,-8.43114],[122.76949,-8.42936],[122.75859,-8.42922],[122.74739,-8.42997],[122.7426,-8.42781],[122.74037,-8.42569],[122.74019,-8.42411],[122.73926,-8.42323],[122.7378,-8.42502],[122.73716,-8.42772],[122.73611,-8.42926],[122.733,-8.43109],[122.73083,-8.43368],[122.73048,-8.4352],[122.72842,-8.4375],[122.72933,-8.43965],[122.72952,-8.44272],[122.73084,-8.444],[122.73121,-8.45123],[122.73078,-8.45261],[122.73116,-8.4559],[122.72924,-8.46285],[122.72998,-8.46557],[122.72996,-8.47287],[122.72872,-8.48144],[122.73081,-8.48334],[122.73175,-8.49088],[122.73322,-8.49262],[122.7326,-8.49385],[122.73304,-8.49607],[122.73271,-8.50234],[122.73198,-8.50371],[122.73049,-8.51327],[122.73226,-8.511],[122.73527,-8.50924],[122.73694,-8.50722],[122.73895,-8.5036],[122.73848,-8.50105],[122.73906,-8.50043],[122.74566,-8.50221],[122.7467,-8.50386],[122.74864,-8.50366],[122.7499,-8.50468],[122.75256,-8.50541],[122.75524,-8.50467],[122.75939,-8.50467],[122.76714,-8.50158],[122.77127,-8.50159],[122.77398,-8.50042],[122.77686,-8.50089],[122.7831,-8.49954],[122.78352,-8.48885],[122.7829,-8.48619],[122.78321,-8.48551],[122.78387,-8.48604],[122.78368,-8.48278],[122.78257,-8.48007],[122.78321,-8.47377],[122.78629,-8.47708],[122.78835,-8.47778],[122.78852,-8.47888],[122.79133,-8.48061],[122.79258,-8.48099],[122.7928,-8.48003],[122.79347,-8.47987],[122.79535,-8.48107],[122.8015,-8.48134],[122.80266,-8.47847],[122.80885,-8.47805],[122.82239,-8.47547],[122.82493,-8.47282],[122.82715,-8.47222],[122.831,-8.47353],[122.8328,-8.47317],[122.83551,-8.47401],[122.83746,-8.4769],[122.83824,-8.47965],[122.84012,-8.48144],[122.83908,-8.48218],[122.83826,-8.48475],[122.83534,-8.48739],[122.83266,-8.50413],[122.83083,-8.50808],[122.83084,-8.51589],[122.83258,-8.51814],[122.8325,-8.5207],[122.83379,-8.52197],[122.83524,-8.52514],[122.86971,-8.52543]]]},"properties":{"date":"2021-09-11","year":2021,"res":0.5,"name":"Vivid"}},{"type":"Feature","geometry":{"type":"Polygon","coordinates":[[[122.72992,-8.51376],[122.72985,-8.514],[122.73009,-8.51367],[122.72992,-8.51376]]]},"properties":{"date":"2021-09-11","year":2021,"res":0.5,"name":"Vivid"}},{"type":"Feature","geometry":{"type":"Polygon","coordinates":[]},"properties":{"date":"2021-09-11","year":2021,"res":0.5,"name":"Vivid"}},{"type":"Feature","geometry":{"type":"Polygon","coordinates":[[[122.7303,-8.51339],[122.73037,-8.51338],[122.73039,-8.51335],[122.7303,-8.51339]]]},"properties":{"date":"2021-09-11","year":2021,"res":0.5,"name":"Vivid"}},{"type":"Feature","geometry":{"type":"Polygon","coordinates":[[[122.73041,-8.5133],[122.73041,-8.51331],[122.73041,-8.5133]]]},"properties":{"date":"2021-09-11","year":2021,"res":0.5,"name":"Vivid"}},{"type":"Feature","geometry":{"type":"Polygon","coordinates":[]},"properties":{"date":"2021-09-11","year":2021,"res":0.5,"name":"Vivid"}},{"type":"Feature","geometry":{"type":"Polygon","coordinates":[[[122.73042,-8.51328],[122.73041,-8.5133],[122.73042,-8.5133],[122.73042,-8.51328]]]},"properties":{"date":"2021-09-11","year":2021,"res":0.5,"name":"Vivid"}},{"type":"Feature","geometry":{"type":"Polygon","coordinates":[]},"properties":{"date":"2023-04-22","year":2023,"res":0.46,"name":"Vivid"}},{"type":"Feature","geometry":{"type":"Polygon","coordinates":[[[122.60765,-8.43735],[122.60779,-8.43714],[122.60742,-8.43747],[122.60765,-8.43735]]]},"properties":{"date":"2023-04-22","year":2023,"res":0.46,"name":"Vivid"}},{"type":"Feature","geometry":{"type":"Polygon","coordinates":[[[122.56381,-8.43756],[122.5638,-8.43756],[122.5638,-8.43757],[122.56381,-8.43756]]]},"properties":{"date":"2023-04-22","year":2023,"res":0.46,"name":"Vivid"}},{"type":"Feature","geometry":{"type":"Polygon","coordinates":[[[122.56379,-8.43755],[122.56379,-8.43756],[122.56379,-8.43755]]]},"properties":{"date":"2023-04-22","year":2023,"res":0.46,"name":"Vivid"}},{"type":"Feature","geometry":{"type":"Polygon","coordinates":[[[122.56377,-8.43754],[122.56377,-8.43754],[122.56377,-8.43754]]]},"properties":{"date":"2023-04-22","year":2023,"res":0.46,"name":"Vivid"}},{"type":"Feature","geometry":{"type":"Polygon","coordinates":[[[122.59942,-8.44137],[122.59258,-8.44198],[122.59508,-8.44252],[122.59942,-8.44137]]]},"properties":{"date":"2023-04-22","year":2023,"res":0.46,"name":"Vivid"}},{"type":"Feature","geometry":{"type":"Polygon","coordinates":[[[122.59982,-8.44121],[122.59991,-8.44115],[122.59967,-8.44122],[122.59982,-8.44121]]]},"properties":{"date":"2023-04-22","year":2023,"res":0.46,"name":"Vivid"}},{"type":"Feature","geometry":{"type":"Polygon","coordinates":[[[122.57427,-8.44093],[122.57426,-8.44091],[122.57421,-8.44091],[122.57427,-8.44093]]]},"properties":{"date":"2023-04-22","year":2023,"res":0.46,"name":"Vivid"}},{"type":"Feature","geometry":{"type":"Polygon","coordinates":[[[122.60083,-8.44065],[122.60084,-8.44065],[122.60084,-8.44064],[122.60083,-8.44065]]]},"properties":{"date":"2023-04-22","year":2023,"res":0.46,"name":"Vivid"}},{"type":"Feature","geometry":{"type":"Polygon","coordinates":[[[122.6073,-8.43772],[122.60317,-8.43845],[122.60084,-8.44064],[122.60369,-8.43992],[122.6073,-8.43772]]]},"properties":{"date":"2023-04-22","year":2023,"res":0.46,"name":"Vivid"}},{"type":"Feature","geometry":{"type":"Polygon","coordinates":[[[122.56391,-8.4376],[122.56393,-8.43763],[122.56397,-8.43763],[122.56391,-8.4376]]]},"properties":{"date":"2023-04-22","year":2023,"res":0.46,"name":"Vivid"}},{"type":"Feature","geometry":{"type":"Polygon","coordinates":[]},"properties":{"date":"2023-04-22","year":2023,"res":0.46,"name":"Vivid"}},{"type":"Feature","geometry":{"type":"Polygon","coordinates":[]},"properties":{"date":"2023-04-22","year":2023,"res":0.46,"name":"Vivid"}},{"type":"Feature","geometry":{"type":"Polygon","coordinates":[[[122.56384,-8.43757],[122.56382,-8.43757],[122.56384,-8.43757]]]},"properties":{"date":"2023-04-22","year":2023,"res":0.46,"name":"Vivid"}},{"type":"Feature","geometry":{"type":"Polygon","coordinates":[[[122.69525,-8.41587],[122.70027,-8.41396],[122.7091,-8.41292],[122.7119,-8.41035],[122.71391,-8.40717],[122.61267,-8.40717],[122.61479,-8.41025],[122.61556,-8.41512],[122.61611,-8.41532],[122.63041,-8.41557],[122.63324,-8.41532],[122.63661,-8.41379],[122.63975,-8.41337],[122.64218,-8.41433],[122.64358,-8.41594],[122.64957,-8.41585],[122.65244,-8.41643],[122.65605,-8.41591],[122.65842,-8.41414],[122.66184,-8.41341],[122.67241,-8.41434],[122.67485,-8.4156],[122.677,-8.41572],[122.68127,-8.4142],[122.68749,-8.4154],[122.69146,-8.41494],[122.69525,-8.41587]]]},"properties":{"date":"2023-04-25","year":2023,"res":0.46,"name":"Vivid"}},{"type":"Feature","geometry":{"type":"Polygon","coordinates":[[[122.61271,-8.4073],[122.60311,-8.40717],[122.60325,-8.41134],[122.60512,-8.41234],[122.60591,-8.41448],[122.60723,-8.41569],[122.60734,-8.42023],[122.60656,-8.42146],[122.6074,-8.42502],[122.60588,-8.42614],[122.60509,-8.42815],[122.603,-8.42895],[122.60277,-8.43178],[122.60594,-8.43452],[122.60621,-8.43598],[122.60742,-8.43749],[122.61051,-8.43578],[122.61252,-8.43353],[122.61316,-8.43128],[122.61719,-8.42681],[122.61831,-8.42461],[122.61713,-8.42233],[122.6169,-8.41827],[122.61556,-8.41512],[122.61479,-8.41025],[122.61271,-8.4073]]]},"properties":{"date":"2024-09-30","year":2024,"res":0.31,"name":"Vivid"}},{"type":"Feature","geometry":{"type":"Polygon","coordinates":[[[122.58287,-8.44237],[122.58328,-8.44245],[122.58073,-8.44228],[122.58287,-8.44237]]]},"properties":{"date":"2024-09-30","year":2024,"res":0.31,"name":"Vivid"}},{"type":"Feature","geometry":{"type":"Polygon","coordinates":[[[122.57989,-8.44236],[122.58043,-8.44228],[122.57782,-8.44168],[122.57989,-8.44236]]]},"properties":{"date":"2024-09-30","year":2024,"res":0.31,"name":"Vivid"}},{"type":"Feature","geometry":{"type":"Polygon","coordinates":[[[122.57576,-8.44149],[122.56997,-8.43921],[122.56907,-8.43826],[122.56351,-8.4375],[122.56869,-8.44078],[122.57426,-8.44091],[122.57576,-8.44149]]]},"properties":{"date":"2024-09-30","year":2024,"res":0.31,"name":"Vivid"}},{"type":"Feature","geometry":{"type":"Polygon","coordinates":[[[122.58633,-8.44283],[122.58632,-8.44284],[122.58633,-8.44284],[122.58633,-8.44283]]]},"properties":{"date":"2024-09-30","year":2024,"res":0.31,"name":"Vivid"}},{"type":"Feature","geometry":{"type":"Polygon","coordinates":[[[122.58679,-8.44279],[122.58702,-8.44284],[122.5864,-8.44284],[122.58679,-8.44279]]]},"properties":{"date":"2024-09-30","year":2024,"res":0.31,"name":"Vivid"}},{"type":"Feature","geometry":{"type":"Polygon","coordinates":[[[122.58596,-8.44274],[122.58628,-8.44282],[122.5861,-8.44268],[122.58596,-8.44274]]]},"properties":{"date":"2024-09-30","year":2024,"res":0.31,"name":"Vivid"}},{"type":"Feature","geometry":{"type":"Polygon","coordinates":[[[122.5918,-8.44217],[122.59001,-8.44197],[122.5879,-8.44303],[122.5918,-8.44217]]]},"properties":{"date":"2024-09-30","year":2024,"res":0.31,"name":"Vivid"}},{"type":"Feature","geometry":{"type":"Polygon","coordinates":[[[122.60719,-8.43762],[122.60738,-8.4375],[122.60644,-8.43788],[122.60719,-8.43762]]]},"properties":{"date":"2024-09-30","year":2024,"res":0.31,"name":"Vivid"}},{"type":"Feature","geometry":{"type":"Polygon","coordinates":[[[122.60741,-8.4375],[122.6074,-8.4375],[122.60741,-8.4375]]]},"properties":{"date":"2024-09-30","year":2024,"res":0.31,"name":"Vivid"}},{"type":"Feature","geometry":{"type":"Polygon","coordinates":[[[122.70783,-8.52538],[122.70927,-8.52531],[122.71494,-8.52098],[122.71948,-8.51911],[122.72301,-8.51609],[122.72742,-8.51466],[122.72994,-8.51453],[122.73737,-8.50753],[122.73886,-8.5037],[122.73527,-8.50924],[122.73226,-8.511],[122.72943,-8.51429],[122.71964,-8.51581],[122.71624,-8.51754],[122.71517,-8.51885],[122.71023,-8.52121],[122.70528,-8.52181],[122.70454,-8.52465],[122.70783,-8.52538]]]},"properties":{"date":"2024-11-05","year":2024,"res":0.31,"name":"Vivid"}},{"type":"Feature","geometry":{"type":"Polygon","coordinates":[[[122.78325,-8.4997],[122.77686,-8.50089],[122.77366,-8.50046],[122.77127,-8.50159],[122.76714,-8.50158],[122.75907,-8.5047],[122.76198,-8.50418],[122.76785,-8.50462],[122.77162,-8.5038],[122.77601,-8.50409],[122.77752,-8.50361],[122.7818,-8.50403],[122.78321,-8.50365],[122.78411,-8.50139],[122.78325,-8.4997]]]},"properties":{"date":"2024-11-05","year":2024,"res":0.31,"name":"Vivid"}},{"type":"Feature","geometry":{"type":"Polygon","coordinates":[[[122.7469,-8.50381],[122.7472,-8.50456],[122.75025,-8.50532],[122.75111,-8.5061],[122.75382,-8.5058],[122.75548,-8.50476],[122.75869,-8.5047],[122.75524,-8.50467],[122.75256,-8.50541],[122.7499,-8.50468],[122.74864,-8.50366],[122.7469,-8.50381]]]},"properties":{"date":"2024-11-05","year":2024,"res":0.31,"name":"Vivid"}},{"type":"Feature","geometry":{"type":"Polygon","coordinates":[[[122.75892,-8.50466],[122.75878,-8.50468],[122.75889,-8.50473],[122.75892,-8.50466]]]},"properties":{"date":"2024-11-05","year":2024,"res":0.31,"name":"Vivid"}},{"type":"Feature","geometry":{"type":"Polygon","coordinates":[[[122.73887,-8.50369],[122.73887,-8.50368],[122.73887,-8.50369],[122.73887,-8.50369]]]},"properties":{"date":"2024-11-05","year":2024,"res":0.31,"name":"Vivid"}},{"type":"Feature","geometry":{"type":"Polygon","coordinates":[[[122.73895,-8.50354],[122.73895,-8.5036],[122.73895,-8.50359],[122.73895,-8.50354]]]},"properties":{"date":"2024-11-05","year":2024,"res":0.31,"name":"Vivid"}},{"type":"Feature","geometry":{"type":"Polygon","coordinates":[[[122.84007,-8.48156],[122.83824,-8.47965],[122.83746,-8.4769],[122.83551,-8.47401],[122.8328,-8.47317],[122.831,-8.47353],[122.82715,-8.47222],[122.82493,-8.47282],[122.82239,-8.47547],[122.80885,-8.47805],[122.80266,-8.47847],[122.8015,-8.48134],[122.79535,-8.48107],[122.79347,-8.47987],[122.7928,-8.48003],[122.79258,-8.48099],[122.79133,-8.48061],[122.78852,-8.47888],[122.78835,-8.47778],[122.78629,-8.47708],[122.78321,-8.47377],[122.78257,-8.48007],[122.78521,-8.48962],[122.78845,-8.49146],[122.79248,-8.49662],[122.79523,-8.49724],[122.79693,-8.49866],[122.8005,-8.49933],[122.80292,-8.50158],[122.80728,-8.50184],[122.81554,-8.49945],[122.81819,-8.4981],[122.82002,-8.49502],[122.82584,-8.49423],[122.82715,-8.49221],[122.82765,-8.50238],[122.82718,-8.5098],[122.82775,-8.51376],[122.8273,-8.51748],[122.82793,-8.51917],[122.82999,-8.52051],[122.83308,-8.52497],[122.8361,-8.52536],[122.83991,-8.52536],[122.83524,-8.52514],[122.83379,-8.52197],[122.83264,-8.52101],[122.83258,-8.51814],[122.83084,-8.51589],[122.83083,-8.50808],[122.83266,-8.50413],[122.83534,-8.48739],[122.83826,-8.48475],[122.83908,-8.48218],[122.84007,-8.48156]]]},"properties":{"date":"2024-11-24","year":2024,"res":0.31,"name":"Vivid"}},{"type":"Feature","geometry":{"type":"Polygon","coordinates":[[[122.78407,-8.50117],[122.78348,-8.49364],[122.78321,-8.49943],[122.78407,-8.50117]]]},"properties":{"date":"2024-11-24","year":2024,"res":0.31,"name":"Vivid"}},{"type":"Feature","geometry":{"type":"Polygon","coordinates":[[[122.78347,-8.49359],[122.78347,-8.4936],[122.78347,-8.49359]]]},"properties":{"date":"2024-11-24","year":2024,"res":0.31,"name":"Vivid"}},{"type":"Feature","geometry":{"type":"Polygon","coordinates":[[[122.82683,-8.52541],[122.83403,-8.52602],[122.83561,-8.52541],[122.85008,-8.52539],[122.83363,-8.52514],[122.83177,-8.52348],[122.82999,-8.52051],[122.82779,-8.51899],[122.8273,-8.51748],[122.82775,-8.51376],[122.82718,-8.5098],[122.82765,-8.50238],[122.82715,-8.49221],[122.82584,-8.49423],[122.82002,-8.49502],[122.81819,-8.4981],[122.81554,-8.49945],[122.80728,-8.50184],[122.80354,-8.50172],[122.80204,-8.50117],[122.8005,-8.49933],[122.79693,-8.49866],[122.79523,-8.49724],[122.79225,-8.49645],[122.78845,-8.49146],[122.78521,-8.48962],[122.78421,-8.48651],[122.78315,-8.48557],[122.7842,-8.49928],[122.7842,-8.50118],[122.78321,-8.50386],[122.78649,-8.50955],[122.78759,-8.51303],[122.78673,-8.51859],[122.78548,-8.51989],[122.7841,-8.5248],[122.78321,-8.52539],[122.78578,-8.52549],[122.78993,-8.52701],[122.79107,-8.52676],[122.79233,-8.52768],[122.79569,-8.52745],[122.79806,-8.52828],[122.80174,-8.53124],[122.80665,-8.5327],[122.81372,-8.53189],[122.81599,-8.52918],[122.82041,-8.52803],[122.82384,-8.52566],[122.82683,-8.52541]]]},"properties":{"date":"2025-06-07","year":2025,"res":0.31,"name":"Vivid"}},{"type":"Feature","geometry":{"type":"Polygon","coordinates":[[[122.71016,-8.34959],[122.60742,-8.34961],[122.60745,-8.39736],[122.60904,-8.39847],[122.6097,-8.39986],[122.60985,-8.40373],[122.61267,-8.40717],[122.71391,-8.40717],[122.71454,-8.40558],[122.71659,-8.40389],[122.71845,-8.40087],[122.71987,-8.40017],[122.72139,-8.39759],[122.72434,-8.3951],[122.72518,-8.39357],[122.725,-8.38802],[122.72269,-8.37985],[122.72433,-8.37188],[122.72394,-8.36532],[122.72498,-8.3604],[122.72518,-8.34961],[122.7183,-8.34933],[122.71648,-8.34749],[122.71376,-8.34698],[122.71016,-8.34959]]]},"properties":{"date":"2023-04-25","year":2023,"res":0.46,"name":"Vivid"}},{"type":"Feature","geometry":{"type":"Polygon","coordinates":[[[122.82695,-8.17364],[122.82753,-8.17477],[122.83134,-8.17519],[122.8336,-8.17383],[122.8325,-8.1725],[122.83331,-8.16442],[122.83223,-8.16257],[122.83169,-8.15705],[122.83103,-8.15594],[122.83079,-8.14942],[122.82889,-8.14598],[122.82833,-8.14271],[122.8291,-8.14161],[122.82919,-8.13631],[122.83,-8.13285],[122.83349,-8.12989],[122.83259,-8.12817],[122.83329,-8.12635],[122.83308,-8.1222],[122.83194,-8.11913],[122.83205,-8.11438],[122.83109,-8.1082],[122.83108,-8.10521],[122.83198,-8.1016],[122.83101,-8.09632],[122.83225,-8.09352],[122.83234,-8.09136],[122.83341,-8.09005],[122.83354,-8.08465],[122.82878,-8.08465],[122.82712,-8.08593],[122.82696,-8.07948],[122.82566,-8.07315],[122.82136,-8.06927],[122.81882,-8.06886],[122.81658,-8.06742],[122.80354,-8.06855],[122.80011,-8.06959],[122.7986,-8.07172],[122.79241,-8.07652],[122.79161,-8.08095],[122.79051,-8.08249],[122.78949,-8.08593],[122.78965,-8.08136],[122.79157,-8.07011],[122.79243,-8.05541],[122.79086,-8.04518],[122.78941,-8.04199],[122.79108,-8.03903],[122.7912,-8.03606],[122.78984,-8.01958],[122.79029,-8.00417],[122.78937,-7.99805],[122.78321,-7.99805],[122.78321,-8.08593],[122.71005,-8.08593],[122.70998,-8.34961],[122.71376,-8.34698],[122.71648,-8.34749],[122.71817,-8.34926],[122.71968,-8.34951],[122.73928,-8.34961],[122.74085,-8.35391],[122.74198,-8.35477],[122.74852,-8.35534],[122.75159,-8.35668],[122.76645,-8.35726],[122.76727,-8.35684],[122.76901,-8.35323],[122.77278,-8.35026],[122.77771,-8.3497],[122.78077,-8.35034],[122.78321,-8.34961],[122.78387,-8.34805],[122.78333,-8.34651],[122.78403,-8.34173],[122.78364,-8.34104],[122.78486,-8.33134],[122.78322,-8.3266],[122.78395,-8.3215],[122.78335,-8.30657],[122.78321,-8.30563],[122.78183,-8.30551],[122.78033,-8.30379],[122.77972,-8.29028],[122.7806,-8.28411],[122.77962,-8.27521],[122.78216,-8.26308],[122.78321,-8.26172],[122.80303,-8.26188],[122.81076,-8.26307],[122.81879,-8.26188],[122.82714,-8.26172],[122.81961,-8.26127],[122.81453,-8.2617],[122.80055,-8.25827],[122.79575,-8.25824],[122.79192,-8.25852],[122.79101,-8.2591],[122.79093,-8.26047],[122.78967,-8.26172],[122.79119,-8.24773],[122.79129,-8.22899],[122.79239,-8.226],[122.79138,-8.22425],[122.79119,-8.22175],[122.78966,-8.21777],[122.78974,-8.20727],[122.79129,-8.20357],[122.79137,-8.20188],[122.79342,-8.19973],[122.79403,-8.18983],[122.79276,-8.1865],[122.79264,-8.18432],[122.79156,-8.1824],[122.79222,-8.17653],[122.79158,-8.17518],[122.78965,-8.17383],[122.79285,-8.17317],[122.80379,-8.17376],[122.8062,-8.173],[122.81396,-8.17374],[122.82128,-8.17316],[122.82695,-8.17364]]]},"properties":{"date":"2023-07-16","year":2023,"res":0.31,"name":"Vivid"}},{"type":"Feature","geometry":{"type":"Polygon","coordinates":[[[122.60743,-8.39376],[122.60744,-8.39377],[122.60744,-8.39376],[122.60743,-8.39376]]]},"properties":{"date":"2024-09-30","year":2024,"res":0.31,"name":"Vivid"}},{"type":"Feature","geometry":{"type":"Polygon","coordinates":[[[122.60742,-8.39357],[122.60742,-8.39358],[122.60742,-8.39357]]]},"properties":{"date":"2024-09-30","year":2024,"res":0.31,"name":"Vivid"}},{"type":"Feature","geometry":{"type":"Polygon","coordinates":[[[122.60746,-8.39246],[122.60745,-8.39281],[122.60748,-8.39233],[122.60746,-8.39246]]]},"properties":{"date":"2024-09-30","year":2024,"res":0.31,"name":"Vivid"}},{"type":"Feature","geometry":{"type":"Polygon","coordinates":[[[122.60767,-8.38538],[122.60767,-8.38543],[122.60767,-8.38538]]]},"properties":{"date":"2024-09-30","year":2024,"res":0.31,"name":"Vivid"}},{"type":"Feature","geometry":{"type":"Polygon","coordinates":[[[122.60768,-8.37835],[122.60768,-8.37842],[122.60769,-8.37842],[122.60768,-8.37835]]]},"properties":{"date":"2024-09-30","year":2024,"res":0.31,"name":"Vivid"}},{"type":"Feature","geometry":{"type":"Polygon","coordinates":[[[122.60757,-8.37098],[122.60761,-8.37125],[122.60759,-8.3706],[122.60757,-8.37098]]]},"properties":{"date":"2024-09-30","year":2024,"res":0.31,"name":"Vivid"}},{"type":"Feature","geometry":{"type":"Polygon","coordinates":[[[122.60759,-8.36964],[122.60759,-8.36974],[122.60759,-8.36964]]]},"properties":{"date":"2024-09-30","year":2024,"res":0.31,"name":"Vivid"}},{"type":"Feature","geometry":{"type":"Polygon","coordinates":[[[122.60758,-8.369],[122.60758,-8.36901],[122.60758,-8.369]]]},"properties":{"date":"2024-09-30","year":2024,"res":0.31,"name":"Vivid"}},{"type":"Feature","geometry":{"type":"Polygon","coordinates":[[[122.60745,-8.39736],[122.6065,-8.39721],[122.60587,-8.39788],[122.60573,-8.39995],[122.60411,-8.40271],[122.60311,-8.40717],[122.61267,-8.40717],[122.60985,-8.40373],[122.6097,-8.39986],[122.60904,-8.39847],[122.60745,-8.39736]]]},"properties":{"date":"2024-09-30","year":2024,"res":0.31,"name":"Vivid"}},{"type":"Feature","geometry":{"type":"Polygon","coordinates":[[[122.60768,-8.3851],[122.60768,-8.38515],[122.60769,-8.38515],[122.60768,-8.3851]]]},"properties":{"date":"2024-09-30","year":2024,"res":0.31,"name":"Vivid"}},{"type":"Feature","geometry":{"type":"Polygon","coordinates":[[[122.6077,-8.38431],[122.60768,-8.38492],[122.60771,-8.38462],[122.6077,-8.38431]]]},"properties":{"date":"2024-09-30","year":2024,"res":0.31,"name":"Vivid"}},{"type":"Feature","geometry":{"type":"Polygon","coordinates":[[[122.60771,-8.38426],[122.60771,-8.38422],[122.60771,-8.38426]]]},"properties":{"date":"2024-09-30","year":2024,"res":0.31,"name":"Vivid"}},{"type":"Feature","geometry":{"type":"Polygon","coordinates":[[[122.60771,-8.38422],[122.60771,-8.38409],[122.60771,-8.38422]]]},"properties":{"date":"2024-09-30","year":2024,"res":0.31,"name":"Vivid"}},{"type":"Feature","geometry":{"type":"Polygon","coordinates":[[[122.60773,-8.38284],[122.60773,-8.38291],[122.60774,-8.38291],[122.60773,-8.38284]]]},"properties":{"date":"2024-09-30","year":2024,"res":0.31,"name":"Vivid"}},{"type":"Feature","geometry":{"type":"Polygon","coordinates":[[[122.60773,-8.3828],[122.60774,-8.3828],[122.60773,-8.38276],[122.60773,-8.3828]]]},"properties":{"date":"2024-09-30","year":2024,"res":0.31,"name":"Vivid"}},{"type":"Feature","geometry":{"type":"Polygon","coordinates":[[[122.60774,-8.38234],[122.60774,-8.38257],[122.60776,-8.38246],[122.60774,-8.38234]]]},"properties":{"date":"2024-09-30","year":2024,"res":0.31,"name":"Vivid"}},{"type":"Feature","geometry":{"type":"Polygon","coordinates":[[[122.78976,-8.17375],[122.79158,-8.17518],[122.79222,-8.17653],[122.79156,-8.1824],[122.79264,-8.18432],[122.79276,-8.1865],[122.79403,-8.18983],[122.79342,-8.19973],[122.79137,-8.20188],[122.79129,-8.20357],[122.78974,-8.20727],[122.78966,-8.21777],[122.79119,-8.22175],[122.79138,-8.22425],[122.79239,-8.226],[122.79129,-8.22899],[122.79119,-8.24773],[122.78967,-8.26172],[122.79093,-8.26047],[122.79101,-8.2591],[122.79226,-8.25838],[122.8005,-8.25826],[122.81453,-8.2617],[122.82667,-8.26143],[122.83299,-8.26352],[122.83435,-8.2648],[122.83899,-8.26687],[122.84091,-8.26694],[122.84391,-8.26632],[122.84565,-8.26463],[122.85817,-8.26565],[122.86458,-8.26399],[122.86506,-8.26306],[122.86728,-8.26191],[122.87948,-8.2617],[122.8797,-8.25699],[122.88102,-8.25449],[122.88189,-8.25038],[122.88205,-8.24594],[122.88365,-8.24449],[122.88192,-8.24189],[122.88252,-8.24076],[122.88224,-8.23903],[122.8829,-8.23831],[122.88163,-8.23683],[122.88207,-8.2355],[122.88207,-8.21989],[122.88146,-8.21828],[122.87937,-8.21777],[122.8798,-8.18103],[122.8806,-8.18077],[122.88073,-8.17925],[122.88185,-8.17755],[122.88044,-8.17463],[122.87943,-8.17383],[122.87824,-8.17402],[122.87734,-8.17509],[122.87434,-8.17565],[122.87106,-8.17383],[122.87094,-8.17469],[122.86862,-8.17553],[122.8628,-8.17614],[122.85975,-8.17537],[122.85557,-8.17614],[122.84245,-8.17424],[122.83941,-8.17497],[122.83388,-8.17462],[122.8299,-8.17509],[122.82753,-8.17477],[122.82685,-8.17356],[122.82302,-8.17369],[122.82128,-8.17316],[122.81863,-8.17374],[122.8062,-8.173],[122.80305,-8.1738],[122.79285,-8.17317],[122.78976,-8.17375]]]},"properties":{"date":"2025-08-08","year":2025,"res":0.31,"name":"Vivid"}},{"type":"Feature","geometry":{"type":"Polygon","coordinates":[[[122.78949,-8.08593],[122.79051,-8.08249],[122.79161,-8.08095],[122.79241,-8.07652],[122.7986,-8.07172],[122.80011,-8.06959],[122.80354,-8.06855],[122.81658,-8.06742],[122.81882,-8.06886],[122.82136,-8.06927],[122.82566,-8.07315],[122.82696,-8.07948],[122.82712,-8.08593],[122.82878,-8.08465],[122.83967,-8.08469],[122.85054,-8.08263],[122.85928,-8.08191],[122.86767,-8.08368],[122.87111,-8.08593],[122.87225,-8.08318],[122.87517,-8.08281],[122.87736,-8.08376],[122.87913,-8.08576],[122.88163,-8.08658],[122.88583,-8.09059],[122.88876,-8.09009],[122.89217,-8.09059],[122.89609,-8.08987],[122.89813,-8.0906],[122.90162,-8.09366],[122.9037,-8.09431],[122.90425,-8.0954],[122.90715,-8.0962],[122.90821,-8.09552],[122.90906,-8.09298],[122.91094,-8.09038],[122.91397,-8.08953],[122.91501,-8.08594],[122.91691,-8.08663],[122.92333,-8.08713],[122.92595,-8.08601],[122.92578,-8.08061],[122.92519,-8.07899],[122.92604,-8.06807],[122.92532,-8.05437],[122.92596,-8.05159],[122.92607,-8.04199],[122.92514,-8.03856],[122.92515,-8.03334],[122.92564,-8.02908],[122.92519,-8.02496],[122.92607,-8.01748],[122.92535,-8.00657],[122.92613,-7.99805],[122.78937,-7.99805],[122.79029,-8.00417],[122.78984,-8.01958],[122.7912,-8.03606],[122.79108,-8.03903],[122.78941,-8.04199],[122.79086,-8.04518],[122.79243,-8.05541],[122.79157,-8.07011],[122.78965,-8.08136],[122.78949,-8.08593]]]},"properties":{"date":"2025-08-08","year":2025,"res":0.31,"name":"Vivid"}},{"type":"Feature","geometry":{"type":"Polygon","coordinates":[[[120.37358,-8.19044],[120.37358,-8.19024],[120.35074,-8.1903],[120.37358,-8.19044]]]},"properties":{"date":"2021-06-02","year":2021,"res":0.5,"name":"Vivid"}},{"type":"Feature","geometry":{"type":"Polygon","coordinates":[[[122.05094,-8.40374],[122.0164,-8.40717],[122.08008,-8.40717],[122.08008,-8.40086],[122.05094,-8.40374]]]},"properties":{"date":"2022-07-02","year":2022,"res":0.46,"name":"Vivid"}}]}