{"type":"FeatureCollection","features":[{"type":"Feature","geometry":{"type":"Polygon","coordinates":[[[85.07818,28.01514],[85.07813,28.01517],[85.07813,27.99318],[85.07818,28.01514]]]},"properties":{"date":"2025-01-23","year":2025,"res":0.34,"name":"Vivid"}},{"type":"Feature","geometry":{"type":"Polygon","coordinates":[[[85.07821,28.02889],[85.07813,28.125],[85.07813,28.02895],[85.07821,28.02889]]]},"properties":{"date":"2023-05-11","year":2023,"res":0.46,"name":"Vivid"}},{"type":"Feature","geometry":{"type":"Polygon","coordinates":[[[85.07821,28.02889],[85.07813,28.02895],[85.07818,28.01514],[85.07821,28.02889]]]},"properties":{"date":"2024-04-26","year":2024,"res":0.5,"name":"Vivid"}},{"type":"Feature","geometry":{"type":"Polygon","coordinates":[[[84.99592,28.14238],[84.99691,28.14623],[84.99573,28.15313],[84.9971,28.15551],[84.99813,28.16146],[84.99751,28.16598],[84.99787,28.16727],[84.99674,28.17274],[84.99571,28.1731],[84.99176,28.18151],[84.99166,28.19505],[84.99223,28.19643],[84.99291,28.19663],[84.99316,28.1989],[84.99269,28.20128],[84.99318,28.20321],[84.99302,28.20931],[84.99427,28.21018],[84.99499,28.20935],[84.99743,28.20892],[84.99828,28.20976],[85.00035,28.21014],[85.00263,28.21289],[84.99725,28.21454],[84.99607,28.21599],[84.99646,28.22243],[84.9944,28.22698],[84.99534,28.22832],[85.00081,28.22998],[85.00078,28.23123],[85.00291,28.23527],[85.00329,28.23896],[85.0053,28.24593],[85.00497,28.25217],[85.00604,28.25564],[85.00738,28.25684],[85.00618,28.26335],[85.00689,28.26761],[85.00748,28.26782],[85.00671,28.27242],[85.00607,28.27283],[85.00652,28.27332],[85.00449,28.27803],[85.00127,28.28954],[85.00139,28.29311],[85.00392,28.29803],[85.00397,28.29925],[85.00126,28.30438],[84.95094,28.30438],[84.95127,28.3003],[84.95036,28.29622],[84.95057,28.29449],[84.94777,28.29314],[84.94839,28.29027],[84.94633,28.28528],[84.94766,28.28367],[84.95069,28.28178],[84.95125,28.27523],[84.95101,28.27427],[84.9498,28.27379],[84.95075,28.27279],[84.95102,28.26977],[84.94982,28.26729],[84.95086,28.26372],[84.95047,28.25835],[84.95104,28.25521],[84.94856,28.2521],[84.94913,28.25059],[84.94831,28.24528],[84.94887,28.24302],[84.95075,28.24096],[84.95022,28.23967],[84.95095,28.23939],[84.95033,28.2368],[84.95086,28.23564],[84.95005,28.23355],[84.94824,28.23384],[84.94731,28.23271],[84.94708,28.23111],[84.94766,28.22972],[84.94687,28.22662],[84.94733,28.22448],[84.9482,28.22388],[84.94772,28.2223],[84.94981,28.22138],[84.94986,28.22049],[84.95119,28.21965],[84.95026,28.21758],[84.95113,28.2164],[84.9513,28.2128],[84.94781,28.2111],[84.94749,28.21006],[84.94878,28.20597],[84.95002,28.20518],[84.95073,28.20338],[84.95077,28.1995],[84.94953,28.19827],[84.94905,28.19588],[84.95104,28.19288],[84.95133,28.19091],[84.95043,28.18993],[84.95112,28.18948],[84.9499,28.18792],[84.94991,28.18697],[84.95021,28.18519],[84.95145,28.18419],[84.94933,28.1804],[84.95161,28.17846],[84.95146,28.17513],[84.95058,28.17366],[84.95164,28.16895],[84.95028,28.16774],[84.95018,28.1652],[84.9485,28.1607],[84.94786,28.15426],[84.94896,28.14892],[84.94772,28.14691],[84.94736,28.14447],[84.94827,28.14333],[84.94834,28.14136],[84.95404,28.14254],[84.95945,28.14162],[84.96282,28.14173],[84.96415,28.14102],[84.96676,28.14107],[84.96967,28.14245],[84.98291,28.14141],[84.98645,28.14141],[84.99024,28.14261],[84.99592,28.14238]]]},"properties":{"date":"2018-11-25","year":2018,"res":0.31,"name":"Vivid"}},{"type":"Feature","geometry":{"type":"Polygon","coordinates":[[[85.07813,28.21288],[85.07813,28.30438],[85.00126,28.30438],[85.00397,28.29925],[85.00392,28.29803],[85.00139,28.29311],[85.00127,28.28954],[85.00449,28.27803],[85.00652,28.27332],[85.00607,28.27283],[85.00671,28.27242],[85.00748,28.26782],[85.00689,28.26761],[85.00618,28.26335],[85.00738,28.25684],[85.00604,28.25564],[85.00497,28.25217],[85.0053,28.24593],[85.00329,28.23896],[85.00291,28.23527],[85.00078,28.23123],[85.00081,28.22998],[84.99534,28.22832],[84.99442,28.22729],[84.99646,28.22243],[84.99607,28.21599],[84.99725,28.21454],[85.00263,28.21289],[85.00192,28.2115],[84.99998,28.20997],[84.99707,28.20888],[84.99379,28.21016],[84.99283,28.20854],[84.99316,28.1989],[84.99291,28.19663],[84.99223,28.19643],[84.99166,28.19505],[84.99176,28.18151],[84.99571,28.1731],[84.99674,28.17274],[84.99787,28.16727],[84.99751,28.16598],[84.99813,28.16146],[84.9971,28.15551],[84.99573,28.15313],[84.99691,28.14623],[84.99592,28.14238],[85.00222,28.1415],[85.00396,28.14051],[85.01012,28.13916],[85.01247,28.13683],[85.01567,28.1367],[85.02208,28.13823],[85.02447,28.13951],[85.02783,28.13969],[85.03006,28.14133],[85.03154,28.14145],[85.03418,28.14286],[85.03841,28.14195],[85.03912,28.14131],[85.04328,28.14185],[85.04671,28.14155],[85.05254,28.13986],[85.05617,28.1403],[85.0629,28.13956],[85.06958,28.14019],[85.07538,28.14313],[85.07813,28.14379],[85.07813,28.16907],[85.0763,28.17149],[85.07614,28.17318],[85.07479,28.17455],[85.07419,28.17786],[85.07589,28.18161],[85.07616,28.18402],[85.07508,28.18645],[85.07514,28.18887],[85.07687,28.19737],[85.07813,28.19997],[85.07813,28.21288]]]},"properties":{"date":"2018-10-21","year":2018,"res":0.5,"name":"Vivid"}},{"type":"Feature","geometry":{"type":"Polygon","coordinates":[[[85.07813,28.13216],[85.07813,28.14306],[85.07628,28.14109],[85.07646,28.13893],[85.07459,28.13281],[85.07537,28.13155],[85.07596,28.12763],[85.07806,28.12683],[85.07813,28.12582],[85.07813,28.13216]]]},"properties":{"date":"2018-10-21","year":2018,"res":0.5,"name":"Vivid"}},{"type":"Feature","geometry":{"type":"Polygon","coordinates":[[[85.07813,28.12805],[85.07813,28.12847],[85.0781,28.12835],[85.07813,28.12805]]]},"properties":{"date":"2021-02-25","year":2021,"res":0.5,"name":"Vivid"}},{"type":"Feature","geometry":{"type":"Polygon","coordinates":[[[85.07813,28.12899],[85.07813,28.12925],[85.07808,28.12903],[85.07813,28.12899]]]},"properties":{"date":"2021-02-25","year":2021,"res":0.5,"name":"Vivid"}},{"type":"Feature","geometry":{"type":"Polygon","coordinates":[[[85.07813,28.13131],[85.07813,28.13216],[85.07803,28.13197],[85.07813,28.13131]]]},"properties":{"date":"2021-02-25","year":2021,"res":0.5,"name":"Vivid"}},{"type":"Feature","geometry":{"type":"Polygon","coordinates":[[[85.07813,28.1574],[85.07813,28.15998],[85.07794,28.15958],[85.07813,28.1574]]]},"properties":{"date":"2021-02-25","year":2021,"res":0.5,"name":"Vivid"}},{"type":"Feature","geometry":{"type":"Polygon","coordinates":[[[85.07813,28.16083],[85.07813,28.16135],[85.07803,28.16114],[85.07813,28.16083]]]},"properties":{"date":"2021-02-25","year":2021,"res":0.5,"name":"Vivid"}},{"type":"Feature","geometry":{"type":"Polygon","coordinates":[[[85.07813,28.16822],[85.07809,28.1689],[85.07802,28.16855],[85.07813,28.16822]]]},"properties":{"date":"2021-02-25","year":2021,"res":0.5,"name":"Vivid"}},{"type":"Feature","geometry":{"type":"Polygon","coordinates":[[[85.07813,28.16907],[85.07813,28.19997],[85.07687,28.19737],[85.07514,28.18887],[85.07508,28.18645],[85.07614,28.18314],[85.07419,28.17741],[85.07479,28.17455],[85.07614,28.17318],[85.0763,28.17149],[85.07813,28.16907]]]},"properties":{"date":"2021-02-25","year":2021,"res":0.5,"name":"Vivid"}},{"type":"Feature","geometry":{"type":"Polygon","coordinates":[[[85.07813,28.20658],[85.07813,28.20676],[85.07808,28.2066],[85.07813,28.20658]]]},"properties":{"date":"2021-02-25","year":2021,"res":0.5,"name":"Vivid"}},{"type":"Feature","geometry":{"type":"Polygon","coordinates":[[[85.07813,28.20727],[85.07813,28.20847],[85.07786,28.20812],[85.07813,28.20727]]]},"properties":{"date":"2021-02-25","year":2021,"res":0.5,"name":"Vivid"}},{"type":"Feature","geometry":{"type":"Polygon","coordinates":[[[85.07813,28.21276],[85.07813,28.21288],[85.07812,28.2128],[85.07813,28.21276]]]},"properties":{"date":"2021-02-25","year":2021,"res":0.5,"name":"Vivid"}},{"type":"Feature","geometry":{"type":"Polygon","coordinates":[[[85.07813,28.14306],[85.07813,28.14379],[85.07616,28.14343],[85.06958,28.14019],[85.06029,28.13952],[85.05672,28.14028],[85.05254,28.13986],[85.04671,28.14155],[85.04328,28.14185],[85.03912,28.14131],[85.03841,28.14195],[85.03418,28.14286],[85.03154,28.14145],[85.03006,28.14133],[85.02783,28.13969],[85.02447,28.13951],[85.0179,28.13704],[85.01363,28.13668],[85.01247,28.13683],[85.00995,28.13922],[85.00396,28.14051],[85.00222,28.1415],[84.99514,28.14256],[84.99024,28.14261],[84.98645,28.14141],[84.96967,28.14245],[84.96732,28.14123],[84.96479,28.14102],[84.95572,28.1425],[84.95101,28.14217],[84.94878,28.14135],[84.94629,28.14255],[84.92843,28.14235],[84.92949,28.12885],[84.92845,28.11758],[84.92891,28.11348],[84.92997,28.11126],[84.92998,28.10527],[84.9291,28.10279],[84.92863,28.09065],[84.92812,28.08776],[84.9271,28.08653],[84.92725,28.08407],[84.92626,28.08106],[84.92719,28.06725],[84.92679,28.06561],[84.92481,28.06293],[84.92443,28.06083],[84.92305,28.0481],[84.92365,28.04458],[84.92319,28.03704],[84.92948,28.03711],[84.93457,28.0362],[84.94155,28.03755],[84.94351,28.03689],[84.9546,28.03768],[84.95703,28.03711],[84.95656,28.0366],[84.95675,28.03306],[84.95616,28.03213],[84.95514,28.03189],[84.95476,28.02891],[84.95581,28.02131],[84.95636,28.0206],[84.95615,28.01797],[84.96096,28.01761],[84.96312,28.01686],[84.96643,28.01837],[84.97041,28.01775],[84.97879,28.0219],[84.98507,28.02263],[84.98598,28.02531],[84.98766,28.02635],[84.98943,28.03091],[84.99022,28.03147],[84.99409,28.03034],[84.99612,28.02857],[84.99949,28.02791],[85.00246,28.02538],[85.00356,28.02512],[85.00997,28.02631],[85.01298,28.02586],[85.01657,28.02714],[85.01753,28.02824],[85.0236,28.02855],[85.02736,28.03074],[85.03293,28.03213],[85.03418,28.03437],[85.0418,28.03328],[85.04395,28.03364],[85.04552,28.03467],[85.04956,28.03469],[85.05157,28.03569],[85.05371,28.03565],[85.05707,28.03711],[85.06574,28.03677],[85.06849,28.03607],[85.0706,28.03686],[85.07507,28.03651],[85.07808,28.03704],[85.07811,28.12664],[85.07596,28.12763],[85.07537,28.13155],[85.07459,28.13281],[85.07646,28.13893],[85.07628,28.14109],[85.07813,28.14306]]]},"properties":{"date":"2023-05-11","year":2023,"res":0.46,"name":"Vivid"}},{"type":"Feature","geometry":{"type":"Polygon","coordinates":[[[85.07813,28.03649],[85.07813,28.03711],[85.07507,28.03651],[85.0706,28.03686],[85.06849,28.03607],[85.06574,28.03677],[85.05707,28.03711],[85.04956,28.03469],[85.04552,28.03467],[85.04329,28.03343],[85.03704,28.03356],[85.03418,28.03437],[85.03293,28.03213],[85.02736,28.03074],[85.0236,28.02855],[85.01753,28.02824],[85.01657,28.02714],[85.01298,28.02586],[85.00997,28.02631],[85.00356,28.02512],[85.00246,28.02538],[84.99949,28.02791],[84.99612,28.02857],[84.99409,28.03034],[84.99022,28.03147],[84.98943,28.03091],[84.98766,28.02635],[84.98598,28.02531],[84.98514,28.0227],[84.98369,28.02232],[84.98544,28.0213],[84.9865,28.01865],[84.98636,28.01709],[84.98916,28.01023],[84.98929,28.00343],[84.98703,28.00007],[84.98705,27.99618],[84.9854,27.99316],[84.98614,27.9924],[84.98612,27.99073],[84.98537,27.98924],[84.9854,27.98391],[84.98474,27.98083],[84.9854,27.97516],[84.98717,27.97213],[84.98676,27.96772],[84.9877,27.96328],[84.98443,27.95583],[84.98441,27.9518],[84.98368,27.94922],[84.98496,27.94687],[84.98454,27.93589],[84.98602,27.93139],[84.98549,27.92589],[84.98465,27.9238],[84.98526,27.92057],[84.98486,27.91501],[84.98552,27.91444],[84.98576,27.91038],[84.98448,27.90773],[84.98419,27.90527],[84.98722,27.90309],[84.98746,27.89927],[84.98884,27.8948],[84.9896,27.89404],[84.98991,27.88966],[84.9888,27.88501],[84.99016,27.88129],[84.98985,27.87559],[84.98885,27.87367],[84.9886,27.87057],[84.98735,27.86678],[84.98653,27.86601],[84.98602,27.86374],[84.98326,27.86133],[84.98439,27.86049],[84.98539,27.85838],[84.98577,27.85518],[84.98696,27.85255],[84.98678,27.84572],[84.98803,27.84156],[84.98639,27.82896],[84.98655,27.82363],[84.98565,27.822],[84.98536,27.81933],[84.98344,27.81738],[84.98789,27.81526],[84.98984,27.81114],[84.99013,27.80917],[84.99016,27.80437],[84.9893,27.8004],[84.99003,27.79562],[84.98748,27.79206],[84.98781,27.78696],[84.98627,27.78164],[84.98662,27.77857],[84.98538,27.77434],[84.98448,27.77343],[84.98519,27.77184],[84.98522,27.76627],[84.98603,27.76471],[84.98639,27.76117],[84.98568,27.76028],[84.98555,27.75647],[84.98477,27.75381],[84.98576,27.75126],[84.98601,27.74459],[84.98486,27.7411],[84.98596,27.73437],[84.98473,27.7295],[84.98578,27.72289],[84.98689,27.72088],[84.98682,27.71886],[84.98567,27.7161],[84.98663,27.71043],[84.98625,27.70115],[84.98752,27.69893],[84.98774,27.69477],[84.98623,27.68672],[84.98553,27.68555],[84.98567,27.68353],[85.07813,27.68353],[85.07813,27.99317],[85.07748,27.99871],[85.07583,28.0004],[85.07661,28.00511],[85.07635,28.01111],[85.07808,28.01574],[85.07696,28.01778],[85.07675,28.02748],[85.07721,28.02997],[85.07649,28.03482],[85.07813,28.03649]]]},"properties":{"date":"2026-02-05","year":2026,"res":0.34,"name":"Vivid"}},{"type":"Feature","geometry":{"type":"Polygon","coordinates":[[[85.07813,28.02895],[85.07813,28.03649],[85.07649,28.03482],[85.07721,28.02997],[85.07675,28.02748],[85.07696,28.01778],[85.07808,28.01574],[85.07635,28.01111],[85.07661,28.00511],[85.07583,28.0004],[85.07748,27.99871],[85.07813,27.99317],[85.07813,28.02895]]]},"properties":{"date":"2026-02-05","year":2026,"res":0.34,"name":"Vivid"}},{"type":"Feature","geometry":{"type":"Polygon","coordinates":[[[85.24548,27.77105],[85.2539,27.77105],[85.2539,27.81479],[85.20996,27.81479],[85.20996,27.77105],[85.24548,27.77105]]]},"properties":{"date":"2024-01-13","year":2024,"res":0.5,"name":"Vivid Advanced"}},{"type":"Feature","geometry":{"type":"Polygon","coordinates":[[[85.47363,27.77105],[85.47363,27.81479],[85.34179,27.81479],[85.34179,27.77105],[85.47363,27.77105]]]},"properties":{"date":"2024-01-13","year":2024,"res":0.5,"name":"Vivid Advanced"}},{"type":"Feature","geometry":{"type":"Polygon","coordinates":[[[85.34179,27.81479],[85.34179,27.8585],[85.26123,27.8585],[85.26339,27.85367],[85.26318,27.84831],[85.26284,27.8469],[85.26185,27.84611],[85.26119,27.84312],[85.25916,27.84051],[85.25838,27.83587],[85.25908,27.83367],[85.25909,27.82988],[85.25806,27.82712],[85.25831,27.8192],[85.2576,27.81738],[85.25789,27.81447],[85.25876,27.81332],[85.25847,27.81027],[85.25999,27.80332],[85.25997,27.79964],[85.25909,27.79704],[85.26143,27.78174],[85.26065,27.77976],[85.25931,27.7785],[85.25867,27.7739],[85.25757,27.77343],[85.25848,27.77166],[85.2578,27.76977],[85.25812,27.76723],[85.25726,27.76275],[85.25777,27.75634],[85.25701,27.75477],[85.25738,27.75219],[85.25671,27.74576],[85.25943,27.74029],[85.25891,27.73913],[85.26031,27.73842],[85.26041,27.73742],[85.25946,27.734],[85.25681,27.72949],[85.25773,27.72817],[85.25901,27.72766],[85.26119,27.72823],[85.26165,27.727],[85.26523,27.72406],[85.26569,27.71999],[85.26522,27.71787],[85.268,27.71554],[85.26758,27.71444],[85.26836,27.71308],[85.26716,27.71312],[85.26679,27.71222],[85.26525,27.71251],[85.26625,27.71121],[85.26629,27.70921],[85.26759,27.7076],[85.26589,27.70582],[85.26276,27.7069],[85.26306,27.70569],[85.26248,27.70394],[85.26088,27.70307],[85.26075,27.70133],[85.26009,27.70087],[85.2608,27.69978],[85.25951,27.69863],[85.25973,27.69434],[85.25865,27.69189],[85.25929,27.69067],[85.25679,27.68887],[85.25764,27.68796],[85.26187,27.68784],[85.26296,27.68639],[85.25692,27.6864],[85.25642,27.68555],[85.25737,27.68524],[85.25688,27.68353],[85.43192,27.68353],[85.43135,27.68439],[85.4321,27.68555],[85.43145,27.68647],[85.43178,27.68905],[85.43058,27.69054],[85.43108,27.69228],[85.43051,27.69563],[85.4312,27.69652],[85.43059,27.69756],[85.43087,27.70077],[85.4304,27.70215],[85.4315,27.70581],[85.43087,27.70902],[85.43012,27.70957],[85.42976,27.71331],[85.43083,27.71432],[85.43086,27.71651],[85.43149,27.71695],[85.43112,27.71996],[85.43039,27.72043],[85.43064,27.72345],[85.42972,27.72456],[85.43154,27.72946],[85.43005,27.73173],[85.43053,27.73342],[85.42978,27.73407],[85.43076,27.73845],[85.42974,27.7423],[85.43087,27.74471],[85.43083,27.74658],[85.42973,27.74736],[85.43077,27.75706],[85.43018,27.75913],[85.43084,27.76078],[85.43066,27.76893],[85.42997,27.77105],[85.34179,27.77105],[85.34179,27.81479]]]},"properties":{"date":"2025-12-15","year":2025,"res":0.46,"name":"Vivid Advanced"}},{"type":"Feature","geometry":{"type":"Polygon","coordinates":[[[85.25726,27.76275],[85.25849,27.77196],[85.25757,27.77343],[85.25867,27.7739],[85.25931,27.7785],[85.26065,27.77976],[85.26143,27.78174],[85.25909,27.79704],[85.25997,27.79964],[85.25999,27.80332],[85.25847,27.81027],[85.25876,27.81332],[85.25789,27.81447],[85.2576,27.81738],[85.25831,27.8192],[85.25806,27.82712],[85.25909,27.82988],[85.25908,27.83367],[85.25838,27.83587],[85.25916,27.84051],[85.26119,27.84312],[85.26185,27.84611],[85.26284,27.8469],[85.26318,27.84831],[85.26339,27.85367],[85.26123,27.8585],[85.2539,27.8585],[85.2539,27.77105],[85.24548,27.77105],[85.24545,27.76827],[85.24352,27.76512],[85.24517,27.76243],[85.24593,27.7624],[85.24639,27.76384],[85.24791,27.76425],[85.2539,27.76315],[85.25618,27.7635],[85.25726,27.76275]]]},"properties":{"date":"2025-12-21","year":2025,"res":0.34,"name":"Vivid Advanced"}},{"type":"Feature","geometry":{"type":"Polygon","coordinates":[[[85.50094,27.84192],[85.50096,27.84195],[85.50094,27.84194],[85.50094,27.84192]]]},"properties":{"date":"2025-10-20","year":2025,"res":0.34,"name":"Vivid"}},{"type":"Feature","geometry":{"type":"Polygon","coordinates":[[[85.501,27.84205],[85.50103,27.84205],[85.50103,27.84209],[85.501,27.84205]]]},"properties":{"date":"2025-10-20","year":2025,"res":0.34,"name":"Vivid"}},{"type":"Feature","geometry":{"type":"Polygon","coordinates":[[[85.50118,27.84248],[85.50118,27.84247],[85.50118,27.84248]]]},"properties":{"date":"2025-10-20","year":2025,"res":0.34,"name":"Vivid"}},{"type":"Feature","geometry":{"type":"Polygon","coordinates":[[[85.50122,27.84255],[85.50124,27.84263],[85.50118,27.84248],[85.50122,27.84255]]]},"properties":{"date":"2025-10-20","year":2025,"res":0.34,"name":"Vivid"}},{"type":"Feature","geometry":{"type":"Polygon","coordinates":[[[85.50124,27.8431],[85.50124,27.84313],[85.50124,27.84313],[85.50124,27.8431]]]},"properties":{"date":"2025-10-20","year":2025,"res":0.34,"name":"Vivid"}},{"type":"Feature","geometry":{"type":"Polygon","coordinates":[[[85.50134,27.84343],[85.50126,27.84338],[85.50126,27.84325],[85.50134,27.84343]]]},"properties":{"date":"2025-10-20","year":2025,"res":0.34,"name":"Vivid"}},{"type":"Feature","geometry":{"type":"Polygon","coordinates":[[[85.49456,27.9494],[85.49614,27.94601],[85.49576,27.94527],[85.49646,27.94352],[85.49918,27.93974],[85.49907,27.93787],[85.50009,27.93621],[85.49974,27.93338],[85.50026,27.93165],[85.49889,27.93086],[85.49866,27.92958],[85.49919,27.92775],[85.50067,27.92605],[85.49864,27.9219],[85.49935,27.92052],[85.49933,27.91647],[85.49808,27.91322],[85.49791,27.91025],[85.49407,27.90528],[85.49395,27.90328],[85.49621,27.89841],[85.49563,27.89616],[85.49602,27.89375],[85.49543,27.89273],[85.49609,27.89098],[85.49539,27.8886],[85.49612,27.8856],[85.49547,27.88328],[85.49577,27.88176],[85.49446,27.87772],[85.49462,27.87273],[85.49535,27.87018],[85.49503,27.86473],[85.49355,27.86172],[85.4924,27.86133],[85.49283,27.86006],[85.49483,27.85919],[85.49807,27.85547],[85.50134,27.84343],[85.50079,27.83899],[85.49859,27.83393],[85.49796,27.83015],[85.49668,27.82928],[85.49607,27.82648],[85.49323,27.82322],[85.49296,27.8203],[85.49196,27.81941],[85.49198,27.81738],[85.49403,27.81598],[85.49567,27.81354],[85.4964,27.80924],[85.49774,27.80765],[85.49679,27.8032],[85.49761,27.80108],[85.49744,27.79836],[85.49639,27.79474],[85.49733,27.79171],[85.4975,27.78367],[85.49444,27.77951],[85.4953,27.77661],[85.49429,27.77345],[85.49474,27.77111],[85.51758,27.77105],[85.51758,27.68353],[85.55894,27.68353],[85.5582,27.68555],[85.56013,27.69353],[85.56022,27.69735],[85.559,27.69959],[85.55804,27.70355],[85.55835,27.70615],[85.56061,27.71271],[85.55997,27.72177],[85.55875,27.7249],[85.55804,27.72516],[85.55708,27.7295],[85.55766,27.73164],[85.55707,27.73493],[85.55928,27.73913],[85.55883,27.74012],[85.55975,27.74592],[85.5592,27.74771],[85.56011,27.75182],[85.55979,27.756],[85.55713,27.76095],[85.55711,27.76212],[85.55865,27.76525],[85.5584,27.77132],[85.55654,27.77206],[85.55587,27.77343],[85.55654,27.77429],[85.55635,27.78107],[85.55701,27.78253],[85.55654,27.78381],[85.55836,27.78788],[85.55888,27.79078],[85.55999,27.79241],[85.56089,27.79623],[85.56043,27.801],[85.56131,27.80415],[85.5573,27.81738],[85.55816,27.82054],[85.55943,27.82253],[85.55919,27.82585],[85.56138,27.83288],[85.56073,27.8356],[85.56149,27.83915],[85.5602,27.84272],[85.56064,27.84525],[85.55999,27.84645],[85.56001,27.84866],[85.55875,27.85146],[85.55884,27.85355],[85.55721,27.8588],[85.55767,27.86012],[85.5573,27.86133],[85.55876,27.86222],[85.55911,27.86368],[85.55802,27.87044],[85.55865,27.87267],[85.55819,27.87637],[85.56043,27.88808],[85.56,27.89116],[85.55901,27.8925],[85.55919,27.8955],[85.55835,27.89728],[85.55898,27.90052],[85.55841,27.90149],[85.55867,27.90395],[85.55771,27.90528],[85.55827,27.90803],[85.56068,27.90861],[85.56063,27.91451],[85.56126,27.91644],[85.56119,27.91839],[85.55845,27.92054],[85.55753,27.92213],[85.55729,27.92485],[85.5583,27.92714],[85.55729,27.92827],[85.55652,27.9322],[85.56118,27.94374],[85.559,27.94922],[85.56148,27.94917],[85.56408,27.95208],[85.56362,27.95611],[85.56433,27.95892],[85.56152,27.96877],[85.56152,27.97086],[85.56249,27.97417],[85.56413,27.97612],[85.56174,27.97946],[85.56152,27.98253],[85.56445,27.98401],[85.56487,27.98489],[85.56562,27.98811],[85.56478,27.9932],[85.56793,27.99458],[85.56976,27.99809],[85.57113,27.99907],[85.57111,28.0001],[85.56993,28.00078],[85.56916,28.00502],[85.56818,28.00568],[85.56863,28.00847],[85.56729,28.01523],[85.56152,28.01535],[85.55879,28.01456],[85.55696,28.01528],[85.55532,28.01398],[85.55285,28.01357],[85.55213,28.01413],[85.54917,28.01392],[85.5463,28.01519],[85.54289,28.01531],[85.53508,28.0136],[85.53321,28.01452],[85.52899,28.01467],[85.52621,28.01396],[85.52321,28.01515],[85.52276,28.01454],[85.52079,28.01454],[85.51758,28.0154],[85.51632,28.01284],[85.5141,28.01186],[85.51158,28.0094],[85.50994,28.00916],[85.50764,28.00759],[85.5034,28.00685],[85.5023,28.00755],[85.49835,28.00685],[85.49745,28.00561],[85.49673,27.99477],[85.49585,27.99313],[85.49797,27.9895],[85.49727,27.98841],[85.49835,27.98714],[85.50064,27.98659],[85.50098,27.98567],[85.50471,27.98509],[85.50391,27.982],[85.50477,27.97861],[85.50435,27.97602],[85.50237,27.97282],[85.50279,27.96971],[85.49948,27.96774],[85.49799,27.96428],[85.49603,27.96172],[85.49456,27.9494]]]},"properties":{"date":"2026-01-18","year":2026,"res":0.34,"name":"Vivid"}},{"type":"Feature","geometry":{"type":"Polygon","coordinates":[[[85.42972,28.01766],[85.42675,28.01801],[85.42564,28.01709],[85.42191,28.01657],[85.41554,28.01832],[85.41404,28.01593],[85.41468,28.01094],[85.41383,28.00962],[85.4151,28.00901],[85.41543,28.00694],[85.41388,28.00164],[85.41071,27.99961],[85.40942,27.99955],[85.40874,27.99841],[85.40639,27.9985],[85.40314,27.99687],[85.40039,27.9938],[85.39889,27.99316],[85.40087,27.97834],[85.40284,27.97566],[85.40286,27.9734],[85.40435,27.97213],[85.40512,27.96961],[85.4048,27.96666],[85.40282,27.96376],[85.40291,27.96155],[85.40216,27.95878],[85.40108,27.95754],[85.40026,27.9518],[85.3991,27.94922],[85.40375,27.94678],[85.40504,27.94771],[85.41084,27.94674],[85.41303,27.9492],[85.41382,27.94922],[85.41206,27.94723],[85.41223,27.94091],[85.41316,27.93728],[85.41219,27.93666],[85.4114,27.93247],[85.41049,27.93191],[85.411,27.92818],[85.41024,27.92624],[85.41137,27.92193],[85.41116,27.91816],[85.41186,27.91323],[85.41285,27.91087],[85.41311,27.90527],[85.41229,27.90446],[85.41228,27.90077],[85.41095,27.89791],[85.41127,27.89717],[85.40884,27.8927],[85.40873,27.88913],[85.40786,27.88792],[85.40836,27.88429],[85.40758,27.88069],[85.40848,27.87231],[85.40828,27.86822],[85.40987,27.86631],[85.41054,27.86365],[85.41316,27.86133],[85.41227,27.8597],[85.4121,27.85487],[85.41084,27.85329],[85.41054,27.85123],[85.4112,27.84685],[85.41272,27.84402],[85.41223,27.8424],[85.41315,27.83962],[85.41187,27.83606],[85.41273,27.82954],[85.41225,27.82346],[85.41288,27.82159],[85.41275,27.81921],[85.41375,27.81738],[85.41329,27.81479],[85.47363,27.81479],[85.47363,27.77343],[85.47494,27.7727],[85.48305,27.77247],[85.48544,27.77139],[85.49139,27.77254],[85.49361,27.77211],[85.4945,27.77247],[85.49464,27.77569],[85.4953,27.77661],[85.49444,27.77951],[85.4975,27.78367],[85.49733,27.79171],[85.49639,27.79474],[85.49744,27.79836],[85.49761,27.80108],[85.49679,27.8032],[85.49774,27.80765],[85.4964,27.80924],[85.49567,27.81354],[85.49403,27.81598],[85.49198,27.81738],[85.49196,27.81941],[85.49296,27.8203],[85.49323,27.82322],[85.49607,27.82648],[85.49668,27.82928],[85.49796,27.83015],[85.49799,27.83664],[85.4995,27.83865],[85.49949,27.83994],[85.50064,27.84071],[85.50131,27.84345],[85.49807,27.85547],[85.49483,27.85919],[85.49283,27.86006],[85.4924,27.86133],[85.49355,27.86172],[85.49503,27.86473],[85.49535,27.87018],[85.49462,27.87273],[85.49446,27.87772],[85.49577,27.88176],[85.49547,27.88328],[85.49612,27.8856],[85.49539,27.8886],[85.49609,27.89098],[85.49543,27.89273],[85.49602,27.89375],[85.49563,27.89616],[85.49621,27.89841],[85.49395,27.90328],[85.49407,27.90528],[85.49791,27.91025],[85.49808,27.91322],[85.49933,27.91647],[85.49935,27.92052],[85.49864,27.9219],[85.50067,27.92609],[85.49919,27.92775],[85.49866,27.92958],[85.49889,27.93086],[85.50026,27.93165],[85.49974,27.93338],[85.50009,27.93621],[85.49907,27.93787],[85.49918,27.93974],[85.49646,27.94352],[85.49576,27.94527],[85.49614,27.94601],[85.49443,27.94922],[85.49486,27.95359],[85.49559,27.95504],[85.49553,27.95953],[85.4932,27.96194],[85.49112,27.96304],[85.4887,27.96232],[85.48775,27.96273],[85.48673,27.96557],[85.48742,27.96881],[85.48431,27.97004],[85.48433,27.97119],[85.48328,27.9726],[85.48362,27.97446],[85.48225,27.97589],[85.48315,27.97865],[85.48544,27.98069],[85.48634,27.98286],[85.48971,27.98339],[85.49264,27.98649],[85.49432,27.98686],[85.49496,27.98796],[85.49577,27.98765],[85.49775,27.98871],[85.49797,27.9895],[85.49636,27.99149],[85.49584,27.99413],[85.49447,27.99487],[85.49105,27.99455],[85.48865,27.9957],[85.48745,27.99677],[85.48674,27.99932],[85.48186,28.00245],[85.48055,28.00444],[85.47968,28.00809],[85.47483,28.01328],[85.47376,28.01687],[85.47087,28.01564],[85.46743,28.01581],[85.46148,28.0133],[85.45936,28.01353],[85.45748,28.01093],[85.45506,28.00953],[85.44748,28.008],[85.44339,28.00841],[85.43646,28.00647],[85.43359,28.00754],[85.43187,28.00942],[85.43086,28.0095],[85.43101,28.01026],[85.43003,28.01081],[85.42972,28.01766]]]},"properties":{"date":"2025-01-10","year":2025,"res":0.34,"name":"Vivid"}},{"type":"Feature","geometry":{"type":"Polygon","coordinates":[[[85.34179,27.81479],[85.41329,27.81479],[85.41369,27.81544],[85.41225,27.82346],[85.41273,27.82954],[85.41187,27.83606],[85.41315,27.83962],[85.41223,27.8424],[85.41272,27.84402],[85.4112,27.84685],[85.41054,27.85123],[85.41084,27.85329],[85.4121,27.85487],[85.41227,27.8597],[85.41316,27.86133],[85.41054,27.86365],[85.40987,27.86631],[85.40828,27.86822],[85.40848,27.87231],[85.40758,27.88069],[85.40836,27.88429],[85.40786,27.88792],[85.40873,27.88913],[85.40884,27.8927],[85.41127,27.89717],[85.41095,27.89791],[85.41228,27.90077],[85.41229,27.90446],[85.41311,27.90527],[85.41285,27.91087],[85.41186,27.91323],[85.41116,27.91816],[85.41137,27.92193],[85.41024,27.92624],[85.411,27.92818],[85.41049,27.93191],[85.4114,27.93247],[85.41219,27.93666],[85.41316,27.93728],[85.41223,27.94091],[85.41206,27.94723],[85.41382,27.94922],[85.41303,27.9492],[85.41084,27.94674],[85.40504,27.94771],[85.40375,27.94678],[85.3991,27.94922],[85.40026,27.9518],[85.40108,27.95754],[85.40216,27.95878],[85.40291,27.96155],[85.40282,27.96376],[85.4048,27.96666],[85.40512,27.96961],[85.40435,27.97213],[85.40286,27.9734],[85.40284,27.97566],[85.40087,27.97834],[85.39889,27.99316],[85.40039,27.9938],[85.40314,27.99687],[85.40639,27.9985],[85.40874,27.99841],[85.40942,27.99955],[85.41071,27.99961],[85.41388,28.00164],[85.41543,28.00694],[85.4151,28.00901],[85.41383,28.00962],[85.41468,28.01094],[85.41404,28.01593],[85.41557,28.01835],[85.41426,28.01723],[85.40728,28.01751],[85.40552,28.01647],[85.40534,28.01513],[85.40476,28.01507],[85.405,28.01244],[85.40417,28.01063],[85.40324,28.01017],[85.40329,28.00774],[85.40014,28.00643],[85.39876,28.00777],[85.39727,28.00784],[85.39722,28.00877],[85.39567,28.01006],[85.39164,28.01162],[85.39168,28.01267],[85.39028,28.01461],[85.39091,28.01763],[85.38873,28.01949],[85.38831,28.02319],[85.38763,28.0234],[85.38696,28.02491],[85.38541,28.02508],[85.38479,28.02332],[85.38379,28.02421],[85.38171,28.02398],[85.37881,28.02505],[85.3773,28.02476],[85.37715,28.02379],[85.37578,28.02408],[85.37353,28.02265],[85.37162,28.02283],[85.37112,28.02418],[85.36967,28.02416],[85.36862,28.02241],[85.37095,28.02025],[85.37145,28.01758],[85.37003,28.01203],[85.36516,28.00973],[85.36069,28.01098],[85.35811,28.01244],[85.35312,28.01279],[85.3512,28.0137],[85.3492,28.01571],[85.34697,28.0164],[85.34563,28.01831],[85.34422,28.01913],[85.33715,28.01867],[85.33486,28.0145],[85.33329,28.01371],[85.32976,28.01516],[85.32707,28.01752],[85.32587,28.01784],[85.32407,28.01688],[85.31659,28.01662],[85.31479,28.01102],[85.31157,28.01011],[85.31023,28.00605],[85.30878,28.00446],[85.30635,27.99558],[85.30537,27.99454],[85.30538,27.99316],[85.31032,27.99307],[85.31129,27.99113],[85.31304,27.99022],[85.3135,27.98854],[85.31256,27.98426],[85.31439,27.97735],[85.31411,27.97555],[85.31292,27.97458],[85.31316,27.9698],[85.31117,27.96722],[85.31021,27.96176],[85.30738,27.95944],[85.30627,27.9575],[85.30354,27.94922],[85.30471,27.94794],[85.30771,27.94868],[85.31264,27.94838],[85.31678,27.94922],[85.31635,27.94731],[85.31453,27.94503],[85.31491,27.94266],[85.31399,27.93906],[85.31458,27.93813],[85.31462,27.9346],[85.31195,27.93042],[85.31061,27.92281],[85.31178,27.91704],[85.3116,27.91535],[85.31277,27.91308],[85.31293,27.91077],[85.31508,27.90938],[85.31682,27.90527],[85.31436,27.90174],[85.31345,27.89821],[85.31421,27.89484],[85.31245,27.89291],[85.31419,27.88809],[85.31446,27.88409],[85.31602,27.87977],[85.31571,27.87374],[85.31672,27.86915],[85.3162,27.86661],[85.31688,27.86133],[85.31542,27.86074],[85.31346,27.86126],[85.3113,27.86058],[85.30759,27.86053],[85.30337,27.86133],[85.30571,27.8585],[85.34179,27.8585],[85.34179,27.81479]]]},"properties":{"date":"2025-02-05","year":2025,"res":0.34,"name":"Vivid"}},{"type":"Feature","geometry":{"type":"Polygon","coordinates":[[[85.4979,27.83033],[85.49859,27.83393],[85.50079,27.83899],[85.50064,27.84071],[85.49949,27.83994],[85.4995,27.83865],[85.49799,27.83664],[85.4979,27.83033]]]},"properties":{"date":"2025-10-20","year":2025,"res":0.34,"name":"Vivid"}},{"type":"Feature","geometry":{"type":"Polygon","coordinates":[[[85.50064,27.84074],[85.50065,27.84075],[85.50065,27.84079],[85.50064,27.84074]]]},"properties":{"date":"2025-10-20","year":2025,"res":0.34,"name":"Vivid"}},{"type":"Feature","geometry":{"type":"Polygon","coordinates":[[[85.50073,27.84103],[85.50073,27.84109],[85.50071,27.84103],[85.50073,27.84103]]]},"properties":{"date":"2025-10-20","year":2025,"res":0.34,"name":"Vivid"}},{"type":"Feature","geometry":{"type":"Polygon","coordinates":[[[85.50079,27.84123],[85.5008,27.84125],[85.50078,27.84124],[85.50079,27.84123]]]},"properties":{"date":"2025-10-20","year":2025,"res":0.34,"name":"Vivid"}},{"type":"Feature","geometry":{"type":"Polygon","coordinates":[[[85.5008,27.84168],[85.5008,27.84157],[85.50081,27.84168],[85.5008,27.84168]]]},"properties":{"date":"2025-10-20","year":2025,"res":0.34,"name":"Vivid"}},{"type":"Feature","geometry":{"type":"Polygon","coordinates":[[[85.20378,27.77118],[85.20562,27.77212],[85.2081,27.77218],[85.20895,27.77329],[85.20996,27.77343],[85.20996,27.81479],[85.2539,27.81479],[85.2539,27.82706],[85.25174,27.82615],[85.24841,27.82615],[85.24646,27.82455],[85.2437,27.82361],[85.24278,27.82393],[85.24155,27.82216],[85.24023,27.82163],[85.23997,27.82057],[85.23743,27.81923],[85.22969,27.82086],[85.22623,27.82045],[85.22395,27.821],[85.22273,27.82011],[85.22016,27.81972],[85.21797,27.81976],[85.21649,27.82101],[85.21266,27.82037],[85.20996,27.82385],[85.20952,27.82246],[85.20834,27.82153],[85.20605,27.82207],[85.20306,27.82171],[85.20011,27.81974],[85.1979,27.82003],[85.19653,27.82153],[85.19285,27.82132],[85.19207,27.8207],[85.1897,27.82129],[85.18426,27.81744],[85.18479,27.81526],[85.18439,27.81294],[85.18528,27.81133],[85.18523,27.8097],[85.18338,27.80808],[85.1833,27.80408],[85.18412,27.80155],[85.18341,27.79756],[85.18437,27.79462],[85.18401,27.7891],[85.18458,27.78593],[85.18364,27.78394],[85.18373,27.78122],[85.18287,27.77874],[85.1832,27.77611],[85.18212,27.77343],[85.18488,27.77181],[85.18799,27.77188],[85.18938,27.7734],[85.1922,27.77343],[85.19358,27.77293],[85.19404,27.77203],[85.19695,27.7714],[85.2014,27.77178],[85.20378,27.77118]]]},"properties":{"date":"2024-12-22","year":2024,"res":0.34,"name":"Vivid"}},{"type":"Feature","geometry":{"type":"Polygon","coordinates":[[[85.25377,27.94916],[85.25567,27.94745],[85.25504,27.94392],[85.25731,27.93691],[85.25838,27.92725],[85.25789,27.92275],[85.25679,27.92104],[85.25411,27.91077],[85.25472,27.90743],[85.25393,27.90561],[85.25411,27.90287],[85.25612,27.89184],[85.25592,27.88979],[85.25715,27.88517],[85.25625,27.87991],[85.25703,27.8758],[85.25638,27.86923],[85.25466,27.86686],[85.2545,27.86218],[85.2539,27.86133],[85.24979,27.8599],[85.24546,27.86131],[85.24216,27.8607],[85.23905,27.85856],[85.23556,27.85777],[85.2284,27.85914],[85.22525,27.85874],[85.21851,27.85951],[85.21679,27.85904],[85.21064,27.86121],[85.21055,27.85704],[85.21283,27.85031],[85.21129,27.84271],[85.21319,27.8321],[85.21196,27.8267],[85.21085,27.82598],[85.21038,27.82385],[85.21266,27.82037],[85.21649,27.82101],[85.21797,27.81976],[85.22016,27.81972],[85.22273,27.82011],[85.22395,27.821],[85.22623,27.82045],[85.22969,27.82086],[85.23743,27.81923],[85.23997,27.82057],[85.24023,27.82163],[85.24155,27.82216],[85.24278,27.82393],[85.2437,27.82361],[85.24646,27.82455],[85.24841,27.82615],[85.25174,27.82615],[85.2539,27.82706],[85.2539,27.8585],[85.30571,27.8585],[85.30337,27.86133],[85.30516,27.86069],[85.30946,27.86053],[85.31346,27.86126],[85.31542,27.86074],[85.31688,27.86133],[85.3162,27.86661],[85.31672,27.86915],[85.31571,27.87374],[85.31602,27.87977],[85.31446,27.88409],[85.31419,27.88809],[85.31245,27.89291],[85.31421,27.89484],[85.31345,27.89821],[85.31436,27.90174],[85.31682,27.90527],[85.31508,27.90938],[85.31293,27.91077],[85.31277,27.91308],[85.3116,27.91535],[85.31178,27.91704],[85.31061,27.92281],[85.31195,27.93042],[85.31462,27.9346],[85.31458,27.93813],[85.31399,27.93906],[85.31491,27.94266],[85.31453,27.94503],[85.31635,27.94731],[85.31678,27.94922],[85.31264,27.94838],[85.30771,27.94868],[85.30471,27.94794],[85.30354,27.94922],[85.30627,27.9575],[85.30738,27.95944],[85.31021,27.96176],[85.31117,27.96722],[85.31316,27.9698],[85.31292,27.97458],[85.31411,27.97555],[85.31439,27.97735],[85.31256,27.98426],[85.3135,27.98854],[85.31304,27.99022],[85.31129,27.99113],[85.31032,27.99307],[85.30542,27.99311],[85.30537,27.99454],[85.30635,27.99558],[85.30878,28.00446],[85.31023,28.00605],[85.31095,28.00931],[85.31318,28.01097],[85.31479,28.01102],[85.31673,28.01668],[85.31263,28.01612],[85.30862,28.0138],[85.30805,28.01454],[85.30281,28.01619],[85.29823,28.01628],[85.29782,28.01711],[85.29463,28.01609],[85.292,28.01347],[85.28615,28.01179],[85.28342,28.01188],[85.27924,28.01347],[85.2779,28.01313],[85.27401,28.01386],[85.26953,28.0126],[85.2639,28.01365],[85.26087,28.01242],[85.25784,28.01266],[85.25693,28.01422],[85.25512,28.01445],[85.25393,28.01583],[85.25302,28.0155],[85.24911,28.01643],[85.24463,28.01577],[85.2432,28.01612],[85.2424,28.01724],[85.23586,28.01816],[85.23529,28.01152],[85.23664,28.00649],[85.23692,28.00065],[85.23643,27.99972],[85.23871,27.99763],[85.24227,27.9955],[85.24625,27.99415],[85.24692,27.99318],[85.24627,27.9859],[85.24334,27.98185],[85.24453,27.97435],[85.24363,27.96973],[85.24519,27.96525],[85.24436,27.96261],[85.24406,27.95769],[85.24341,27.9566],[85.24396,27.95241],[85.24586,27.94926],[85.24811,27.94786],[85.25127,27.94797],[85.25243,27.94904],[85.25377,27.94916]]]},"properties":{"date":"2025-02-21","year":2025,"res":0.34,"name":"Vivid"}},{"type":"Feature","geometry":{"type":"Polygon","coordinates":[[[85.17411,27.86152],[85.17326,27.86101],[85.17198,27.85783],[85.17074,27.85176],[85.16978,27.8509],[85.17088,27.84698],[85.17018,27.84332],[85.17117,27.84103],[85.16973,27.83819],[85.17108,27.83409],[85.17154,27.82215],[85.1721,27.82098],[85.17176,27.81737],[85.17039,27.8155],[85.17028,27.8113],[85.16933,27.80847],[85.16801,27.80701],[85.16867,27.80589],[85.17074,27.80514],[85.17761,27.80573],[85.17888,27.80706],[85.18303,27.80788],[85.18454,27.80877],[85.1853,27.8111],[85.18439,27.81294],[85.18479,27.81526],[85.1842,27.81738],[85.1897,27.82129],[85.19207,27.8207],[85.19285,27.82132],[85.19653,27.82153],[85.1979,27.82003],[85.20011,27.81974],[85.20306,27.82171],[85.20605,27.82207],[85.2082,27.82153],[85.20913,27.82198],[85.21069,27.82442],[85.21085,27.82598],[85.21196,27.8267],[85.21319,27.8321],[85.21129,27.84271],[85.21283,27.85031],[85.21055,27.85704],[85.21064,27.86121],[85.20714,27.86228],[85.2028,27.86259],[85.19773,27.86148],[85.18887,27.86247],[85.18676,27.86162],[85.18334,27.86135],[85.18182,27.862],[85.17411,27.86152]]]},"properties":{"date":"2025-03-03","year":2025,"res":0.31,"name":"Vivid"}},{"type":"Feature","geometry":{"type":"Polygon","coordinates":[[[85.18206,27.77339],[85.1832,27.77611],[85.18287,27.77874],[85.18373,27.78122],[85.18364,27.78394],[85.18458,27.78593],[85.18401,27.7891],[85.18437,27.79462],[85.18341,27.79756],[85.18412,27.80155],[85.18331,27.80358],[85.18354,27.80791],[85.18194,27.80803],[85.17888,27.80706],[85.17761,27.80573],[85.17575,27.80594],[85.17447,27.80522],[85.17074,27.80514],[85.16867,27.80589],[85.16932,27.80181],[85.17117,27.79932],[85.171,27.79492],[85.17172,27.79264],[85.1713,27.79095],[85.17251,27.78616],[85.17266,27.77575],[85.17331,27.77355],[85.17936,27.77233],[85.18206,27.77339]]]},"properties":{"date":"2025-12-01","year":2025,"res":0.5,"name":"Vivid"}},{"type":"Feature","geometry":{"type":"Polygon","coordinates":[[[85.07825,27.77355],[85.07908,27.76777],[85.0801,27.76654],[85.08006,27.76169],[85.08095,27.76109],[85.07965,27.75921],[85.07843,27.75448],[85.07901,27.75115],[85.07835,27.74665],[85.07949,27.73874],[85.07841,27.73579],[85.07887,27.73275],[85.07813,27.72978],[85.07839,27.72582],[85.07979,27.72346],[85.08028,27.71767],[85.08192,27.71487],[85.08158,27.71185],[85.08309,27.70996],[85.08327,27.70753],[85.08437,27.70651],[85.0852,27.70146],[85.08495,27.69902],[85.08378,27.6978],[85.08364,27.69602],[85.08012,27.68874],[85.07979,27.68656],[85.07813,27.68558],[85.07882,27.68434],[85.07841,27.68353],[85.16242,27.68353],[85.16395,27.6853],[85.16601,27.68545],[85.166,27.73124],[85.16516,27.73275],[85.16545,27.73401],[85.16424,27.73929],[85.16404,27.74412],[85.16306,27.74741],[85.16348,27.75148],[85.16299,27.75497],[85.16159,27.7586],[85.16204,27.75983],[85.16137,27.76643],[85.16302,27.77193],[85.16601,27.77343],[85.16806,27.77295],[85.17339,27.77343],[85.17266,27.77575],[85.17251,27.78616],[85.1713,27.79095],[85.17172,27.79264],[85.171,27.79492],[85.17117,27.79932],[85.16932,27.80181],[85.16801,27.80701],[85.16933,27.80847],[85.17028,27.8113],[85.17039,27.8155],[85.17176,27.81737],[85.1721,27.82098],[85.17154,27.82215],[85.17108,27.83409],[85.16973,27.83819],[85.17117,27.84103],[85.17018,27.84332],[85.17088,27.84698],[85.16978,27.8509],[85.17074,27.85176],[85.17198,27.85783],[85.17326,27.86101],[85.17401,27.86133],[85.16983,27.86198],[85.16601,27.86133],[85.1673,27.86394],[85.16757,27.86633],[85.16606,27.87169],[85.16701,27.89425],[85.16626,27.89716],[85.16668,27.90048],[85.16613,27.90189],[85.16614,27.90693],[85.16735,27.9096],[85.16879,27.91019],[85.16883,27.91447],[85.16948,27.91633],[85.17154,27.91897],[85.17188,27.9214],[85.17285,27.92239],[85.17241,27.92472],[85.17326,27.92726],[85.17153,27.93087],[85.1687,27.93337],[85.16684,27.93417],[85.1669,27.93918],[85.16641,27.94016],[85.16696,27.94401],[85.16657,27.9484],[85.16602,27.94912],[85.16656,27.95488],[85.16609,27.95665],[85.1688,27.96264],[85.16827,27.96566],[85.16868,27.96672],[85.16635,27.9707],[85.16608,27.97316],[85.16615,27.97681],[85.16737,27.98131],[85.16759,27.98483],[85.1661,27.98758],[85.1666,27.9923],[85.16559,27.99458],[85.16341,27.9959],[85.16147,28.0056],[85.16297,28.00931],[85.16288,28.0123],[85.16518,28.016],[85.16679,28.02315],[85.16617,28.02526],[85.16601,28.03238],[85.16343,28.02833],[85.15785,28.02734],[85.14995,28.02716],[85.1491,28.0274],[85.14763,28.03],[85.14464,28.03051],[85.14243,28.02988],[85.14082,28.03026],[85.13402,28.02774],[85.12836,28.02869],[85.12437,28.03097],[85.12235,28.03327],[85.12207,28.03532],[85.11824,28.03307],[85.11259,28.03302],[85.10858,28.03107],[85.10329,28.03114],[85.09861,28.03214],[85.09702,28.03335],[85.09347,28.03387],[85.09005,28.03335],[85.08867,28.03385],[85.08312,28.03369],[85.08094,28.03442],[85.07922,28.03627],[85.07823,28.03643],[85.07817,27.99164],[85.0797,27.98628],[85.07914,27.98263],[85.08066,27.97835],[85.08063,27.96929],[85.08155,27.96806],[85.081,27.96132],[85.07829,27.95763],[85.07898,27.95114],[85.07813,27.94919],[85.07878,27.94709],[85.08068,27.94589],[85.08271,27.93922],[85.08254,27.93781],[85.08053,27.93583],[85.08008,27.93375],[85.07915,27.93303],[85.07932,27.93047],[85.08036,27.9282],[85.07902,27.92617],[85.07904,27.92334],[85.07814,27.92116],[85.07881,27.91796],[85.07878,27.91104],[85.07832,27.91003],[85.07897,27.90705],[85.07813,27.90527],[85.08069,27.90045],[85.08061,27.89735],[85.08169,27.89485],[85.08205,27.89085],[85.08191,27.88823],[85.07993,27.88438],[85.08004,27.88192],[85.07918,27.87979],[85.07869,27.87335],[85.0792,27.87162],[85.07827,27.86748],[85.07813,27.86132],[85.07935,27.85421],[85.07867,27.85274],[85.08062,27.84734],[85.07976,27.84348],[85.0804,27.84035],[85.07871,27.83823],[85.07816,27.8343],[85.07909,27.82085],[85.07813,27.81738],[85.0803,27.81072],[85.08046,27.80754],[85.08187,27.80518],[85.0819,27.80129],[85.08375,27.79388],[85.08313,27.7924],[85.08347,27.78948],[85.08191,27.78521],[85.0802,27.78308],[85.08076,27.77996],[85.07915,27.77631],[85.07906,27.77418],[85.07825,27.77355]]]},"properties":{"date":"2026-02-05","year":2026,"res":0.34,"name":"Vivid"}},{"type":"Feature","geometry":{"type":"Polygon","coordinates":[[[85.20988,27.86143],[85.21679,27.85904],[85.21851,27.85951],[85.22525,27.85874],[85.2284,27.85914],[85.23556,27.85777],[85.23776,27.85805],[85.24045,27.85919],[85.24216,27.8607],[85.2453,27.86133],[85.24362,27.86202],[85.2429,27.86409],[85.23901,27.86776],[85.23808,27.87096],[85.23783,27.87575],[85.23914,27.87918],[85.23831,27.88147],[85.23909,27.88512],[85.24008,27.88596],[85.24189,27.89197],[85.24411,27.8957],[85.24397,27.90405],[85.24502,27.90527],[85.24373,27.90869],[85.245,27.91182],[85.24533,27.91684],[85.24483,27.91903],[85.24541,27.92689],[85.24493,27.92842],[85.24531,27.93573],[85.24483,27.93911],[85.24573,27.94096],[85.24513,27.94589],[85.24592,27.94922],[85.24396,27.95241],[85.24341,27.95656],[85.24406,27.95769],[85.24436,27.96261],[85.24519,27.96525],[85.24363,27.96973],[85.24453,27.97435],[85.24331,27.98106],[85.24349,27.98225],[85.24627,27.9859],[85.24692,27.99318],[85.24625,27.99415],[85.24227,27.9955],[85.23871,27.99763],[85.23724,27.99939],[85.23549,27.99987],[85.23372,28.00172],[85.22943,28.00357],[85.22748,28.00361],[85.22368,28.00595],[85.21828,28.00639],[85.21669,28.00723],[85.21241,28.01275],[85.21204,28.01555],[85.21114,28.01627],[85.21119,28.01927],[85.20996,28.02088],[85.20158,28.01912],[85.19012,28.02065],[85.18782,28.02019],[85.18553,28.02064],[85.18367,28.01981],[85.17969,28.02034],[85.17184,28.01888],[85.17048,28.0201],[85.16601,28.0209],[85.16523,28.01617],[85.16305,28.01281],[85.16297,28.00931],[85.16147,28.0056],[85.16341,27.9959],[85.16559,27.99458],[85.1666,27.9923],[85.1661,27.98758],[85.16759,27.98483],[85.16737,27.98131],[85.16615,27.97681],[85.16608,27.97316],[85.16635,27.9707],[85.16868,27.96672],[85.16827,27.96566],[85.1688,27.96264],[85.16609,27.95665],[85.16656,27.95488],[85.16602,27.94912],[85.16657,27.9484],[85.16696,27.94401],[85.16641,27.94016],[85.1669,27.93918],[85.16669,27.9352],[85.1669,27.93405],[85.1687,27.93337],[85.17153,27.93087],[85.17326,27.92726],[85.17241,27.92472],[85.17285,27.92239],[85.17188,27.9214],[85.17154,27.91897],[85.16948,27.91633],[85.16883,27.91447],[85.16879,27.91019],[85.16735,27.9096],[85.16614,27.90693],[85.16613,27.90189],[85.16668,27.90048],[85.16626,27.89716],[85.16701,27.89425],[85.16606,27.87169],[85.16757,27.86633],[85.1673,27.86394],[85.16601,27.86133],[85.16983,27.86198],[85.17403,27.86133],[85.18176,27.862],[85.18334,27.86135],[85.18676,27.86162],[85.18887,27.86247],[85.19773,27.86148],[85.2,27.86171],[85.20148,27.86259],[85.20688,27.86232],[85.20988,27.86143]]]},"properties":{"date":"2026-02-07","year":2026,"res":0.34,"name":"Vivid"}},{"type":"Feature","geometry":{"type":"Polygon","coordinates":[[[85.01161,28.38904],[85.01142,28.38827],[85.00935,28.38789],[85.00457,28.38855],[85.00354,28.38758],[85.00261,28.38759],[85.00099,28.38447],[85.00047,28.38118],[85.00095,28.3773],[85.00016,28.37368],[85.00243,28.37006],[85.00221,28.36897],[85.00304,28.36832],[85.00249,28.36625],[85.00064,28.36537],[84.99965,28.36395],[85.00012,28.36018],[85.00194,28.35633],[85.00389,28.35392],[85.00367,28.35078],[85.00433,28.34885],[85.0065,28.34707],[85.00657,28.34572],[85.00935,28.34473],[85.00514,28.33013],[85.00522,28.3255],[85.003,28.31823],[85.00126,28.30438],[85.07813,28.30438],[85.07808,28.38873],[85.0751,28.39027],[85.07463,28.39202],[85.07367,28.3923],[85.07213,28.39552],[85.06697,28.39628],[85.06508,28.39764],[85.06111,28.39675],[85.05972,28.39558],[85.05838,28.39562],[85.05623,28.39609],[85.05564,28.39721],[85.05147,28.3981],[85.0494,28.39746],[85.04788,28.39885],[85.04673,28.39854],[85.04654,28.39721],[85.04197,28.3965],[85.04152,28.39554],[85.03922,28.39425],[85.0383,28.39184],[85.03488,28.391],[85.03423,28.38867],[85.03302,28.3894],[85.03135,28.38898],[85.03125,28.39001],[85.0294,28.38989],[85.02795,28.39128],[85.02816,28.39201],[85.02725,28.3918],[85.02412,28.39337],[85.02278,28.39559],[85.02162,28.39555],[85.01926,28.39859],[85.01417,28.39802],[85.01234,28.39698],[85.01295,28.39232],[85.01161,28.38904]]]},"properties":{"date":"2018-10-21","year":2018,"res":0.5,"name":"Vivid"}},{"type":"Feature","geometry":{"type":"Polygon","coordinates":[[[85.07791,28.34398],[85.07813,28.34374],[85.07813,28.34468],[85.07791,28.34398]]]},"properties":{"date":"2021-02-25","year":2021,"res":0.5,"name":"Vivid"}},{"type":"Feature","geometry":{"type":"Polygon","coordinates":[[[85.17837,28.16888],[85.17908,28.17519],[85.18065,28.17713],[85.18252,28.17742],[85.18338,28.17826],[85.1835,28.17924],[85.18592,28.18231],[85.1838,28.18413],[85.18291,28.1858],[85.18034,28.18767],[85.17989,28.18878],[85.17989,28.19052],[85.1811,28.19152],[85.18136,28.19353],[85.18252,28.19458],[85.18233,28.19593],[85.18038,28.19778],[85.17985,28.19916],[85.18066,28.20129],[85.1805,28.20275],[85.17801,28.20335],[85.17797,28.20593],[85.17872,28.20645],[85.17809,28.20834],[85.17905,28.21033],[85.1784,28.21056],[85.17851,28.21252],[85.17796,28.21289],[85.17898,28.21922],[85.17799,28.22117],[85.17792,28.22525],[85.17975,28.22599],[85.18024,28.22746],[85.17948,28.22868],[85.18035,28.23002],[85.1796,28.23084],[85.18016,28.23121],[85.17967,28.23281],[85.18032,28.23396],[85.17804,28.23674],[85.1779,28.23919],[85.17823,28.24037],[85.17891,28.24047],[85.17892,28.24297],[85.1779,28.24422],[85.17808,28.24749],[85.17711,28.24809],[85.17578,28.24649],[85.17531,28.2431],[85.17407,28.24226],[85.17383,28.24048],[85.17058,28.23912],[85.17124,28.23665],[85.17016,28.23604],[85.16994,28.23257],[85.17007,28.23095],[85.1748,28.22985],[85.17477,28.22826],[85.17357,28.22768],[85.17382,28.22652],[85.173,28.22596],[85.17304,28.22391],[85.17423,28.22185],[85.17475,28.21418],[85.17671,28.21289],[85.17591,28.21077],[85.17536,28.20394],[85.17629,28.19641],[85.17567,28.19188],[85.17673,28.1868],[85.17565,28.17843],[85.17605,28.17581],[85.175,28.17063],[85.17491,28.1666],[85.17252,28.16355],[85.1719,28.15979],[85.17066,28.15783],[85.17032,28.15484],[85.16933,28.1532],[85.17024,28.1466],[85.1696,28.14356],[85.17031,28.14289],[85.17004,28.14129],[85.16883,28.14087],[85.1687,28.13873],[85.16971,28.13706],[85.17119,28.13617],[85.17223,28.13632],[85.17236,28.1348],[85.17174,28.1345],[85.17125,28.13156],[85.17177,28.13093],[85.17151,28.12878],[85.17418,28.125],[85.17875,28.125],[85.1791,28.12679],[85.18209,28.13049],[85.18208,28.13296],[85.1814,28.13367],[85.18216,28.1345],[85.18095,28.13537],[85.18009,28.13958],[85.18081,28.14018],[85.18211,28.14442],[85.18429,28.14438],[85.18574,28.14725],[85.18596,28.14908],[85.18559,28.14956],[85.18218,28.14907],[85.17882,28.14994],[85.17841,28.15371],[85.17923,28.15835],[85.1788,28.1606],[85.17901,28.16151],[85.18011,28.16196],[85.1796,28.16305],[85.18038,28.16485],[85.18,28.16741],[85.17837,28.16888]]]},"properties":{"date":"2015-12-27","year":2015,"res":0.5,"name":"Vivid"}},{"type":"Feature","geometry":{"type":"Polygon","coordinates":[[[85.17749,28.24807],[85.17748,28.24806],[85.17749,28.24806],[85.17749,28.24807]]]},"properties":{"date":"2015-12-27","year":2015,"res":0.5,"name":"Vivid"}},{"type":"Feature","geometry":{"type":"Polygon","coordinates":[[[85.13755,28.12502],[85.13761,28.12443],[85.13885,28.12412],[85.13824,28.12152],[85.13879,28.12054],[85.13831,28.11841],[85.13891,28.11721],[85.1384,28.11309],[85.13861,28.11084],[85.13992,28.10772],[85.13921,28.10138],[85.1399,28.09978],[85.14003,28.09591],[85.1413,28.09387],[85.14067,28.08822],[85.14105,28.087],[85.14051,28.08614],[85.14096,28.08247],[85.13947,28.08106],[85.14044,28.08007],[85.14029,28.07581],[85.14151,28.07217],[85.14077,28.06899],[85.14083,28.06455],[85.14213,28.06056],[85.14316,28.05948],[85.14199,28.05844],[85.14074,28.05463],[85.14321,28.05084],[85.14302,28.04622],[85.14377,28.04445],[85.14372,28.04232],[85.14204,28.03852],[85.14073,28.03711],[85.15131,28.03755],[85.16598,28.03971],[85.17058,28.03928],[85.17165,28.0397],[85.17699,28.03776],[85.1788,28.03459],[85.17905,28.04205],[85.1797,28.04251],[85.18048,28.04677],[85.17972,28.05401],[85.18008,28.05544],[85.17923,28.05759],[85.17922,28.06595],[85.18106,28.07005],[85.18063,28.07418],[85.18118,28.07586],[85.18083,28.07793],[85.17845,28.08048],[85.17992,28.08571],[85.17878,28.09108],[85.1808,28.09949],[85.18136,28.10068],[85.18383,28.10236],[85.1837,28.10479],[85.18515,28.10787],[85.18527,28.10959],[85.18411,28.11158],[85.18486,28.11475],[85.18418,28.11839],[85.18283,28.11908],[85.18117,28.11895],[85.18092,28.12057],[85.17888,28.12205],[85.1791,28.12486],[85.17395,28.12499],[85.17365,28.12564],[85.17119,28.12652],[85.17001,28.1266],[85.16538,28.12465],[85.16321,28.1248],[85.16084,28.12593],[85.1589,28.12553],[85.15702,28.12386],[85.15591,28.12377],[85.15502,28.12218],[85.15196,28.12179],[85.1495,28.12187],[85.14691,28.12301],[85.14716,28.12371],[85.14619,28.125],[85.14404,28.12427],[85.13892,28.1256],[85.13755,28.12502]]]},"properties":{"date":"2015-12-27","year":2015,"res":0.5,"name":"Vivid"}},{"type":"Feature","geometry":{"type":"Polygon","coordinates":[[[85.17779,28.03707],[85.17198,28.03964],[85.16598,28.03971],[85.16042,28.03853],[85.13985,28.03627],[85.13441,28.03511],[85.13306,28.03344],[85.12983,28.03245],[85.12767,28.03307],[85.12661,28.03446],[85.12297,28.03482],[85.12392,28.03316],[85.12673,28.03205],[85.13055,28.0318],[85.13449,28.03291],[85.14364,28.03111],[85.1462,28.032],[85.15126,28.03187],[85.15306,28.03375],[85.15857,28.0352],[85.16436,28.03562],[85.16601,28.03711],[85.16651,28.02833],[85.16803,28.02517],[85.17022,28.02315],[85.17147,28.02102],[85.17158,28.01923],[85.17282,28.01977],[85.17549,28.01937],[85.18185,28.0204],[85.18114,28.02522],[85.17954,28.02934],[85.17907,28.03363],[85.17779,28.03707]]]},"properties":{"date":"2015-12-27","year":2015,"res":0.5,"name":"Vivid"}},{"type":"Feature","geometry":{"type":"Polygon","coordinates":[[[85.07827,28.12541],[85.07825,28.125],[85.07841,28.12566],[85.07827,28.12541]]]},"properties":{"date":"2016-01-18","year":2016,"res":0.5,"name":"Vivid"}},{"type":"Feature","geometry":{"type":"Polygon","coordinates":[[[85.07911,28.1279],[85.07895,28.12767],[85.07932,28.12825],[85.07911,28.1279]]]},"properties":{"date":"2016-01-18","year":2016,"res":0.5,"name":"Vivid"}},{"type":"Feature","geometry":{"type":"Polygon","coordinates":[[[85.07933,28.12826],[85.07932,28.12826],[85.07932,28.12825],[85.07933,28.12826]]]},"properties":{"date":"2016-01-18","year":2016,"res":0.5,"name":"Vivid"}},{"type":"Feature","geometry":{"type":"Polygon","coordinates":[[[85.07933,28.12827],[85.07933,28.12826],[85.07933,28.12827]]]},"properties":{"date":"2016-01-18","year":2016,"res":0.5,"name":"Vivid"}},{"type":"Feature","geometry":{"type":"Polygon","coordinates":[[[85.0794,28.1283],[85.0794,28.12831],[85.0794,28.12831],[85.0794,28.1283]]]},"properties":{"date":"2016-01-18","year":2016,"res":0.5,"name":"Vivid"}},{"type":"Feature","geometry":{"type":"Polygon","coordinates":[[[85.07968,28.1285],[85.07941,28.12832],[85.08064,28.1286],[85.07968,28.1285]]]},"properties":{"date":"2016-01-18","year":2016,"res":0.5,"name":"Vivid"}},{"type":"Feature","geometry":{"type":"Polygon","coordinates":[[[85.08134,28.12912],[85.08131,28.12913],[85.08131,28.12912],[85.08134,28.12912]]]},"properties":{"date":"2016-01-18","year":2016,"res":0.5,"name":"Vivid"}},{"type":"Feature","geometry":{"type":"Polygon","coordinates":[[[85.08152,28.12933],[85.08281,28.12969],[85.08295,28.13036],[85.08152,28.12933]]]},"properties":{"date":"2016-01-18","year":2016,"res":0.5,"name":"Vivid"}},{"type":"Feature","geometry":{"type":"Polygon","coordinates":[[[85.09089,28.13162],[85.09266,28.12771],[85.09274,28.12583],[85.09528,28.125],[85.0946,28.12458],[85.09539,28.12362],[85.09511,28.12035],[85.09573,28.11813],[85.09521,28.11734],[85.09579,28.11676],[85.09548,28.11401],[85.0946,28.11326],[85.09522,28.11264],[85.09452,28.10714],[85.09371,28.10641],[85.09439,28.10577],[85.09186,28.08989],[85.09283,28.08106],[85.09239,28.08042],[85.09318,28.07887],[85.09258,28.07602],[85.09277,28.07297],[85.0915,28.06937],[85.09182,28.06458],[85.0909,28.06344],[85.09075,28.06093],[85.09256,28.05462],[85.09184,28.0481],[85.09003,28.04253],[85.09152,28.0393],[85.09156,28.03701],[85.09552,28.03693],[85.09982,28.03583],[85.10259,28.03639],[85.10481,28.03506],[85.10696,28.03631],[85.10824,28.03532],[85.1133,28.03433],[85.11665,28.03643],[85.12211,28.03711],[85.12278,28.0352],[85.12259,28.0517],[85.1221,28.05281],[85.12274,28.05355],[85.1225,28.05675],[85.12296,28.05725],[85.12217,28.06503],[85.12283,28.06883],[85.1215,28.0741],[85.1209,28.07456],[85.12103,28.07718],[85.12032,28.07907],[85.12083,28.08106],[85.11959,28.08478],[85.11838,28.08437],[85.11504,28.08501],[85.11439,28.08594],[85.1131,28.08609],[85.1121,28.08761],[85.11339,28.08931],[85.11655,28.08958],[85.1173,28.09122],[85.11836,28.09072],[85.11868,28.09176],[85.11521,28.09438],[85.11521,28.09848],[85.116,28.10051],[85.11582,28.10327],[85.11658,28.10399],[85.11729,28.10661],[85.11652,28.11146],[85.11688,28.11563],[85.11872,28.11788],[85.11997,28.12378],[85.12119,28.125],[85.11964,28.12595],[85.1159,28.12557],[85.113,28.12761],[85.11139,28.12762],[85.11022,28.12886],[85.10281,28.13115],[85.09883,28.13152],[85.09737,28.1326],[85.09546,28.13264],[85.094,28.13162],[85.09244,28.13208],[85.09089,28.13162]]]},"properties":{"date":"2016-01-18","year":2016,"res":0.5,"name":"Vivid"}},{"type":"Feature","geometry":{"type":"Polygon","coordinates":[[[85.08337,28.1306],[85.08338,28.13059],[85.08338,28.1306],[85.08337,28.1306]]]},"properties":{"date":"2016-01-18","year":2016,"res":0.5,"name":"Vivid"}},{"type":"Feature","geometry":{"type":"Polygon","coordinates":[]},"properties":{"date":"2016-01-18","year":2016,"res":0.5,"name":"Vivid"}},{"type":"Feature","geometry":{"type":"Polygon","coordinates":[[[85.08343,28.13061],[85.08347,28.1306],[85.08347,28.13061],[85.08343,28.13061]]]},"properties":{"date":"2016-01-18","year":2016,"res":0.5,"name":"Vivid"}},{"type":"Feature","geometry":{"type":"Polygon","coordinates":[[[85.08376,28.13064],[85.08679,28.13106],[85.08533,28.13132],[85.08376,28.13064]]]},"properties":{"date":"2016-01-18","year":2016,"res":0.5,"name":"Vivid"}},{"type":"Feature","geometry":{"type":"Polygon","coordinates":[[[85.08692,28.13115],[85.08693,28.13117],[85.08692,28.13117],[85.08692,28.13115]]]},"properties":{"date":"2016-01-18","year":2016,"res":0.5,"name":"Vivid"}},{"type":"Feature","geometry":{"type":"Polygon","coordinates":[[[85.08729,28.13128],[85.08694,28.13117],[85.08783,28.13158],[85.08729,28.13128]]]},"properties":{"date":"2016-01-18","year":2016,"res":0.5,"name":"Vivid"}},{"type":"Feature","geometry":{"type":"Polygon","coordinates":[[[85.07824,28.125],[85.07824,28.12499],[85.07824,28.125]]]},"properties":{"date":"2016-01-18","year":2016,"res":0.5,"name":"Vivid"}},{"type":"Feature","geometry":{"type":"Polygon","coordinates":[[[85.07821,28.125],[85.07818,28.125],[85.07821,28.125]]]},"properties":{"date":"2016-01-18","year":2016,"res":0.5,"name":"Vivid"}},{"type":"Feature","geometry":{"type":"Polygon","coordinates":[[[85.07813,28.125],[85.07814,28.125],[85.07817,28.125],[85.07813,28.125]]]},"properties":{"date":"2016-01-18","year":2016,"res":0.5,"name":"Vivid"}},{"type":"Feature","geometry":{"type":"Polygon","coordinates":[[[85.21648,28.01779],[85.21647,28.02002],[85.21842,28.02068],[85.22559,28.02145],[85.22664,28.0203],[85.22994,28.01977],[85.23522,28.02188],[85.24447,28.02162],[85.24619,28.02288],[85.2539,28.02375],[85.25491,28.02094],[85.26147,28.0174],[85.26162,28.01942],[85.26073,28.02096],[85.26066,28.02262],[85.26152,28.025],[85.26135,28.03015],[85.26223,28.03711],[85.26395,28.03723],[85.26533,28.03869],[85.27581,28.03926],[85.28264,28.04207],[85.28789,28.04128],[85.29077,28.04018],[85.29194,28.03858],[85.29315,28.03853],[85.2956,28.03708],[85.29789,28.0371],[85.29893,28.03607],[85.2989,28.03417],[85.29977,28.03264],[85.30229,28.03161],[85.30467,28.02852],[85.30601,28.02786],[85.31093,28.03086],[85.31296,28.03132],[85.31483,28.0297],[85.31813,28.03082],[85.31901,28.0316],[85.3204,28.0351],[85.32325,28.03567],[85.32472,28.03717],[85.32636,28.03704],[85.32835,28.03937],[85.32968,28.03979],[85.32979,28.04065],[85.33225,28.04008],[85.33387,28.04083],[85.33604,28.04063],[85.34179,28.03711],[85.34171,28.03887],[85.33987,28.03999],[85.33946,28.0416],[85.33774,28.04285],[85.33744,28.04446],[85.33901,28.04736],[85.34274,28.04933],[85.344,28.05476],[85.34357,28.05577],[85.34461,28.05725],[85.34353,28.0622],[85.34164,28.06517],[85.34092,28.06777],[85.34141,28.07066],[85.34238,28.07114],[85.34305,28.07275],[85.34328,28.07515],[85.34305,28.07681],[85.342,28.07763],[85.34245,28.07948],[85.34171,28.08042],[85.34195,28.08325],[85.34568,28.09381],[85.3474,28.09489],[85.3507,28.09512],[85.3522,28.09591],[85.35278,28.104],[85.35213,28.10749],[85.35136,28.10798],[85.35096,28.10966],[85.35099,28.11146],[85.35,28.11156],[85.35003,28.11218],[85.34883,28.11279],[85.34569,28.11743],[85.34252,28.1196],[85.34184,28.12075],[85.34077,28.12094],[85.34069,28.12263],[85.34134,28.12453],[85.34296,28.125],[85.34337,28.1258],[85.35035,28.12372],[85.35141,28.1229],[85.35391,28.12359],[85.35492,28.125],[85.34684,28.12619],[85.34329,28.13122],[85.34385,28.13475],[85.34689,28.13956],[85.34645,28.14166],[85.34723,28.1421],[85.34752,28.14442],[85.34967,28.1472],[85.35079,28.14737],[85.35128,28.14859],[85.35219,28.14906],[85.35299,28.15133],[85.35253,28.157],[85.35347,28.161],[85.35307,28.16392],[85.35478,28.16508],[85.35533,28.16895],[85.3542,28.17234],[85.35419,28.17547],[85.3534,28.17832],[85.354,28.18453],[85.35351,28.18596],[85.35455,28.18927],[85.35409,28.19092],[85.35487,28.19248],[85.35461,28.19322],[85.35183,28.19424],[85.34977,28.19359],[85.34853,28.19149],[85.34724,28.19063],[85.34522,28.18574],[85.34179,28.18072],[85.34083,28.18189],[85.3378,28.18297],[85.33701,28.18436],[85.33378,28.1857],[85.33154,28.18808],[85.32956,28.18877],[85.32923,28.18987],[85.32768,28.19105],[85.32372,28.19304],[85.31901,28.19376],[85.31557,28.19524],[85.31398,28.1969],[85.31415,28.19925],[85.31245,28.20252],[85.31116,28.20328],[85.30887,28.20647],[85.30675,28.20752],[85.30582,28.21015],[85.30237,28.21258],[85.30217,28.22748],[85.30141,28.22954],[85.30236,28.23175],[85.30295,28.23621],[85.30441,28.23861],[85.30492,28.2411],[85.30302,28.25192],[85.29991,28.25684],[85.30321,28.25864],[85.30336,28.25939],[85.30757,28.2609],[85.30795,28.26539],[85.30911,28.26932],[85.3083,28.27372],[85.30914,28.28163],[85.30777,28.28301],[85.30652,28.28664],[85.30334,28.28973],[85.30175,28.29325],[85.30238,28.29764],[85.30168,28.30078],[85.3044,28.30222],[85.30399,28.3031],[85.30066,28.30363],[85.29834,28.30301],[85.29784,28.30183],[85.2967,28.30438],[85.17825,28.30438],[85.17801,28.30296],[85.1767,28.30194],[85.1772,28.29391],[85.1798,28.29052],[85.17869,28.2894],[85.17884,28.28623],[85.1797,28.28458],[85.17896,28.28107],[85.18038,28.27585],[85.17947,28.27096],[85.17968,28.2678],[85.17822,28.26629],[85.1789,28.26515],[85.17846,28.25824],[85.17748,28.25684],[85.17826,28.25635],[85.17831,28.25547],[85.17748,28.24805],[85.17808,28.24749],[85.1779,28.24422],[85.17892,28.24297],[85.17891,28.24047],[85.17823,28.24037],[85.1779,28.23919],[85.17804,28.23674],[85.18032,28.23396],[85.17967,28.23281],[85.18016,28.23121],[85.1796,28.23084],[85.18035,28.23002],[85.17948,28.22868],[85.18024,28.22746],[85.17975,28.22599],[85.17792,28.22525],[85.17799,28.22117],[85.17898,28.21922],[85.17796,28.21289],[85.17851,28.21252],[85.1784,28.21056],[85.17905,28.21033],[85.17809,28.20834],[85.17872,28.20645],[85.17797,28.20593],[85.17801,28.20335],[85.1805,28.20275],[85.18066,28.20129],[85.17985,28.19916],[85.18248,28.1951],[85.1825,28.19437],[85.18136,28.19353],[85.18123,28.19171],[85.17989,28.19052],[85.18007,28.18817],[85.18592,28.18231],[85.1835,28.17924],[85.18338,28.17826],[85.18252,28.17742],[85.18065,28.17713],[85.17908,28.17519],[85.17892,28.1703],[85.17832,28.16895],[85.18,28.16741],[85.18038,28.16485],[85.1796,28.16305],[85.18011,28.16196],[85.17901,28.16151],[85.1788,28.1606],[85.17923,28.15835],[85.17841,28.15371],[85.17882,28.14994],[85.18218,28.14907],[85.18596,28.1492],[85.18574,28.14725],[85.18429,28.14438],[85.18211,28.14442],[85.18081,28.14018],[85.18009,28.13958],[85.18095,28.13537],[85.18216,28.1345],[85.1814,28.13367],[85.18208,28.13296],[85.18209,28.13049],[85.1791,28.12679],[85.17875,28.125],[85.17923,28.1236],[85.17888,28.12205],[85.18092,28.12057],[85.18117,28.11895],[85.18371,28.1188],[85.18461,28.11742],[85.18486,28.11475],[85.18411,28.11158],[85.18527,28.10959],[85.18515,28.10787],[85.18367,28.10467],[85.18383,28.10236],[85.18131,28.10062],[85.17888,28.09238],[85.17992,28.08571],[85.17836,28.08106],[85.17864,28.07979],[85.18083,28.07793],[85.18118,28.07586],[85.18063,28.07418],[85.18106,28.07005],[85.17922,28.06595],[85.17923,28.05759],[85.18008,28.05544],[85.17972,28.05401],[85.18048,28.04677],[85.17897,28.04137],[85.17899,28.0322],[85.18114,28.02522],[85.18181,28.02025],[85.18367,28.01981],[85.18553,28.02064],[85.18782,28.02019],[85.19012,28.02065],[85.20158,28.01912],[85.20996,28.02088],[85.21201,28.01863],[85.21648,28.01779]]]},"properties":{"date":"2017-12-08","year":2017,"res":0.46,"name":"Vivid"}},{"type":"Feature","geometry":{"type":"Polygon","coordinates":[[[85.14497,28.037],[85.13872,28.03703],[85.13827,28.03848],[85.13521,28.03858],[85.13519,28.03786],[85.13359,28.03788],[85.13053,28.03577],[85.12898,28.03566],[85.12885,28.03631],[85.12756,28.03655],[85.12656,28.03911],[85.12481,28.0393],[85.12272,28.03796],[85.12252,28.03626],[85.12303,28.03473],[85.12661,28.03446],[85.12767,28.03307],[85.12983,28.03245],[85.13306,28.03344],[85.13441,28.03511],[85.14497,28.037]]]},"properties":{"date":"2018-10-15","year":2018,"res":0.5,"name":"Vivid"}},{"type":"Feature","geometry":{"type":"Polygon","coordinates":[[[85.07813,28.12503],[85.07814,28.12503],[85.07813,28.12503],[85.07813,28.12503]]]},"properties":{"date":"2018-10-21","year":2018,"res":0.5,"name":"Vivid"}},{"type":"Feature","geometry":{"type":"Polygon","coordinates":[[[85.135,28.12516],[85.13338,28.12404],[85.13173,28.12462],[85.13082,28.12415],[85.12818,28.12534],[85.12622,28.12492],[85.12481,28.12591],[85.12092,28.12492],[85.12052,28.12377],[85.11997,28.12378],[85.11872,28.11788],[85.11688,28.11563],[85.11652,28.11146],[85.11729,28.10661],[85.11658,28.10399],[85.11582,28.10327],[85.116,28.10051],[85.11536,28.09984],[85.11509,28.09638],[85.11521,28.09438],[85.11868,28.09176],[85.11836,28.09072],[85.1173,28.09122],[85.11655,28.08958],[85.11339,28.08931],[85.1121,28.08769],[85.1131,28.08609],[85.11439,28.08594],[85.11504,28.08501],[85.11838,28.08437],[85.11959,28.08478],[85.12083,28.08106],[85.12032,28.07907],[85.12103,28.07718],[85.1209,28.07456],[85.1215,28.0741],[85.12283,28.06883],[85.12217,28.06503],[85.12296,28.05725],[85.1225,28.05675],[85.12274,28.05355],[85.1221,28.05281],[85.12259,28.0517],[85.12259,28.03719],[85.12294,28.03818],[85.12481,28.0393],[85.12656,28.03911],[85.12779,28.03627],[85.12979,28.03561],[85.1325,28.03675],[85.13306,28.03767],[85.13519,28.03786],[85.13521,28.03858],[85.13827,28.03848],[85.13872,28.03703],[85.14071,28.03695],[85.14374,28.04241],[85.14377,28.04445],[85.14302,28.04622],[85.14321,28.05084],[85.14074,28.05463],[85.14199,28.05844],[85.14316,28.05948],[85.14213,28.06056],[85.14083,28.06455],[85.14077,28.06899],[85.14151,28.07217],[85.14029,28.07581],[85.14044,28.08007],[85.13947,28.08106],[85.14096,28.08247],[85.14051,28.08614],[85.14105,28.087],[85.14067,28.08822],[85.1413,28.09387],[85.14003,28.09591],[85.1399,28.09978],[85.13921,28.10138],[85.13992,28.10772],[85.13861,28.11084],[85.1384,28.11309],[85.13891,28.11721],[85.13831,28.11841],[85.13879,28.12054],[85.13824,28.12152],[85.13885,28.12412],[85.13718,28.12504],[85.135,28.12516]]]},"properties":{"date":"2018-10-21","year":2018,"res":0.5,"name":"Vivid"}},{"type":"Feature","geometry":{"type":"Polygon","coordinates":[[[85.07813,28.12805],[85.07822,28.12547],[85.07852,28.12774],[85.07813,28.12805]]]},"properties":{"date":"2018-10-21","year":2018,"res":0.5,"name":"Vivid"}},{"type":"Feature","geometry":{"type":"Polygon","coordinates":[[[85.07813,28.12899],[85.07813,28.12847],[85.07816,28.12895],[85.07813,28.12899]]]},"properties":{"date":"2018-10-21","year":2018,"res":0.5,"name":"Vivid"}},{"type":"Feature","geometry":{"type":"Polygon","coordinates":[[[85.07813,28.13128],[85.07813,28.12925],[85.07838,28.12946],[85.07813,28.13128]]]},"properties":{"date":"2018-10-21","year":2018,"res":0.5,"name":"Vivid"}},{"type":"Feature","geometry":{"type":"Polygon","coordinates":[[[85.07813,28.1574],[85.07813,28.13216],[85.0792,28.13567],[85.07859,28.14111],[85.07998,28.1449],[85.0802,28.14781],[85.07954,28.14923],[85.07928,28.15632],[85.07813,28.1574]]]},"properties":{"date":"2018-10-21","year":2018,"res":0.5,"name":"Vivid"}},{"type":"Feature","geometry":{"type":"Polygon","coordinates":[[[85.07813,28.16083],[85.07813,28.15998],[85.07819,28.16073],[85.07813,28.16083]]]},"properties":{"date":"2018-10-21","year":2018,"res":0.5,"name":"Vivid"}},{"type":"Feature","geometry":{"type":"Polygon","coordinates":[[[85.07819,28.16796],[85.07813,28.16135],[85.07878,28.16486],[85.07819,28.16796]]]},"properties":{"date":"2018-10-21","year":2018,"res":0.5,"name":"Vivid"}},{"type":"Feature","geometry":{"type":"Polygon","coordinates":[[[85.07813,28.1689],[85.07813,28.16894],[85.07813,28.1689]]]},"properties":{"date":"2018-10-21","year":2018,"res":0.5,"name":"Vivid"}},{"type":"Feature","geometry":{"type":"Polygon","coordinates":[[[85.07813,28.16896],[85.07813,28.16907],[85.07813,28.16895],[85.07813,28.16896]]]},"properties":{"date":"2018-10-21","year":2018,"res":0.5,"name":"Vivid"}},{"type":"Feature","geometry":{"type":"Polygon","coordinates":[[[85.07813,28.20658],[85.07813,28.19997],[85.07892,28.20433],[85.07887,28.20585],[85.07813,28.20658]]]},"properties":{"date":"2018-10-21","year":2018,"res":0.5,"name":"Vivid"}},{"type":"Feature","geometry":{"type":"Polygon","coordinates":[[[85.07813,28.20727],[85.07813,28.20676],[85.07819,28.20706],[85.07813,28.20727]]]},"properties":{"date":"2018-10-21","year":2018,"res":0.5,"name":"Vivid"}},{"type":"Feature","geometry":{"type":"Polygon","coordinates":[[[85.07813,28.21276],[85.07813,28.20847],[85.07856,28.21226],[85.07813,28.21276]]]},"properties":{"date":"2018-10-21","year":2018,"res":0.5,"name":"Vivid"}},{"type":"Feature","geometry":{"type":"Polygon","coordinates":[[[85.08201,28.30436],[85.07813,28.30438],[85.07813,28.30078],[85.08201,28.30436]]]},"properties":{"date":"2018-10-21","year":2018,"res":0.5,"name":"Vivid"}},{"type":"Feature","geometry":{"type":"Polygon","coordinates":[[[85.1782,28.30353],[85.17825,28.30438],[85.13897,28.30438],[85.13993,28.30304],[85.14215,28.30241],[85.14266,28.30153],[85.14533,28.30145],[85.14647,28.30066],[85.14249,28.30142],[85.1422,28.30217],[85.13842,28.30324],[85.13856,28.30438],[85.137,28.30426],[85.13444,28.30343],[85.13243,28.30101],[85.12602,28.30056],[85.12305,28.30153],[85.12203,28.30076],[85.12144,28.29902],[85.11732,28.29683],[85.11687,28.29558],[85.11456,28.29416],[85.11218,28.2939],[85.10834,28.29473],[85.10537,28.29424],[85.10402,28.2933],[85.09598,28.29173],[85.09582,28.29096],[85.09452,28.2905],[85.09028,28.2908],[85.08948,28.29242],[85.08563,28.29431],[85.08488,28.2957],[85.08155,28.29692],[85.07813,28.30078],[85.07813,28.21289],[85.08208,28.21231],[85.08492,28.21279],[85.08682,28.21221],[85.08773,28.21302],[85.09288,28.21311],[85.09678,28.21412],[85.10043,28.21325],[85.10834,28.21319],[85.11355,28.21162],[85.12102,28.21212],[85.12322,28.21342],[85.12673,28.21409],[85.12894,28.21319],[85.13397,28.21419],[85.13714,28.2131],[85.14432,28.2134],[85.1458,28.21289],[85.14429,28.21257],[85.14357,28.20871],[85.14396,28.20699],[85.14287,28.20215],[85.14354,28.2009],[85.14294,28.19992],[85.14381,28.19911],[85.14313,28.19727],[85.1432,28.19383],[85.142,28.19185],[85.14218,28.18951],[85.14153,28.18698],[85.14262,28.1804],[85.14431,28.17729],[85.14414,28.17574],[85.14551,28.17269],[85.14513,28.17052],[85.1459,28.16895],[85.14492,28.16656],[85.14284,28.16535],[85.14199,28.16363],[85.14164,28.1572],[85.14216,28.15385],[85.14462,28.1472],[85.14419,28.13834],[85.14603,28.1307],[85.14524,28.12722],[85.14716,28.12371],[85.14691,28.12301],[85.14955,28.12187],[85.15502,28.12218],[85.15591,28.12377],[85.15702,28.12386],[85.15793,28.12512],[85.16084,28.12593],[85.16321,28.1248],[85.16538,28.12465],[85.17018,28.12661],[85.1725,28.12623],[85.17418,28.125],[85.17151,28.12878],[85.17177,28.13093],[85.17125,28.13156],[85.17174,28.1345],[85.17236,28.1348],[85.17223,28.13632],[85.17119,28.13617],[85.16971,28.13706],[85.1687,28.13873],[85.16883,28.14087],[85.17004,28.14129],[85.17031,28.14289],[85.1696,28.14356],[85.17024,28.1466],[85.16933,28.1532],[85.17032,28.15484],[85.17066,28.15783],[85.1719,28.15979],[85.17252,28.16355],[85.17491,28.1666],[85.175,28.17063],[85.17605,28.17581],[85.17565,28.17843],[85.17673,28.1868],[85.17567,28.19188],[85.17629,28.19641],[85.17536,28.20394],[85.17591,28.21077],[85.17671,28.21289],[85.17475,28.21418],[85.17423,28.22185],[85.17304,28.22391],[85.173,28.22596],[85.17382,28.22652],[85.17357,28.22768],[85.17477,28.22826],[85.1748,28.22985],[85.17007,28.23095],[85.16994,28.23257],[85.17016,28.23604],[85.17124,28.23665],[85.17058,28.23912],[85.17383,28.24048],[85.17407,28.24226],[85.17531,28.2431],[85.17578,28.24649],[85.17636,28.24765],[85.17748,28.24805],[85.17787,28.25038],[85.1783,28.25577],[85.17748,28.25684],[85.17846,28.25824],[85.1789,28.26515],[85.17822,28.26629],[85.17968,28.2678],[85.17947,28.27096],[85.18038,28.27572],[85.17896,28.28107],[85.1797,28.28458],[85.17884,28.28623],[85.17869,28.2894],[85.1798,28.29052],[85.1772,28.29391],[85.17676,28.29902],[85.1767,28.30194],[85.1782,28.30353]]]},"properties":{"date":"2018-10-21","year":2018,"res":0.5,"name":"Vivid"}},{"type":"Feature","geometry":{"type":"Polygon","coordinates":[[[85.13899,28.30411],[85.1385,28.30432],[85.13842,28.30324],[85.1422,28.30217],[85.14249,28.30142],[85.14684,28.30078],[85.14266,28.30153],[85.14215,28.30241],[85.13993,28.30304],[85.13899,28.30411]]]},"properties":{"date":"2021-02-25","year":2021,"res":0.5,"name":"Vivid"}},{"type":"Feature","geometry":{"type":"Polygon","coordinates":[[[85.13777,28.30427],[85.08203,28.30438],[85.07813,28.30078],[85.08155,28.29692],[85.08488,28.2957],[85.08563,28.29431],[85.08948,28.29242],[85.09028,28.2908],[85.09452,28.2905],[85.09582,28.29096],[85.09598,28.29173],[85.10402,28.2933],[85.10537,28.29424],[85.10834,28.29473],[85.11218,28.2939],[85.11456,28.29416],[85.11687,28.29558],[85.11732,28.29683],[85.12144,28.29902],[85.12203,28.30076],[85.12305,28.30153],[85.12602,28.30056],[85.13243,28.30101],[85.13444,28.30343],[85.13777,28.30427]]]},"properties":{"date":"2021-02-25","year":2021,"res":0.5,"name":"Vivid"}},{"type":"Feature","geometry":{"type":"Polygon","coordinates":[[[85.07818,28.12515],[85.07824,28.12499],[85.07825,28.12525],[85.07818,28.12515]]]},"properties":{"date":"2021-02-25","year":2021,"res":0.5,"name":"Vivid"}},{"type":"Feature","geometry":{"type":"Polygon","coordinates":[[[85.07825,28.12571],[85.07827,28.12541],[85.07836,28.12561],[85.07825,28.12571]]]},"properties":{"date":"2021-02-25","year":2021,"res":0.5,"name":"Vivid"}},{"type":"Feature","geometry":{"type":"Polygon","coordinates":[[[85.07825,28.12572],[85.07825,28.12571],[85.07825,28.12572]]]},"properties":{"date":"2021-02-25","year":2021,"res":0.5,"name":"Vivid"}},{"type":"Feature","geometry":{"type":"Polygon","coordinates":[[[85.07825,28.12574],[85.07825,28.12573],[85.07825,28.12575],[85.07825,28.12574]]]},"properties":{"date":"2021-02-25","year":2021,"res":0.5,"name":"Vivid"}},{"type":"Feature","geometry":{"type":"Polygon","coordinates":[[[85.07816,28.12629],[85.07816,28.12632],[85.07816,28.12637],[85.07816,28.12629]]]},"properties":{"date":"2021-02-25","year":2021,"res":0.5,"name":"Vivid"}},{"type":"Feature","geometry":{"type":"Polygon","coordinates":[[[85.07843,28.12746],[85.07844,28.12747],[85.07843,28.12745],[85.07843,28.12746]]]},"properties":{"date":"2021-02-25","year":2021,"res":0.5,"name":"Vivid"}},{"type":"Feature","geometry":{"type":"Polygon","coordinates":[[[85.12099,28.12502],[85.12518,28.12594],[85.12622,28.12492],[85.12818,28.12534],[85.13082,28.12415],[85.13173,28.12462],[85.13338,28.12404],[85.13524,28.12534],[85.13768,28.12501],[85.13892,28.1256],[85.14239,28.12444],[85.14614,28.1248],[85.14524,28.12722],[85.14602,28.13098],[85.14419,28.13834],[85.14462,28.1472],[85.14216,28.15385],[85.14164,28.1572],[85.14199,28.16363],[85.14284,28.16535],[85.14492,28.16656],[85.1459,28.16895],[85.14513,28.17052],[85.14551,28.17269],[85.14414,28.17574],[85.14431,28.17729],[85.14262,28.1804],[85.14153,28.18698],[85.14218,28.18951],[85.142,28.19185],[85.1432,28.19383],[85.14313,28.19727],[85.14381,28.19911],[85.14294,28.19992],[85.14354,28.2009],[85.14287,28.20215],[85.14396,28.20699],[85.14357,28.20871],[85.14429,28.21257],[85.1458,28.21289],[85.14432,28.2134],[85.13714,28.2131],[85.13397,28.21419],[85.12894,28.21319],[85.12673,28.21409],[85.12322,28.21342],[85.12102,28.21212],[85.11355,28.21162],[85.10834,28.21319],[85.10043,28.21325],[85.09678,28.21412],[85.09288,28.21311],[85.08773,28.21302],[85.08682,28.21221],[85.08492,28.21279],[85.08208,28.21231],[85.07813,28.21289],[85.07856,28.21226],[85.07813,28.20658],[85.07887,28.20585],[85.07892,28.20433],[85.07813,28.19997],[85.07813,28.16822],[85.07878,28.16486],[85.07813,28.1574],[85.07928,28.15632],[85.07954,28.14923],[85.0802,28.14781],[85.07998,28.1449],[85.07859,28.14111],[85.0792,28.13567],[85.07813,28.13216],[85.07813,28.12805],[85.07895,28.12767],[85.08303,28.13058],[85.08533,28.13132],[85.08616,28.13077],[85.08806,28.1319],[85.094,28.13162],[85.09546,28.13264],[85.09737,28.1326],[85.09883,28.13152],[85.10281,28.13115],[85.11022,28.12886],[85.11139,28.12762],[85.113,28.12761],[85.1159,28.12557],[85.11964,28.12595],[85.12099,28.12502]]]},"properties":{"date":"2021-02-25","year":2021,"res":0.5,"name":"Vivid"}},{"type":"Feature","geometry":{"type":"Polygon","coordinates":[[[85.07813,28.12582],[85.07813,28.125],[85.07832,28.12526],[85.07813,28.12582]]]},"properties":{"date":"2023-05-11","year":2023,"res":0.46,"name":"Vivid"}},{"type":"Feature","geometry":{"type":"Polygon","coordinates":[[[85.08864,28.13188],[85.08604,28.1306],[85.08303,28.13058],[85.08281,28.12969],[85.07949,28.12839],[85.07816,28.12686],[85.07822,28.03708],[85.07958,28.03672],[85.09168,28.03711],[85.09152,28.0393],[85.09003,28.04253],[85.09184,28.0481],[85.09256,28.05462],[85.09075,28.06093],[85.0909,28.06344],[85.09182,28.06458],[85.0915,28.06937],[85.09277,28.07297],[85.09258,28.07602],[85.09318,28.07887],[85.09239,28.08042],[85.09283,28.08106],[85.09186,28.08989],[85.09439,28.10577],[85.09371,28.10641],[85.09452,28.10714],[85.09522,28.11264],[85.0946,28.11326],[85.09548,28.11401],[85.09579,28.11676],[85.09521,28.11734],[85.09573,28.11813],[85.09511,28.12035],[85.09539,28.12362],[85.0946,28.12458],[85.09528,28.125],[85.09274,28.12583],[85.09271,28.12755],[85.09129,28.13114],[85.08864,28.13188]]]},"properties":{"date":"2023-05-11","year":2023,"res":0.46,"name":"Vivid"}},{"type":"Feature","geometry":{"type":"Polygon","coordinates":[[[85.07814,28.1436],[85.07813,28.14379],[85.07813,28.14306],[85.07814,28.1436]]]},"properties":{"date":"2023-05-11","year":2023,"res":0.46,"name":"Vivid"}},{"type":"Feature","geometry":{"type":"Polygon","coordinates":[[[85.16613,28.03325],[85.16617,28.02526],[85.16679,28.02315],[85.16601,28.0209],[85.17048,28.0201],[85.17151,28.01919],[85.17147,28.02102],[85.17004,28.02338],[85.16832,28.02463],[85.16668,28.02777],[85.16613,28.03325]]]},"properties":{"date":"2024-04-26","year":2024,"res":0.5,"name":"Vivid"}},{"type":"Feature","geometry":{"type":"Polygon","coordinates":[[[85.1431,28.03126],[85.1431,28.03124],[85.14315,28.03124],[85.1431,28.03126]]]},"properties":{"date":"2024-04-26","year":2024,"res":0.5,"name":"Vivid"}},{"type":"Feature","geometry":{"type":"Polygon","coordinates":[[[85.14354,28.03114],[85.14804,28.03174],[85.1462,28.032],[85.14354,28.03114]]]},"properties":{"date":"2024-04-26","year":2024,"res":0.5,"name":"Vivid"}},{"type":"Feature","geometry":{"type":"Polygon","coordinates":[[[85.14985,28.03168],[85.14959,28.03168],[85.15019,28.03167],[85.14985,28.03168]]]},"properties":{"date":"2024-04-26","year":2024,"res":0.5,"name":"Vivid"}},{"type":"Feature","geometry":{"type":"Polygon","coordinates":[[[85.14909,28.03165],[85.14919,28.03168],[85.149,28.03167],[85.14909,28.03165]]]},"properties":{"date":"2024-04-26","year":2024,"res":0.5,"name":"Vivid"}},{"type":"Feature","geometry":{"type":"Polygon","coordinates":[[[85.14847,28.03174],[85.14818,28.03172],[85.14894,28.03167],[85.14847,28.03174]]]},"properties":{"date":"2024-04-26","year":2024,"res":0.5,"name":"Vivid"}},{"type":"Feature","geometry":{"type":"Polygon","coordinates":[[[85.1495,28.03169],[85.14931,28.03168],[85.14947,28.03167],[85.1495,28.03169]]]},"properties":{"date":"2024-04-26","year":2024,"res":0.5,"name":"Vivid"}},{"type":"Feature","geometry":{"type":"Polygon","coordinates":[[[85.15021,28.03168],[85.15025,28.03169],[85.15023,28.03169],[85.15021,28.03168]]]},"properties":{"date":"2024-04-26","year":2024,"res":0.5,"name":"Vivid"}},{"type":"Feature","geometry":{"type":"Polygon","coordinates":[[[85.15034,28.03174],[85.15062,28.03166],[85.15086,28.03176],[85.15034,28.03174]]]},"properties":{"date":"2024-04-26","year":2024,"res":0.5,"name":"Vivid"}},{"type":"Feature","geometry":{"type":"Polygon","coordinates":[[[85.34222,28.304],[85.2967,28.30438],[85.29784,28.30183],[85.29848,28.30309],[85.30235,28.30354],[85.30426,28.30291],[85.30474,28.30155],[85.30864,28.3015],[85.30938,28.30078],[85.31409,28.30078],[85.32001,28.30192],[85.32168,28.30136],[85.32176,28.30078],[85.3221,28.30147],[85.32534,28.30267],[85.32984,28.30286],[85.33485,28.30221],[85.33597,28.30332],[85.33807,28.30371],[85.34108,28.30252],[85.34179,28.30078],[85.34222,28.304]]]},"properties":{"date":"2025-02-19","year":2025,"res":0.5,"name":"Vivid"}},{"type":"Feature","geometry":{"type":"Polygon","coordinates":[[[85.21059,27.86124],[85.2106,27.86123],[85.2106,27.86124],[85.21059,27.86124]]]},"properties":{"date":"2025-02-21","year":2025,"res":0.34,"name":"Vivid"}},{"type":"Feature","geometry":{"type":"Polygon","coordinates":[[[85.21052,27.86128],[85.21059,27.86124],[85.21041,27.86129],[85.21052,27.86128]]]},"properties":{"date":"2025-02-21","year":2025,"res":0.34,"name":"Vivid"}},{"type":"Feature","geometry":{"type":"Polygon","coordinates":[[[85.21151,28.01919],[85.21114,28.01627],[85.21204,28.01555],[85.21241,28.01275],[85.21669,28.00723],[85.21828,28.00639],[85.22368,28.00595],[85.22748,28.00361],[85.22943,28.00357],[85.23372,28.00172],[85.23549,27.99987],[85.23664,27.99985],[85.23664,28.00649],[85.23529,28.01152],[85.2357,28.01854],[85.2297,28.01902],[85.22878,28.01926],[85.22896,28.01991],[85.22445,28.02076],[85.22225,28.01998],[85.21647,28.02002],[85.21648,28.01779],[85.21297,28.01831],[85.21151,28.01919]]]},"properties":{"date":"2025-03-03","year":2025,"res":0.31,"name":"Vivid"}},{"type":"Feature","geometry":{"type":"Polygon","coordinates":[[[85.17173,28.01931],[85.17204,28.01888],[85.17549,28.01937],[85.17282,28.01977],[85.17173,28.01931]]]},"properties":{"date":"2025-03-03","year":2025,"res":0.31,"name":"Vivid"}},{"type":"Feature","geometry":{"type":"Polygon","coordinates":[[[85.21855,27.85951],[85.21852,27.85951],[85.21851,27.85951],[85.21855,27.85951]]]},"properties":{"date":"2025-03-03","year":2025,"res":0.31,"name":"Vivid"}},{"type":"Feature","geometry":{"type":"Polygon","coordinates":[[[85.21263,27.86031],[85.21268,27.86019],[85.21274,27.8602],[85.21263,27.86031]]]},"properties":{"date":"2025-03-03","year":2025,"res":0.31,"name":"Vivid"}},{"type":"Feature","geometry":{"type":"Polygon","coordinates":[[[85.21889,27.85931],[85.21905,27.85928],[85.21876,27.85939],[85.21889,27.85931]]]},"properties":{"date":"2025-03-03","year":2025,"res":0.31,"name":"Vivid"}},{"type":"Feature","geometry":{"type":"Polygon","coordinates":[[[85.21861,27.85948],[85.2186,27.85949],[85.2186,27.85948],[85.21861,27.85948]]]},"properties":{"date":"2025-03-03","year":2025,"res":0.31,"name":"Vivid"}},{"type":"Feature","geometry":{"type":"Polygon","coordinates":[]},"properties":{"date":"2025-03-03","year":2025,"res":0.31,"name":"Vivid"}},{"type":"Feature","geometry":{"type":"Polygon","coordinates":[[[85.24524,27.86137],[85.24761,27.86103],[85.24979,27.8599],[85.25398,27.86137],[85.2545,27.86218],[85.25466,27.86686],[85.25638,27.86923],[85.25703,27.8758],[85.25625,27.87991],[85.25715,27.88517],[85.25592,27.88979],[85.25612,27.89184],[85.2539,27.90528],[85.25471,27.90706],[85.25438,27.91235],[85.25679,27.92104],[85.25813,27.92375],[85.2583,27.93044],[85.25777,27.93113],[85.25731,27.93691],[85.25504,27.94392],[85.25567,27.94745],[85.2539,27.94922],[85.25243,27.94904],[85.25127,27.94797],[85.24898,27.94778],[85.24592,27.94922],[85.2454,27.94773],[85.24573,27.94096],[85.24483,27.93911],[85.24531,27.93573],[85.24493,27.92842],[85.24541,27.92689],[85.24478,27.92283],[85.24533,27.91684],[85.245,27.91182],[85.24373,27.90869],[85.24502,27.90527],[85.24397,27.90405],[85.24423,27.89659],[85.24189,27.89197],[85.2402,27.88623],[85.23909,27.88512],[85.23831,27.88147],[85.23914,27.87918],[85.23783,27.87575],[85.23808,27.87096],[85.23901,27.86776],[85.2429,27.86409],[85.24362,27.86202],[85.24524,27.86137]]]},"properties":{"date":"2025-07-01","year":2025,"res":0.31,"name":"Vivid"}},{"type":"Feature","geometry":{"type":"Polygon","coordinates":[[[85.2165,28.02005],[85.22225,28.01998],[85.22328,28.02062],[85.22548,28.02065],[85.22896,28.01991],[85.22878,28.01926],[85.2297,28.01902],[85.2424,28.01724],[85.2432,28.01612],[85.24463,28.01577],[85.24911,28.01643],[85.25302,28.0155],[85.25393,28.01583],[85.25512,28.01445],[85.25693,28.01422],[85.25774,28.01273],[85.25859,28.01256],[85.26087,28.01242],[85.2639,28.01365],[85.26953,28.0126],[85.27401,28.01386],[85.2779,28.01313],[85.27924,28.01347],[85.28342,28.01188],[85.28615,28.01179],[85.292,28.01347],[85.29463,28.01609],[85.29782,28.01711],[85.29823,28.01628],[85.30281,28.01619],[85.30334,28.01561],[85.3069,28.01501],[85.30871,28.0138],[85.31316,28.01628],[85.32407,28.01688],[85.32632,28.01782],[85.32976,28.01516],[85.33329,28.01371],[85.33486,28.0145],[85.33715,28.01867],[85.34179,28.01927],[85.34179,28.02361],[85.33725,28.02377],[85.33269,28.02279],[85.32981,28.02323],[85.32927,28.0225],[85.32559,28.02239],[85.3244,28.02119],[85.32325,28.02153],[85.32253,28.02292],[85.31784,28.02325],[85.31686,28.02249],[85.31374,28.02322],[85.31318,28.02258],[85.31209,28.02301],[85.31191,28.02243],[85.30891,28.02269],[85.30676,28.02214],[85.30399,28.02347],[85.30111,28.02276],[85.29719,28.02463],[85.29122,28.0248],[85.2889,28.02368],[85.28595,28.02402],[85.28382,28.02206],[85.27966,28.02092],[85.27455,28.01819],[85.26545,28.01589],[85.26263,28.01645],[85.25871,28.01901],[85.25708,28.01936],[85.25478,28.02108],[85.2539,28.02375],[85.24619,28.02288],[85.24447,28.02162],[85.23522,28.02188],[85.22994,28.01977],[85.22664,28.0203],[85.22559,28.02145],[85.2165,28.02005]]]},"properties":{"date":"2025-11-04","year":2025,"res":0.5,"name":"Vivid"}},{"type":"Feature","geometry":{"type":"Polygon","coordinates":[[[85.16588,28.03227],[85.16601,28.03711],[85.16436,28.03562],[85.15857,28.0352],[85.15306,28.03375],[85.15076,28.03168],[85.14362,28.03107],[85.14139,28.03195],[85.14043,28.03165],[85.13449,28.03291],[85.13055,28.0318],[85.12673,28.03205],[85.12392,28.03316],[85.12225,28.03578],[85.12211,28.03711],[85.11665,28.03643],[85.1133,28.03433],[85.10824,28.03532],[85.10696,28.03631],[85.10481,28.03506],[85.10259,28.03639],[85.09982,28.03583],[85.09552,28.03693],[85.08525,28.0366],[85.07822,28.03708],[85.07823,28.03643],[85.07922,28.03627],[85.0807,28.03456],[85.08312,28.03369],[85.08867,28.03385],[85.09005,28.03335],[85.09347,28.03387],[85.09702,28.03335],[85.09861,28.03214],[85.10329,28.03114],[85.10858,28.03107],[85.11259,28.03302],[85.11824,28.03307],[85.12207,28.03532],[85.12235,28.03327],[85.12437,28.03097],[85.12836,28.02869],[85.13402,28.02774],[85.14082,28.03026],[85.14243,28.02988],[85.14464,28.03051],[85.14763,28.03],[85.1491,28.0274],[85.14995,28.02716],[85.15785,28.02734],[85.16343,28.02833],[85.16588,28.03227]]]},"properties":{"date":"2026-01-30","year":2026,"res":0.34,"name":"Vivid"}},{"type":"Feature","geometry":{"type":"Polygon","coordinates":[[[85.0783,27.81676],[85.07813,27.81738],[85.07813,27.77344],[85.07906,27.77418],[85.07915,27.77631],[85.08076,27.77996],[85.0802,27.78308],[85.08191,27.78521],[85.08347,27.78948],[85.08313,27.7924],[85.08375,27.79388],[85.0819,27.80129],[85.08187,27.80518],[85.08046,27.80754],[85.0803,27.81072],[85.0783,27.81676]]]},"properties":{"date":"2026-02-05","year":2026,"res":0.34,"name":"Vivid"}},{"type":"Feature","geometry":{"type":"Polygon","coordinates":[[[85.07867,27.85896],[85.07813,27.86132],[85.07813,27.81739],[85.07909,27.82085],[85.07816,27.8343],[85.07871,27.83823],[85.0804,27.84035],[85.07976,27.84348],[85.08062,27.84734],[85.07867,27.85274],[85.07935,27.85421],[85.07867,27.85896]]]},"properties":{"date":"2026-02-05","year":2026,"res":0.34,"name":"Vivid"}},{"type":"Feature","geometry":{"type":"Polygon","coordinates":[[[85.07853,27.90395],[85.07813,27.90527],[85.07813,27.86133],[85.07827,27.86748],[85.0792,27.87162],[85.07869,27.87335],[85.07918,27.87979],[85.08004,27.88192],[85.07993,27.88438],[85.08191,27.88823],[85.08205,27.89085],[85.08169,27.89485],[85.08061,27.89735],[85.08069,27.90045],[85.07853,27.90395]]]},"properties":{"date":"2026-02-05","year":2026,"res":0.34,"name":"Vivid"}},{"type":"Feature","geometry":{"type":"Polygon","coordinates":[[[85.07935,27.94684],[85.07835,27.94785],[85.07813,27.94921],[85.07813,27.90528],[85.07897,27.90705],[85.07832,27.91003],[85.07878,27.91104],[85.07881,27.91796],[85.07814,27.92116],[85.07904,27.92334],[85.07902,27.92617],[85.08036,27.9282],[85.07905,27.93259],[85.08008,27.93375],[85.08053,27.93583],[85.08254,27.93781],[85.08271,27.93922],[85.08068,27.94589],[85.07935,27.94684]]]},"properties":{"date":"2026-02-05","year":2026,"res":0.34,"name":"Vivid"}},{"type":"Feature","geometry":{"type":"Polygon","coordinates":[[[85.07984,27.98085],[85.07914,27.9828],[85.07984,27.98458],[85.0797,27.98628],[85.07856,27.98905],[85.07813,27.99316],[85.07813,27.94923],[85.07898,27.95114],[85.07829,27.95763],[85.08095,27.96117],[85.08146,27.96579],[85.0815,27.96848],[85.08063,27.96929],[85.08066,27.97835],[85.07984,27.98085]]]},"properties":{"date":"2026-02-05","year":2026,"res":0.34,"name":"Vivid"}},{"type":"Feature","geometry":{"type":"Polygon","coordinates":[]},"properties":{"date":"2026-02-05","year":2026,"res":0.34,"name":"Vivid"}},{"type":"Feature","geometry":{"type":"Polygon","coordinates":[[[85.17826,28.30444],[85.2967,28.30438],[85.29621,28.30654],[85.293,28.30841],[85.2926,28.31108],[85.29098,28.31103],[85.28957,28.31188],[85.28976,28.31337],[85.28827,28.31234],[85.28565,28.3118],[85.28465,28.31274],[85.28505,28.31457],[85.28278,28.31455],[85.28234,28.31538],[85.2808,28.31474],[85.27838,28.31162],[85.27513,28.31127],[85.27161,28.30974],[85.2658,28.30978],[85.26185,28.30767],[85.2617,28.30647],[85.26042,28.30555],[85.2539,28.30444],[85.25332,28.30527],[85.25201,28.30523],[85.25085,28.30604],[85.24929,28.30555],[85.24704,28.30583],[85.24531,28.30953],[85.2404,28.31178],[85.23762,28.31138],[85.2364,28.31288],[85.23568,28.31295],[85.23532,28.31641],[85.23459,28.31627],[85.23452,28.31776],[85.23131,28.31727],[85.23125,28.31846],[85.2299,28.31727],[85.22956,28.31791],[85.22884,28.31707],[85.22569,28.3181],[85.22559,28.3175],[85.22425,28.31782],[85.22355,28.31689],[85.22225,28.31657],[85.22163,28.31383],[85.22082,28.31285],[85.22136,28.30984],[85.22035,28.30811],[85.21785,28.30721],[85.21112,28.30754],[85.20996,28.30621],[85.20971,28.38865],[85.17568,28.38867],[85.17614,28.38589],[85.17573,28.38483],[85.17802,28.38203],[85.17832,28.37949],[85.17725,28.37658],[85.17783,28.37447],[85.17673,28.36989],[85.17782,28.36871],[85.17781,28.36516],[85.17701,28.36421],[85.17751,28.36122],[85.17654,28.35431],[85.17773,28.35066],[85.17652,28.34939],[85.17692,28.34532],[85.17621,28.34473],[85.1769,28.34461],[85.17713,28.3418],[85.17793,28.34164],[85.17831,28.34061],[85.17966,28.34031],[85.17903,28.33728],[85.18013,28.33573],[85.1802,28.33426],[85.17958,28.33332],[85.18047,28.3328],[85.17702,28.32667],[85.17806,28.32451],[85.17794,28.32047],[85.179,28.31942],[85.17864,28.31723],[85.17965,28.31534],[85.17834,28.31216],[85.17826,28.30444]]]},"properties":{"date":"2017-12-08","year":2017,"res":0.46,"name":"Vivid"}},{"type":"Feature","geometry":{"type":"Polygon","coordinates":[[[85.138,28.30441],[85.13856,28.30438],[85.13855,28.30481],[85.138,28.30441]]]},"properties":{"date":"2018-10-21","year":2018,"res":0.5,"name":"Vivid"}},{"type":"Feature","geometry":{"type":"Polygon","coordinates":[[[85.07813,28.34374],[85.07813,28.30438],[85.08203,28.30438],[85.08381,28.3057],[85.08538,28.30884],[85.08803,28.30985],[85.08912,28.31354],[85.09102,28.31492],[85.09184,28.31704],[85.09543,28.32007],[85.096,28.32778],[85.09705,28.33023],[85.09654,28.33251],[85.09725,28.33324],[85.09613,28.33379],[85.09581,28.33726],[85.08911,28.33902],[85.08774,28.34183],[85.08358,28.34373],[85.07813,28.34374]]]},"properties":{"date":"2018-10-21","year":2018,"res":0.5,"name":"Vivid"}},{"type":"Feature","geometry":{"type":"Polygon","coordinates":[[[85.07813,28.34472],[85.07813,28.34468],[85.07813,28.34472]]]},"properties":{"date":"2018-10-21","year":2018,"res":0.5,"name":"Vivid"}},{"type":"Feature","geometry":{"type":"Polygon","coordinates":[[[85.34175,28.307],[85.34639,28.30779],[85.34929,28.30912],[85.35529,28.30886],[85.36378,28.31398],[85.37069,28.31378],[85.37245,28.3127],[85.37544,28.31302],[85.38164,28.31243],[85.38445,28.31156],[85.38576,28.31037],[85.38657,28.31544],[85.38578,28.31751],[85.38586,28.32489],[85.38673,28.32841],[85.38704,28.33484],[85.38781,28.33549],[85.38791,28.33762],[85.3887,28.33797],[85.39002,28.34027],[85.38993,28.34264],[85.39076,28.34412],[85.39264,28.34473],[85.39065,28.34506],[85.39005,28.34657],[85.38756,28.34786],[85.38712,28.34921],[85.38789,28.35119],[85.38759,28.35433],[85.38649,28.35574],[85.38596,28.36025],[85.38684,28.36202],[85.38772,28.36776],[85.38896,28.37007],[85.38932,28.37583],[85.39005,28.37691],[85.39025,28.38013],[85.39128,28.38277],[85.39171,28.38735],[85.3926,28.38867],[85.2539,28.38867],[85.25432,28.38775],[85.25821,28.38756],[85.26006,28.38605],[85.26093,28.38625],[85.26276,28.38507],[85.26605,28.38431],[85.26682,28.38459],[85.26704,28.38367],[85.26823,28.38393],[85.26967,28.38299],[85.27904,28.38268],[85.28233,28.38029],[85.28211,28.37767],[85.28065,28.37553],[85.28013,28.37256],[85.27905,28.37081],[85.27858,28.36504],[85.27588,28.36145],[85.27449,28.36047],[85.27317,28.35834],[85.27145,28.35823],[85.26987,28.35561],[85.26322,28.35267],[85.25861,28.34734],[85.25631,28.34681],[85.25391,28.34475],[85.25497,28.34191],[85.25436,28.33726],[85.25646,28.33382],[85.25609,28.33237],[85.25709,28.32891],[85.26024,28.32366],[85.2598,28.32082],[85.2588,28.32063],[85.25829,28.31798],[85.25731,28.31733],[85.25654,28.31518],[85.2539,28.31267],[85.25685,28.31571],[85.25892,28.31692],[85.25969,28.3189],[85.26086,28.31975],[85.26799,28.32042],[85.27282,28.3226],[85.27528,28.32211],[85.27898,28.32312],[85.28118,28.32284],[85.28418,28.31997],[85.28911,28.31908],[85.29113,28.31771],[85.29533,28.31054],[85.29595,28.30994],[85.29692,28.31008],[85.29785,28.30861],[85.29913,28.31014],[85.29996,28.31418],[85.30095,28.31465],[85.30155,28.31822],[85.30369,28.31993],[85.30592,28.32016],[85.30784,28.32321],[85.32195,28.32348],[85.32681,28.32066],[85.32986,28.31723],[85.33217,28.31627],[85.33658,28.31172],[85.33789,28.3094],[85.34091,28.30826],[85.34175,28.307]]]},"properties":{"date":"2024-12-30","year":2024,"res":0.31,"name":"Vivid"}},{"type":"Feature","geometry":{"type":"Polygon","coordinates":[[[85.2967,28.30448],[85.34221,28.30477],[85.34107,28.30813],[85.33789,28.3094],[85.33658,28.31172],[85.33217,28.31627],[85.32986,28.31723],[85.32681,28.32066],[85.32195,28.32348],[85.30784,28.32321],[85.30592,28.32016],[85.30369,28.31993],[85.30155,28.31822],[85.30095,28.31465],[85.29996,28.31418],[85.29913,28.31014],[85.29785,28.30861],[85.29692,28.31008],[85.29595,28.30994],[85.29533,28.31054],[85.29113,28.31771],[85.28911,28.31908],[85.28418,28.31997],[85.28118,28.32284],[85.27898,28.32312],[85.27528,28.32211],[85.27282,28.3226],[85.26799,28.32042],[85.26086,28.31975],[85.25969,28.3189],[85.25892,28.31692],[85.25685,28.31571],[85.2539,28.31267],[85.25654,28.31518],[85.25731,28.31733],[85.25829,28.31798],[85.2588,28.32063],[85.2598,28.32082],[85.26024,28.32366],[85.25709,28.32891],[85.25609,28.33237],[85.25646,28.33382],[85.25436,28.33726],[85.25497,28.34191],[85.25391,28.34475],[85.25631,28.34681],[85.25861,28.34734],[85.26322,28.35267],[85.26987,28.35561],[85.27145,28.35823],[85.27317,28.35834],[85.27449,28.36047],[85.27588,28.36145],[85.27858,28.36504],[85.27905,28.37081],[85.28013,28.37256],[85.28065,28.37553],[85.28211,28.37767],[85.28232,28.3805],[85.281,28.38088],[85.28047,28.38197],[85.27755,28.383],[85.27113,28.38284],[85.26823,28.38393],[85.26716,28.38361],[85.26682,28.38459],[85.26276,28.38507],[85.26093,28.38625],[85.26006,28.38605],[85.25854,28.38746],[85.25432,28.38775],[85.2539,28.38867],[85.20968,28.38867],[85.20993,28.30623],[85.21112,28.30754],[85.21785,28.30721],[85.22035,28.30811],[85.22136,28.30984],[85.22082,28.31285],[85.22163,28.31383],[85.22225,28.31657],[85.22355,28.31689],[85.22425,28.31782],[85.22559,28.3175],[85.22569,28.3181],[85.22884,28.31707],[85.22956,28.31791],[85.2299,28.31727],[85.23125,28.31846],[85.23131,28.31727],[85.23452,28.31776],[85.23459,28.31627],[85.23532,28.31641],[85.23568,28.31295],[85.2364,28.31288],[85.23762,28.31138],[85.2404,28.31178],[85.24531,28.30953],[85.24704,28.30583],[85.24929,28.30555],[85.25085,28.30604],[85.25201,28.30523],[85.25332,28.30527],[85.2539,28.30444],[85.26042,28.30555],[85.2617,28.30647],[85.26185,28.30767],[85.2658,28.30978],[85.27161,28.30974],[85.27513,28.31127],[85.27838,28.31162],[85.2808,28.31474],[85.28234,28.31538],[85.28278,28.31455],[85.28505,28.31457],[85.28465,28.31274],[85.28565,28.3118],[85.28827,28.31234],[85.28976,28.31337],[85.28957,28.31188],[85.29098,28.31103],[85.2926,28.31108],[85.293,28.30841],[85.29621,28.30654],[85.2967,28.30448]]]},"properties":{"date":"2025-02-19","year":2025,"res":0.5,"name":"Vivid"}},{"type":"Feature","geometry":{"type":"Polygon","coordinates":[[[84.95095,28.30479],[84.95094,28.30438],[85.00126,28.30438],[85.003,28.31823],[85.00522,28.3255],[85.00514,28.33013],[85.00935,28.34473],[85.00657,28.34572],[85.0065,28.34707],[85.00433,28.34885],[85.00367,28.35078],[85.00389,28.35392],[85.00194,28.35633],[85.00012,28.36018],[84.99965,28.36395],[85.00064,28.36537],[85.00249,28.36625],[85.00304,28.36832],[85.00221,28.36897],[85.00243,28.37006],[85.00016,28.37368],[85.00095,28.3773],[85.00047,28.38118],[85.00099,28.38447],[85.00223,28.3873],[85.00457,28.38855],[85.00935,28.38789],[85.01142,28.38827],[85.01181,28.39119],[85.01288,28.39334],[85.01182,28.39696],[85.01045,28.39759],[85.00927,28.39659],[85.00725,28.39671],[85.00584,28.3961],[85.00354,28.39649],[85.00232,28.39542],[85.00245,28.39471],[85.00116,28.39455],[84.99886,28.39279],[84.9991,28.39179],[84.99838,28.39068],[84.99502,28.38906],[84.99394,28.38776],[84.99161,28.38793],[84.99046,28.38872],[84.98948,28.38785],[84.9866,28.38866],[84.98275,28.38862],[84.98153,28.38958],[84.97712,28.38845],[84.97375,28.39],[84.97214,28.38925],[84.96998,28.38966],[84.96795,28.38862],[84.96358,28.38835],[84.9623,28.38716],[84.95935,28.38705],[84.95706,28.38605],[84.95331,28.38694],[84.95304,28.3891],[84.95395,28.39061],[84.9548,28.39071],[84.95569,28.39317],[84.95734,28.39471],[84.95892,28.39697],[84.9588,28.39782],[84.961,28.40028],[84.96074,28.40165],[84.96207,28.40311],[84.96223,28.40555],[84.96407,28.40744],[84.96283,28.41024],[84.95961,28.40982],[84.95886,28.41094],[84.95703,28.41183],[84.95691,28.41289],[84.95771,28.41356],[84.95652,28.41476],[84.9572,28.41587],[84.95662,28.41696],[84.95726,28.4183],[84.95533,28.4223],[84.95424,28.42711],[84.95546,28.42857],[84.95289,28.43262],[84.95515,28.43505],[84.95467,28.43826],[84.95506,28.44261],[84.95622,28.44706],[84.95596,28.44784],[84.9531,28.44979],[84.95401,28.46165],[84.95207,28.46549],[84.95068,28.46458],[84.95044,28.46347],[84.95086,28.46206],[84.94982,28.45626],[84.95041,28.45349],[84.95,28.45235],[84.94799,28.45144],[84.9474,28.45054],[84.94702,28.44627],[84.94747,28.4436],[84.94842,28.44233],[84.94882,28.43873],[84.94838,28.43559],[84.94897,28.43538],[84.94929,28.43388],[84.95105,28.43262],[84.94961,28.42848],[84.95065,28.423],[84.94949,28.41889],[84.95005,28.41471],[84.94926,28.41234],[84.94925,28.40465],[84.94878,28.40402],[84.9503,28.39448],[84.95005,28.38929],[84.9508,28.38867],[84.94976,28.38452],[84.95023,28.38325],[84.94949,28.37929],[84.95,28.37866],[84.94992,28.37534],[84.94722,28.36947],[84.94753,28.3649],[84.94672,28.36029],[84.94807,28.35572],[84.94685,28.34998],[84.94868,28.34791],[84.95004,28.34749],[84.95122,28.34473],[84.95011,28.34221],[84.948,28.34134],[84.94708,28.33963],[84.94657,28.33699],[84.94746,28.33555],[84.94739,28.32752],[84.94636,28.32539],[84.94687,28.32406],[84.94839,28.32348],[84.94887,28.32242],[84.94971,28.31454],[84.94904,28.31126],[84.9506,28.30835],[84.95095,28.30479]]]},"properties":{"date":"2018-11-25","year":2018,"res":0.31,"name":"Vivid"}},{"type":"Feature","geometry":{"type":"Polygon","coordinates":[[[85.42968,28.0268],[85.42966,28.02819],[85.42766,28.02801],[85.42701,28.0286],[85.4276,28.03044],[85.42969,28.03097],[85.42968,28.03409],[85.42742,28.0317],[85.4275,28.03008],[85.42456,28.02767],[85.41976,28.02807],[85.41776,28.02974],[85.41387,28.03047],[85.40998,28.03035],[85.40676,28.02911],[85.39854,28.02815],[85.39683,28.02877],[85.39351,28.02867],[85.39299,28.02921],[85.39256,28.02871],[85.39311,28.0266],[85.3958,28.0254],[85.39794,28.02555],[85.39886,28.02685],[85.40382,28.02678],[85.40961,28.02781],[85.42217,28.02716],[85.42614,28.0261],[85.42899,28.0261],[85.42968,28.0268]]]},"properties":{"date":"2012-03-27","year":2012,"res":0.5,"name":"Vivid"}},{"type":"Feature","geometry":{"type":"Polygon","coordinates":[[[85.44342,28.03689],[85.44896,28.03758],[85.44912,28.03845],[85.45028,28.03913],[85.45335,28.03844],[85.45419,28.03711],[85.462,28.03724],[85.46198,28.04035],[85.46292,28.04397],[85.46227,28.04513],[85.46264,28.046],[85.4618,28.05015],[85.46204,28.05176],[85.46711,28.05499],[85.46911,28.06145],[85.47071,28.06304],[85.47069,28.06504],[85.47135,28.0661],[85.47316,28.06617],[85.47363,28.06796],[85.4743,28.06667],[85.47664,28.06632],[85.47775,28.06726],[85.47953,28.06707],[85.47952,28.06604],[85.48146,28.06489],[85.4826,28.06292],[85.48812,28.06389],[85.49464,28.05985],[85.49696,28.05992],[85.49409,28.06788],[85.49237,28.08106],[85.49298,28.08159],[85.49338,28.08488],[85.49672,28.08972],[85.49663,28.09976],[85.49494,28.10057],[85.4928,28.10062],[85.49257,28.1017],[85.49147,28.10245],[85.49262,28.10791],[85.49361,28.10834],[85.49428,28.11396],[85.49538,28.11695],[85.49691,28.11811],[85.49709,28.11918],[85.49466,28.11886],[85.49286,28.11602],[85.4902,28.11609],[85.4884,28.11775],[85.48367,28.11751],[85.48228,28.11914],[85.47998,28.11951],[85.47995,28.12098],[85.47732,28.12148],[85.47429,28.12353],[85.47366,28.125],[85.47284,28.12428],[85.46674,28.12404],[85.46661,28.12487],[85.46332,28.12473],[85.46049,28.12353],[85.4525,28.12342],[85.451,28.12465],[85.44696,28.1254],[85.44505,28.12639],[85.44393,28.12938],[85.44315,28.12993],[85.43935,28.1304],[85.43754,28.12912],[85.43276,28.12922],[85.43249,28.12816],[85.43119,28.12799],[85.42999,28.12671],[85.42982,28.125],[85.42398,28.12503],[85.42049,28.12399],[85.41303,28.12386],[85.41174,28.12305],[85.40096,28.12224],[85.39897,28.12103],[85.39794,28.11981],[85.3974,28.11765],[85.39651,28.11748],[85.3949,28.11538],[85.39375,28.11068],[85.39374,28.10404],[85.39206,28.09736],[85.39147,28.09204],[85.39186,28.08794],[85.39264,28.08759],[85.39386,28.08507],[85.39397,28.08106],[85.39329,28.07961],[85.39156,28.07841],[85.39001,28.07544],[85.38868,28.07042],[85.38951,28.06569],[85.38873,28.05902],[85.39037,28.0556],[85.39022,28.05404],[85.39079,28.05312],[85.38986,28.04765],[85.39096,28.0455],[85.391,28.04369],[85.39208,28.0427],[85.3925,28.03842],[85.39377,28.03711],[85.39244,28.03662],[85.39214,28.03551],[85.38676,28.03485],[85.38579,28.03543],[85.38571,28.03711],[85.38456,28.03491],[85.38243,28.03478],[85.38176,28.03705],[85.37952,28.03711],[85.37828,28.03915],[85.37376,28.04105],[85.36514,28.03921],[85.36494,28.03853],[85.3626,28.03758],[85.36222,28.03631],[85.36334,28.03589],[85.36463,28.03349],[85.36774,28.03233],[85.37036,28.02962],[85.37439,28.02954],[85.37559,28.03079],[85.37849,28.03127],[85.37964,28.03069],[85.38406,28.03062],[85.38714,28.02927],[85.39299,28.02921],[85.39351,28.02867],[85.39683,28.02877],[85.3981,28.02812],[85.40676,28.02911],[85.40998,28.03035],[85.41387,28.03047],[85.41776,28.02974],[85.41961,28.02813],[85.42282,28.0276],[85.42465,28.0277],[85.4275,28.03008],[85.42742,28.0317],[85.42966,28.03374],[85.42968,28.03711],[85.4305,28.03986],[85.43331,28.0404],[85.43585,28.03908],[85.43797,28.03947],[85.43816,28.03853],[85.44134,28.03811],[85.44192,28.03711],[85.44342,28.03689]]]},"properties":{"date":"2012-10-21","year":2012,"res":0.46,"name":"Vivid"}},{"type":"Feature","geometry":{"type":"Polygon","coordinates":[]},"properties":{"date":"2012-10-21","year":2012,"res":0.46,"name":"Vivid"}},{"type":"Feature","geometry":{"type":"Polygon","coordinates":[[[85.497,28.11996],[85.49699,28.11995],[85.497,28.11995],[85.497,28.11996]]]},"properties":{"date":"2012-10-21","year":2012,"res":0.46,"name":"Vivid"}},{"type":"Feature","geometry":{"type":"Polygon","coordinates":[[[85.49702,28.12021],[85.49707,28.12026],[85.49702,28.12026],[85.49702,28.12021]]]},"properties":{"date":"2012-10-21","year":2012,"res":0.46,"name":"Vivid"}},{"type":"Feature","geometry":{"type":"Polygon","coordinates":[[[85.49705,28.11931],[85.49705,28.11933],[85.49705,28.11931]]]},"properties":{"date":"2012-10-21","year":2012,"res":0.46,"name":"Vivid"}},{"type":"Feature","geometry":{"type":"Polygon","coordinates":[[[85.49707,28.12029],[85.49707,28.1203],[85.49706,28.12029],[85.49707,28.12029]]]},"properties":{"date":"2012-10-21","year":2012,"res":0.46,"name":"Vivid"}},{"type":"Feature","geometry":{"type":"Polygon","coordinates":[[[85.49708,28.12037],[85.49707,28.12034],[85.49707,28.12036],[85.49708,28.12037]]]},"properties":{"date":"2012-10-21","year":2012,"res":0.46,"name":"Vivid"}},{"type":"Feature","geometry":{"type":"Polygon","coordinates":[]},"properties":{"date":"2012-10-21","year":2012,"res":0.46,"name":"Vivid"}},{"type":"Feature","geometry":{"type":"Polygon","coordinates":[[[85.49712,28.12041],[85.49714,28.12045],[85.49712,28.12043],[85.49712,28.12041]]]},"properties":{"date":"2012-10-21","year":2012,"res":0.46,"name":"Vivid"}},{"type":"Feature","geometry":{"type":"Polygon","coordinates":[[[85.49715,28.1205],[85.4972,28.12056],[85.49714,28.12053],[85.49715,28.1205]]]},"properties":{"date":"2012-10-21","year":2012,"res":0.46,"name":"Vivid"}},{"type":"Feature","geometry":{"type":"Polygon","coordinates":[[[85.49867,28.12303],[85.49882,28.12385],[85.49737,28.12184],[85.49749,28.12094],[85.49867,28.12303]]]},"properties":{"date":"2012-10-21","year":2012,"res":0.46,"name":"Vivid"}},{"type":"Feature","geometry":{"type":"Polygon","coordinates":[[[85.4441,28.03703],[85.44261,28.03677],[85.44134,28.03811],[85.43816,28.03853],[85.43797,28.03947],[85.43585,28.03908],[85.43381,28.04033],[85.43029,28.03976],[85.42968,28.03711],[85.42969,28.03097],[85.4276,28.03044],[85.42702,28.02831],[85.42966,28.02819],[85.42971,28.02678],[85.4371,28.02716],[85.43994,28.02673],[85.44416,28.03027],[85.4446,28.03297],[85.4441,28.03703]]]},"properties":{"date":"2015-05-03","year":2015,"res":0.31,"name":"Vivid"}},{"type":"Feature","geometry":{"type":"Polygon","coordinates":[[[85.45561,28.21294],[85.45255,28.21236],[85.45046,28.21289],[85.44938,28.20544],[85.446,28.19969],[85.44602,28.19514],[85.44515,28.19504],[85.44535,28.19433],[85.44412,28.19229],[85.44417,28.19003],[85.44311,28.18817],[85.44231,28.18193],[85.44291,28.17856],[85.44451,28.17648],[85.44471,28.17444],[85.446,28.17269],[85.44535,28.17052],[85.44611,28.16808],[85.44443,28.16622],[85.44461,28.16454],[85.44396,28.16401],[85.44659,28.16028],[85.44877,28.15459],[85.44854,28.15273],[85.44638,28.14972],[85.4461,28.14762],[85.44943,28.14089],[85.45233,28.12847],[85.45028,28.12682],[85.44982,28.125],[85.4523,28.12349],[85.45476,28.12324],[85.45997,28.12358],[85.45668,28.12364],[85.45654,28.125],[85.45689,28.12582],[85.46032,28.12734],[85.46127,28.12993],[85.45927,28.13258],[85.46016,28.13584],[85.45911,28.13796],[85.46007,28.13931],[85.45995,28.14072],[85.46079,28.1411],[85.46107,28.14295],[85.46052,28.14305],[85.46083,28.1443],[85.45958,28.14815],[85.45868,28.14913],[85.45853,28.15369],[85.45642,28.15911],[85.45679,28.16308],[85.45583,28.16527],[85.45505,28.16566],[85.455,28.16688],[85.45583,28.17033],[85.4557,28.17969],[85.45719,28.18151],[85.45596,28.18644],[85.45692,28.18773],[85.45716,28.19053],[85.45839,28.19235],[85.45835,28.1951],[85.45921,28.19771],[85.46122,28.2005],[85.46125,28.20492],[85.46034,28.20508],[85.45855,28.20708],[85.4579,28.20862],[85.45807,28.21069],[85.45719,28.21265],[85.45631,28.21289],[85.45712,28.21325],[85.45561,28.21294]]]},"properties":{"date":"2015-05-08","year":2015,"res":0.31,"name":"Vivid"}},{"type":"Feature","geometry":{"type":"Polygon","coordinates":[[[85.4545,28.03702],[85.45335,28.03844],[85.45106,28.03913],[85.44912,28.03845],[85.44896,28.03758],[85.44382,28.03729],[85.4446,28.03297],[85.44393,28.03003],[85.45042,28.02969],[85.4582,28.03109],[85.45921,28.03384],[85.45824,28.0358],[85.45733,28.0368],[85.4545,28.03702]]]},"properties":{"date":"2015-05-08","year":2015,"res":0.31,"name":"Vivid"}},{"type":"Feature","geometry":{"type":"Polygon","coordinates":[[[85.46033,28.12352],[85.46041,28.12353],[85.46025,28.12352],[85.46033,28.12352]]]},"properties":{"date":"2015-05-08","year":2015,"res":0.31,"name":"Vivid"}},{"type":"Feature","geometry":{"type":"Polygon","coordinates":[[[85.46007,28.12359],[85.45998,28.12357],[85.46015,28.12357],[85.46007,28.12359]]]},"properties":{"date":"2015-05-08","year":2015,"res":0.31,"name":"Vivid"}},{"type":"Feature","geometry":{"type":"Polygon","coordinates":[[[85.46061,28.12366],[85.46054,28.12357],[85.46063,28.12359],[85.46061,28.12366]]]},"properties":{"date":"2015-05-08","year":2015,"res":0.31,"name":"Vivid"}},{"type":"Feature","geometry":{"type":"Polygon","coordinates":[[[85.46129,28.12383],[85.4611,28.12376],[85.46128,28.12375],[85.46129,28.12383]]]},"properties":{"date":"2015-05-08","year":2015,"res":0.31,"name":"Vivid"}},{"type":"Feature","geometry":{"type":"Polygon","coordinates":[[[85.46165,28.12403],[85.46162,28.124],[85.46165,28.12401],[85.46165,28.12403]]]},"properties":{"date":"2015-05-08","year":2015,"res":0.31,"name":"Vivid"}},{"type":"Feature","geometry":{"type":"Polygon","coordinates":[[[85.46165,28.12403],[85.46165,28.12404],[85.46165,28.12403]]]},"properties":{"date":"2015-05-08","year":2015,"res":0.31,"name":"Vivid"}},{"type":"Feature","geometry":{"type":"Polygon","coordinates":[[[85.46165,28.12404],[85.46166,28.12404],[85.46165,28.12404]]]},"properties":{"date":"2015-05-08","year":2015,"res":0.31,"name":"Vivid"}},{"type":"Feature","geometry":{"type":"Polygon","coordinates":[]},"properties":{"date":"2015-05-08","year":2015,"res":0.31,"name":"Vivid"}},{"type":"Feature","geometry":{"type":"Polygon","coordinates":[[[85.46178,28.12412],[85.46166,28.12408],[85.46166,28.12404],[85.46178,28.12412]]]},"properties":{"date":"2015-05-08","year":2015,"res":0.31,"name":"Vivid"}},{"type":"Feature","geometry":{"type":"Polygon","coordinates":[[[85.46178,28.12412],[85.46179,28.12412],[85.46178,28.12412],[85.46178,28.12412]]]},"properties":{"date":"2015-05-08","year":2015,"res":0.31,"name":"Vivid"}},{"type":"Feature","geometry":{"type":"Polygon","coordinates":[[[85.46188,28.1242],[85.46189,28.1242],[85.46188,28.1242],[85.46188,28.1242]]]},"properties":{"date":"2015-05-08","year":2015,"res":0.31,"name":"Vivid"}},{"type":"Feature","geometry":{"type":"Polygon","coordinates":[[[85.46189,28.12421],[85.46189,28.1242],[85.46189,28.12421]]]},"properties":{"date":"2015-05-08","year":2015,"res":0.31,"name":"Vivid"}},{"type":"Feature","geometry":{"type":"Polygon","coordinates":[[[85.46265,28.12464],[85.46263,28.12461],[85.46317,28.12463],[85.46265,28.12464]]]},"properties":{"date":"2015-05-08","year":2015,"res":0.31,"name":"Vivid"}},{"type":"Feature","geometry":{"type":"Polygon","coordinates":[[[85.46327,28.12466],[85.46327,28.12468],[85.46324,28.12466],[85.46327,28.12466]]]},"properties":{"date":"2015-05-08","year":2015,"res":0.31,"name":"Vivid"}},{"type":"Feature","geometry":{"type":"Polygon","coordinates":[[[85.46372,28.12474],[85.46434,28.12475],[85.46332,28.12476],[85.46372,28.12474]]]},"properties":{"date":"2015-05-08","year":2015,"res":0.31,"name":"Vivid"}},{"type":"Feature","geometry":{"type":"Polygon","coordinates":[[[85.46479,28.12479],[85.46436,28.12475],[85.4652,28.12477],[85.46479,28.12479]]]},"properties":{"date":"2015-05-08","year":2015,"res":0.31,"name":"Vivid"}},{"type":"Feature","geometry":{"type":"Polygon","coordinates":[[[85.46563,28.12485],[85.46536,28.1248],[85.46661,28.12487],[85.46563,28.12485]]]},"properties":{"date":"2015-05-08","year":2015,"res":0.31,"name":"Vivid"}},{"type":"Feature","geometry":{"type":"Polygon","coordinates":[[[85.58075,28.12504],[85.57928,28.125],[85.58068,28.12562],[85.58068,28.12664],[85.57135,28.12596],[85.57006,28.12679],[85.56804,28.12686],[85.56773,28.12625],[85.57093,28.12363],[85.57343,28.11797],[85.57689,28.11821],[85.58889,28.11668],[85.59024,28.12156],[85.59018,28.12298],[85.58937,28.12383],[85.58664,28.125],[85.58421,28.12409],[85.58075,28.12504]]]},"properties":{"date":"2015-05-08","year":2015,"res":0.31,"name":"Vivid"}},{"type":"Feature","geometry":{"type":"Polygon","coordinates":[[[85.56162,28.12511],[85.56161,28.1251],[85.56162,28.1251],[85.56162,28.12511]]]},"properties":{"date":"2015-05-08","year":2015,"res":0.31,"name":"Vivid"}},{"type":"Feature","geometry":{"type":"Polygon","coordinates":[[[85.56169,28.12519],[85.56165,28.12514],[85.56175,28.12511],[85.56169,28.12519]]]},"properties":{"date":"2015-05-08","year":2015,"res":0.31,"name":"Vivid"}},{"type":"Feature","geometry":{"type":"Polygon","coordinates":[[[85.52059,28.12606],[85.51803,28.12612],[85.51759,28.125],[85.5185,28.12469],[85.52059,28.12606]]]},"properties":{"date":"2015-05-08","year":2015,"res":0.31,"name":"Vivid"}},{"type":"Feature","geometry":{"type":"Polygon","coordinates":[[[85.52246,28.12679],[85.52295,28.12689],[85.52112,28.12641],[85.52246,28.12679]]]},"properties":{"date":"2015-05-08","year":2015,"res":0.31,"name":"Vivid"}},{"type":"Feature","geometry":{"type":"Polygon","coordinates":[[[85.52431,28.12683],[85.52447,28.12666],[85.52441,28.12683],[85.52431,28.12683]]]},"properties":{"date":"2015-05-08","year":2015,"res":0.31,"name":"Vivid"}},{"type":"Feature","geometry":{"type":"Polygon","coordinates":[[[85.60285,28.10854],[85.60275,28.10948],[85.60036,28.10701],[85.5986,28.10702],[85.59579,28.10526],[85.59533,28.10207],[85.59606,28.09774],[85.59466,28.09149],[85.59521,28.08928],[85.59737,28.08733],[85.59736,28.08594],[85.59859,28.0836],[85.60285,28.08191],[85.60523,28.08237],[85.6054,28.08307],[85.60517,28.09009],[85.60445,28.09189],[85.60456,28.095],[85.60312,28.10453],[85.60346,28.10775],[85.60285,28.10854]]]},"properties":{"date":"2015-05-08","year":2015,"res":0.31,"name":"Vivid"}},{"type":"Feature","geometry":{"type":"Polygon","coordinates":[[[85.56155,28.125],[85.56153,28.125],[85.56153,28.125],[85.56155,28.125]]]},"properties":{"date":"2015-05-08","year":2015,"res":0.31,"name":"Vivid"}},{"type":"Feature","geometry":{"type":"Polygon","coordinates":[[[85.51758,28.125],[85.51758,28.125],[85.51758,28.125]]]},"properties":{"date":"2015-05-08","year":2015,"res":0.31,"name":"Vivid"}},{"type":"Feature","geometry":{"type":"Polygon","coordinates":[[[85.42832,28.12496],[85.42982,28.125],[85.42999,28.12671],[85.43119,28.12799],[85.43249,28.12816],[85.43276,28.12922],[85.43754,28.12912],[85.43915,28.13037],[85.44315,28.12993],[85.44393,28.12938],[85.44505,28.12639],[85.44891,28.12504],[85.44987,28.12503],[85.45028,28.12682],[85.45234,28.12835],[85.44943,28.14089],[85.4461,28.14762],[85.44638,28.14972],[85.44854,28.15273],[85.44877,28.15459],[85.4457,28.16174],[85.44405,28.16368],[85.44342,28.16298],[85.44149,28.16274],[85.43813,28.16375],[85.43316,28.16406],[85.43202,28.16343],[85.43035,28.16392],[85.42968,28.16498],[85.42903,28.16269],[85.42915,28.16005],[85.42676,28.1587],[85.42594,28.15731],[85.42456,28.15664],[85.42087,28.15689],[85.41912,28.1562],[85.41522,28.15674],[85.41378,28.15639],[85.41019,28.15765],[85.40806,28.16001],[85.40422,28.16211],[85.40071,28.16627],[85.39954,28.16675],[85.39903,28.16416],[85.39974,28.16081],[85.39874,28.15561],[85.39947,28.15376],[85.39917,28.14945],[85.39991,28.14512],[85.3987,28.1369],[85.39822,28.12511],[85.41171,28.12842],[85.41596,28.12831],[85.41869,28.12676],[85.42267,28.12652],[85.42372,28.125],[85.42832,28.12496]]]},"properties":{"date":"2015-05-11","year":2015,"res":0.5,"name":"Vivid"}},{"type":"Feature","geometry":{"type":"Polygon","coordinates":[[[85.42368,28.12482],[85.42267,28.12652],[85.41869,28.12676],[85.41596,28.12831],[85.41171,28.12842],[85.40443,28.12701],[85.3984,28.12498],[85.39401,28.12499],[85.3934,28.12225],[85.39127,28.12032],[85.39134,28.10951],[85.3907,28.10717],[85.39155,28.1014],[85.39036,28.09213],[85.39092,28.08859],[85.39371,28.0851],[85.39271,28.08748],[85.39184,28.08803],[85.39147,28.09204],[85.39206,28.09736],[85.39374,28.10404],[85.39375,28.11068],[85.39456,28.11477],[85.39651,28.11748],[85.3974,28.11765],[85.39794,28.11981],[85.40096,28.12224],[85.41174,28.12305],[85.41303,28.12386],[85.42049,28.12399],[85.42368,28.12482]]]},"properties":{"date":"2015-05-25","year":2015,"res":0.46,"name":"Vivid"}},{"type":"Feature","geometry":{"type":"Polygon","coordinates":[[[85.47355,28.03145],[85.47691,28.03024],[85.486,28.03216],[85.48832,28.03212],[85.49006,28.03132],[85.49349,28.03293],[85.49373,28.03646],[85.49328,28.03711],[85.49457,28.03795],[85.49498,28.04098],[85.49448,28.04314],[85.49505,28.04526],[85.494,28.04858],[85.49503,28.04947],[85.49547,28.05186],[85.49735,28.05325],[85.49794,28.05754],[85.49741,28.05973],[85.49464,28.05985],[85.48812,28.06389],[85.4826,28.06292],[85.48146,28.06489],[85.47952,28.06604],[85.47953,28.06707],[85.47775,28.06726],[85.47664,28.06632],[85.4743,28.06667],[85.47363,28.06796],[85.47316,28.06617],[85.47135,28.0661],[85.47069,28.06504],[85.47071,28.06304],[85.46911,28.06145],[85.46711,28.05499],[85.46204,28.05176],[85.4618,28.05015],[85.46264,28.046],[85.46227,28.04513],[85.46292,28.04397],[85.46198,28.04035],[85.462,28.03724],[85.45427,28.03711],[85.45756,28.0367],[85.45921,28.03384],[85.45871,28.03145],[85.4569,28.03054],[85.45476,28.03048],[85.45515,28.03026],[85.46123,28.03047],[85.46347,28.02934],[85.46594,28.02909],[85.46917,28.02978],[85.4701,28.03087],[85.47355,28.03145]]]},"properties":{"date":"2015-12-30","year":2015,"res":0.5,"name":"Vivid"}},{"type":"Feature","geometry":{"type":"Polygon","coordinates":[]},"properties":{"date":"2016-11-06","year":2016,"res":0.5,"name":"Vivid"}},{"type":"Feature","geometry":{"type":"Polygon","coordinates":[[[85.46121,28.28766],[85.4613,28.28757],[85.46129,28.28766],[85.46121,28.28766]]]},"properties":{"date":"2016-11-06","year":2016,"res":0.5,"name":"Vivid"}},{"type":"Feature","geometry":{"type":"Polygon","coordinates":[[[85.46108,28.28775],[85.46107,28.28775],[85.46108,28.28774],[85.46108,28.28775]]]},"properties":{"date":"2016-11-06","year":2016,"res":0.5,"name":"Vivid"}},{"type":"Feature","geometry":{"type":"Polygon","coordinates":[[[85.46102,28.28778],[85.46107,28.28776],[85.46107,28.28778],[85.46102,28.28778]]]},"properties":{"date":"2016-11-06","year":2016,"res":0.5,"name":"Vivid"}},{"type":"Feature","geometry":{"type":"Polygon","coordinates":[[[85.46102,28.28806],[85.46085,28.28812],[85.46102,28.28779],[85.46102,28.28806]]]},"properties":{"date":"2016-11-06","year":2016,"res":0.5,"name":"Vivid"}},{"type":"Feature","geometry":{"type":"Polygon","coordinates":[[[85.46107,28.28818],[85.46106,28.28818],[85.46106,28.28818],[85.46107,28.28818]]]},"properties":{"date":"2016-11-06","year":2016,"res":0.5,"name":"Vivid"}},{"type":"Feature","geometry":{"type":"Polygon","coordinates":[[[85.46111,28.28822],[85.46119,28.28839],[85.46111,28.28838],[85.46111,28.28822]]]},"properties":{"date":"2016-11-06","year":2016,"res":0.5,"name":"Vivid"}},{"type":"Feature","geometry":{"type":"Polygon","coordinates":[[[85.46002,28.29828],[85.46051,28.29804],[85.45982,28.29856],[85.46002,28.29828]]]},"properties":{"date":"2016-11-06","year":2016,"res":0.5,"name":"Vivid"}},{"type":"Feature","geometry":{"type":"Polygon","coordinates":[[[85.45978,28.2986],[85.45975,28.29859],[85.4598,28.29859],[85.45978,28.2986]]]},"properties":{"date":"2016-11-06","year":2016,"res":0.5,"name":"Vivid"}},{"type":"Feature","geometry":{"type":"Polygon","coordinates":[]},"properties":{"date":"2016-11-06","year":2016,"res":0.5,"name":"Vivid"}},{"type":"Feature","geometry":{"type":"Polygon","coordinates":[]},"properties":{"date":"2016-11-06","year":2016,"res":0.5,"name":"Vivid"}},{"type":"Feature","geometry":{"type":"Polygon","coordinates":[[[85.45973,28.29862],[85.45973,28.29863],[85.45973,28.29862]]]},"properties":{"date":"2016-11-06","year":2016,"res":0.5,"name":"Vivid"}},{"type":"Feature","geometry":{"type":"Polygon","coordinates":[[[85.4597,28.29865],[85.45972,28.29864],[85.45972,28.29865],[85.4597,28.29865]]]},"properties":{"date":"2016-11-06","year":2016,"res":0.5,"name":"Vivid"}},{"type":"Feature","geometry":{"type":"Polygon","coordinates":[[[85.45963,28.29871],[85.45966,28.2987],[85.45966,28.29871],[85.45963,28.29871]]]},"properties":{"date":"2016-11-06","year":2016,"res":0.5,"name":"Vivid"}},{"type":"Feature","geometry":{"type":"Polygon","coordinates":[[[85.45948,28.29885],[85.45905,28.29884],[85.45962,28.29871],[85.45948,28.29885]]]},"properties":{"date":"2016-11-06","year":2016,"res":0.5,"name":"Vivid"}},{"type":"Feature","geometry":{"type":"Polygon","coordinates":[[[85.45903,28.29882],[85.45904,28.29883],[85.45903,28.29883],[85.45903,28.29882]]]},"properties":{"date":"2016-11-06","year":2016,"res":0.5,"name":"Vivid"}},{"type":"Feature","geometry":{"type":"Polygon","coordinates":[[[85.45738,28.29896],[85.45734,28.299],[85.45734,28.29897],[85.45738,28.29896]]]},"properties":{"date":"2016-11-06","year":2016,"res":0.5,"name":"Vivid"}},{"type":"Feature","geometry":{"type":"Polygon","coordinates":[[[85.45728,28.29929],[85.45719,28.29938],[85.45734,28.29904],[85.45728,28.29929]]]},"properties":{"date":"2016-11-06","year":2016,"res":0.5,"name":"Vivid"}},{"type":"Feature","geometry":{"type":"Polygon","coordinates":[[[85.45691,28.29964],[85.45684,28.29967],[85.45686,28.29964],[85.45691,28.29964]]]},"properties":{"date":"2016-11-06","year":2016,"res":0.5,"name":"Vivid"}},{"type":"Feature","geometry":{"type":"Polygon","coordinates":[[[85.45668,28.30074],[85.45666,28.3001],[85.45679,28.29994],[85.45668,28.30074]]]},"properties":{"date":"2016-11-06","year":2016,"res":0.5,"name":"Vivid"}},{"type":"Feature","geometry":{"type":"Polygon","coordinates":[[[85.46337,28.25569],[85.46337,28.2557],[85.46336,28.2557],[85.46337,28.25569]]]},"properties":{"date":"2016-11-06","year":2016,"res":0.5,"name":"Vivid"}},{"type":"Feature","geometry":{"type":"Polygon","coordinates":[[[85.46333,28.25571],[85.46334,28.2557],[85.46333,28.25573],[85.46333,28.25571]]]},"properties":{"date":"2016-11-06","year":2016,"res":0.5,"name":"Vivid"}},{"type":"Feature","geometry":{"type":"Polygon","coordinates":[[[85.46328,28.28582],[85.46329,28.28584],[85.46327,28.28584],[85.46328,28.28582]]]},"properties":{"date":"2016-11-06","year":2016,"res":0.5,"name":"Vivid"}},{"type":"Feature","geometry":{"type":"Polygon","coordinates":[[[85.46316,28.28609],[85.46315,28.2861],[85.46315,28.28607],[85.46316,28.28609]]]},"properties":{"date":"2016-11-06","year":2016,"res":0.5,"name":"Vivid"}},{"type":"Feature","geometry":{"type":"Polygon","coordinates":[[[85.46314,28.2861],[85.46315,28.2861],[85.46314,28.2861]]]},"properties":{"date":"2016-11-06","year":2016,"res":0.5,"name":"Vivid"}},{"type":"Feature","geometry":{"type":"Polygon","coordinates":[[[85.4622,28.28692],[85.46274,28.28655],[85.46256,28.28684],[85.4622,28.28692]]]},"properties":{"date":"2016-11-06","year":2016,"res":0.5,"name":"Vivid"}},{"type":"Feature","geometry":{"type":"Polygon","coordinates":[[[85.46219,28.28692],[85.46219,28.28692],[85.46219,28.28692]]]},"properties":{"date":"2016-11-06","year":2016,"res":0.5,"name":"Vivid"}},{"type":"Feature","geometry":{"type":"Polygon","coordinates":[[[85.46216,28.28693],[85.46215,28.28694],[85.46215,28.28693],[85.46216,28.28693]]]},"properties":{"date":"2016-11-06","year":2016,"res":0.5,"name":"Vivid"}},{"type":"Feature","geometry":{"type":"Polygon","coordinates":[]},"properties":{"date":"2016-11-06","year":2016,"res":0.5,"name":"Vivid"}},{"type":"Feature","geometry":{"type":"Polygon","coordinates":[[[85.46206,28.28702],[85.46202,28.28703],[85.46204,28.28701],[85.46206,28.28702]]]},"properties":{"date":"2016-11-06","year":2016,"res":0.5,"name":"Vivid"}},{"type":"Feature","geometry":{"type":"Polygon","coordinates":[[[85.462,28.28705],[85.46194,28.28704],[85.462,28.28704],[85.462,28.28705]]]},"properties":{"date":"2016-11-06","year":2016,"res":0.5,"name":"Vivid"}},{"type":"Feature","geometry":{"type":"Polygon","coordinates":[[[85.46179,28.28716],[85.46184,28.28716],[85.46178,28.28719],[85.46179,28.28716]]]},"properties":{"date":"2016-11-06","year":2016,"res":0.5,"name":"Vivid"}},{"type":"Feature","geometry":{"type":"Polygon","coordinates":[[[85.46171,28.28723],[85.46173,28.28723],[85.46171,28.28723],[85.46171,28.28723]]]},"properties":{"date":"2016-11-06","year":2016,"res":0.5,"name":"Vivid"}},{"type":"Feature","geometry":{"type":"Polygon","coordinates":[[[85.46161,28.28727],[85.46166,28.28731],[85.4616,28.28732],[85.46161,28.28727]]]},"properties":{"date":"2016-11-06","year":2016,"res":0.5,"name":"Vivid"}},{"type":"Feature","geometry":{"type":"Polygon","coordinates":[[[85.46157,28.28736],[85.46157,28.28735],[85.46157,28.28736]]]},"properties":{"date":"2016-11-06","year":2016,"res":0.5,"name":"Vivid"}},{"type":"Feature","geometry":{"type":"Polygon","coordinates":[]},"properties":{"date":"2016-11-06","year":2016,"res":0.5,"name":"Vivid"}},{"type":"Feature","geometry":{"type":"Polygon","coordinates":[[[85.46201,28.29289],[85.462,28.29287],[85.46201,28.29287],[85.46201,28.29289]]]},"properties":{"date":"2016-11-06","year":2016,"res":0.5,"name":"Vivid"}},{"type":"Feature","geometry":{"type":"Polygon","coordinates":[]},"properties":{"date":"2016-11-06","year":2016,"res":0.5,"name":"Vivid"}},{"type":"Feature","geometry":{"type":"Polygon","coordinates":[[[85.46205,28.29305],[85.46209,28.2931],[85.46202,28.29295],[85.46205,28.29305]]]},"properties":{"date":"2016-11-06","year":2016,"res":0.5,"name":"Vivid"}},{"type":"Feature","geometry":{"type":"Polygon","coordinates":[[[85.46213,28.29319],[85.4621,28.29312],[85.46213,28.29315],[85.46213,28.29319]]]},"properties":{"date":"2016-11-06","year":2016,"res":0.5,"name":"Vivid"}},{"type":"Feature","geometry":{"type":"Polygon","coordinates":[[[85.45954,28.21515],[85.4599,28.21484],[85.46265,28.21644],[85.46333,28.2176],[85.46578,28.21838],[85.46814,28.22147],[85.46953,28.22202],[85.47092,28.22666],[85.46777,28.22525],[85.46793,28.2245],[85.46691,28.22362],[85.46546,28.2191],[85.46333,28.21841],[85.45954,28.21515]]]},"properties":{"date":"2016-11-06","year":2016,"res":0.5,"name":"Vivid"}},{"type":"Feature","geometry":{"type":"Polygon","coordinates":[[[85.47109,28.22739],[85.4711,28.22772],[85.47107,28.22749],[85.47109,28.22739]]]},"properties":{"date":"2016-11-06","year":2016,"res":0.5,"name":"Vivid"}},{"type":"Feature","geometry":{"type":"Polygon","coordinates":[[[85.47102,28.22829],[85.47103,28.22795],[85.47111,28.22891],[85.47102,28.22829]]]},"properties":{"date":"2016-11-06","year":2016,"res":0.5,"name":"Vivid"}},{"type":"Feature","geometry":{"type":"Polygon","coordinates":[[[85.47117,28.22934],[85.47108,28.2293],[85.47111,28.22893],[85.47117,28.22934]]]},"properties":{"date":"2016-11-06","year":2016,"res":0.5,"name":"Vivid"}},{"type":"Feature","geometry":{"type":"Polygon","coordinates":[[[85.471,28.22977],[85.47118,28.22943],[85.47126,28.23017],[85.471,28.22977]]]},"properties":{"date":"2016-11-06","year":2016,"res":0.5,"name":"Vivid"}},{"type":"Feature","geometry":{"type":"Polygon","coordinates":[[[85.47129,28.23021],[85.47128,28.23021],[85.47127,28.23019],[85.47129,28.23021]]]},"properties":{"date":"2016-11-06","year":2016,"res":0.5,"name":"Vivid"}},{"type":"Feature","geometry":{"type":"Polygon","coordinates":[[[85.47131,28.23092],[85.4713,28.23025],[85.47207,28.23357],[85.47103,28.23624],[85.47192,28.24078],[85.47162,28.24353],[85.47255,28.24372],[85.47235,28.24433],[85.47344,28.24556],[85.47241,28.24626],[85.47216,28.24909],[85.46931,28.25195],[85.46732,28.25269],[85.46583,28.25575],[85.46401,28.25557],[85.46576,28.25409],[85.46619,28.25165],[85.46807,28.25116],[85.47098,28.24753],[85.47063,28.24558],[85.47124,28.24046],[85.47023,28.23959],[85.4695,28.2369],[85.47023,28.23487],[85.47003,28.23301],[85.47131,28.23092]]]},"properties":{"date":"2016-11-06","year":2016,"res":0.5,"name":"Vivid"}},{"type":"Feature","geometry":{"type":"Polygon","coordinates":[[[85.46449,28.28501],[85.46451,28.28501],[85.46451,28.28502],[85.46449,28.28501]]]},"properties":{"date":"2016-11-06","year":2016,"res":0.5,"name":"Vivid"}},{"type":"Feature","geometry":{"type":"Polygon","coordinates":[[[85.46393,28.28522],[85.46449,28.28502],[85.46369,28.28552],[85.46393,28.28522]]]},"properties":{"date":"2016-11-06","year":2016,"res":0.5,"name":"Vivid"}},{"type":"Feature","geometry":{"type":"Polygon","coordinates":[[[85.46369,28.28554],[85.46368,28.28556],[85.46369,28.28553],[85.46369,28.28554]]]},"properties":{"date":"2016-11-06","year":2016,"res":0.5,"name":"Vivid"}},{"type":"Feature","geometry":{"type":"Polygon","coordinates":[[[85.46367,28.28556],[85.46368,28.28556],[85.46367,28.28556]]]},"properties":{"date":"2016-11-06","year":2016,"res":0.5,"name":"Vivid"}},{"type":"Feature","geometry":{"type":"Polygon","coordinates":[[[85.46361,28.28558],[85.46362,28.28559],[85.46361,28.28559],[85.46361,28.28558]]]},"properties":{"date":"2016-11-06","year":2016,"res":0.5,"name":"Vivid"}},{"type":"Feature","geometry":{"type":"Polygon","coordinates":[[[85.46352,28.28567],[85.4635,28.28567],[85.46352,28.28567]]]},"properties":{"date":"2016-11-06","year":2016,"res":0.5,"name":"Vivid"}},{"type":"Feature","geometry":{"type":"Polygon","coordinates":[[[85.46347,28.28567],[85.46346,28.28567],[85.46347,28.28567]]]},"properties":{"date":"2016-11-06","year":2016,"res":0.5,"name":"Vivid"}},{"type":"Feature","geometry":{"type":"Polygon","coordinates":[]},"properties":{"date":"2016-11-06","year":2016,"res":0.5,"name":"Vivid"}},{"type":"Feature","geometry":{"type":"Polygon","coordinates":[[[85.46343,28.28573],[85.46342,28.28571],[85.46343,28.28568],[85.46343,28.28573]]]},"properties":{"date":"2016-11-06","year":2016,"res":0.5,"name":"Vivid"}},{"type":"Feature","geometry":{"type":"Polygon","coordinates":[[[85.46338,28.28576],[85.46342,28.28575],[85.46342,28.28576],[85.46338,28.28576]]]},"properties":{"date":"2016-11-06","year":2016,"res":0.5,"name":"Vivid"}},{"type":"Feature","geometry":{"type":"Polygon","coordinates":[[[85.46337,28.28576],[85.46338,28.28577],[85.46337,28.28577],[85.46337,28.28576]]]},"properties":{"date":"2016-11-06","year":2016,"res":0.5,"name":"Vivid"}},{"type":"Feature","geometry":{"type":"Polygon","coordinates":[[[85.4611,28.20495],[85.46039,28.20694],[85.45864,28.20858],[85.45773,28.21132],[85.45855,28.20708],[85.45953,28.20573],[85.4611,28.20495]]]},"properties":{"date":"2016-11-06","year":2016,"res":0.5,"name":"Vivid"}},{"type":"Feature","geometry":{"type":"Polygon","coordinates":[[[85.45772,28.21134],[85.45773,28.21132],[85.45773,28.21134],[85.45772,28.21134]]]},"properties":{"date":"2016-11-06","year":2016,"res":0.5,"name":"Vivid"}},{"type":"Feature","geometry":{"type":"Polygon","coordinates":[[[85.45771,28.21134],[85.45772,28.21135],[85.45771,28.21135],[85.45771,28.21134]]]},"properties":{"date":"2016-11-06","year":2016,"res":0.5,"name":"Vivid"}},{"type":"Feature","geometry":{"type":"Polygon","coordinates":[[[85.45694,28.301],[85.45868,28.30082],[85.45904,28.30112],[85.45694,28.301]]]},"properties":{"date":"2016-11-06","year":2016,"res":0.5,"name":"Vivid"}},{"type":"Feature","geometry":{"type":"Polygon","coordinates":[[[85.45936,28.30134],[85.45936,28.30133],[85.45936,28.30134]]]},"properties":{"date":"2016-11-06","year":2016,"res":0.5,"name":"Vivid"}},{"type":"Feature","geometry":{"type":"Polygon","coordinates":[[[85.45937,28.30137],[85.45938,28.30137],[85.45937,28.30137]]]},"properties":{"date":"2016-11-06","year":2016,"res":0.5,"name":"Vivid"}},{"type":"Feature","geometry":{"type":"Polygon","coordinates":[[[85.45959,28.30156],[85.45938,28.30137],[85.45958,28.30149],[85.45959,28.30156]]]},"properties":{"date":"2016-11-06","year":2016,"res":0.5,"name":"Vivid"}},{"type":"Feature","geometry":{"type":"Polygon","coordinates":[[[85.45971,28.30157],[85.45973,28.30157],[85.45971,28.30157]]]},"properties":{"date":"2016-11-06","year":2016,"res":0.5,"name":"Vivid"}},{"type":"Feature","geometry":{"type":"Polygon","coordinates":[[[85.45987,28.30157],[85.45988,28.30157],[85.45987,28.30157]]]},"properties":{"date":"2016-11-06","year":2016,"res":0.5,"name":"Vivid"}},{"type":"Feature","geometry":{"type":"Polygon","coordinates":[[[85.46001,28.30168],[85.46068,28.30174],[85.46087,28.30215],[85.46001,28.30168]]]},"properties":{"date":"2016-11-06","year":2016,"res":0.5,"name":"Vivid"}},{"type":"Feature","geometry":{"type":"Polygon","coordinates":[[[85.46334,28.2557],[85.46007,28.25684],[85.46268,28.25818],[85.46369,28.2602],[85.46296,28.26236],[85.46355,28.2651],[85.46265,28.26602],[85.4633,28.27502],[85.46204,28.27656],[85.46197,28.27787],[85.4634,28.28171],[85.46502,28.28353],[85.46458,28.285],[85.46085,28.28798],[85.46074,28.29045],[85.46236,28.29397],[85.46051,28.29525],[85.46054,28.298],[85.4595,28.29882],[85.45762,28.29862],[85.45651,28.30078],[85.45648,28.29847],[85.45478,28.29688],[85.44869,28.29738],[85.44869,28.29528],[85.44729,28.29387],[85.44561,28.2934],[85.44521,28.28943],[85.4438,28.28848],[85.44312,28.2853],[85.44429,28.27466],[85.44811,28.26911],[85.44638,28.26346],[85.44765,28.26028],[85.44695,28.25847],[85.4474,28.25681],[85.44605,28.25624],[85.44705,28.25381],[85.44633,28.25329],[85.44627,28.24931],[85.44544,28.24613],[85.44589,28.24076],[85.44657,28.23943],[85.44622,28.23676],[85.44749,28.23477],[85.44692,28.23377],[85.44737,28.23181],[85.44671,28.23091],[85.44662,28.22632],[85.44731,28.22506],[85.44671,28.22035],[85.4473,28.21978],[85.44735,28.21557],[85.44803,28.21385],[85.44937,28.2129],[85.45255,28.21236],[85.45779,28.21339],[85.45954,28.21566],[85.46333,28.21841],[85.46546,28.2191],[85.46691,28.22362],[85.46793,28.2245],[85.46777,28.22525],[85.47035,28.22633],[85.47109,28.22739],[85.47129,28.23104],[85.47003,28.23301],[85.47023,28.23487],[85.4695,28.2369],[85.47023,28.23959],[85.47124,28.24046],[85.47063,28.24558],[85.47098,28.24753],[85.46807,28.25116],[85.46619,28.25165],[85.46551,28.25444],[85.46334,28.2557]]]},"properties":{"date":"2017-02-25","year":2017,"res":0.5,"name":"Vivid"}},{"type":"Feature","geometry":{"type":"Polygon","coordinates":[[[85.45,28.21293],[85.44885,28.21314],[85.44691,28.20523],[85.44611,28.20482],[85.4457,28.20336],[85.44399,28.20235],[85.44223,28.19933],[85.44083,28.1988],[85.43927,28.19679],[85.439,28.19456],[85.43705,28.19316],[85.43665,28.19034],[85.43216,28.1889],[85.43205,28.18706],[85.43096,28.18637],[85.43073,28.18421],[85.42968,28.18248],[85.42129,28.18584],[85.41072,28.18752],[85.3904,28.18603],[85.39,28.18315],[85.39259,28.177],[85.39623,28.17487],[85.39912,28.16968],[85.39958,28.16679],[85.40309,28.16386],[85.40422,28.16211],[85.40806,28.16001],[85.40974,28.15798],[85.41191,28.15674],[85.4187,28.15617],[85.42087,28.15689],[85.42456,28.15664],[85.42612,28.15742],[85.42676,28.1587],[85.42915,28.16005],[85.42903,28.16269],[85.42968,28.16498],[85.43035,28.16392],[85.43202,28.16343],[85.43316,28.16406],[85.43925,28.16363],[85.44127,28.16275],[85.44391,28.16331],[85.44461,28.16454],[85.44443,28.16622],[85.44611,28.16808],[85.44535,28.17052],[85.446,28.17269],[85.44471,28.17444],[85.44451,28.17648],[85.44291,28.17856],[85.4425,28.18405],[85.44311,28.18817],[85.44417,28.19003],[85.44412,28.19229],[85.44535,28.19433],[85.44515,28.19504],[85.44602,28.19514],[85.44617,28.20033],[85.44729,28.20128],[85.44957,28.20609],[85.44974,28.21014],[85.45048,28.21252],[85.45,28.21293]]]},"properties":{"date":"2017-11-20","year":2017,"res":0.5,"name":"Vivid"}},{"type":"Feature","geometry":{"type":"Polygon","coordinates":[[[85.38043,28.0372],[85.38176,28.03705],[85.38192,28.03559],[85.38275,28.03474],[85.38456,28.03491],[85.38571,28.03711],[85.38579,28.03543],[85.38676,28.03485],[85.39214,28.03551],[85.39244,28.03662],[85.39377,28.03711],[85.3925,28.03842],[85.39208,28.0427],[85.391,28.04369],[85.39096,28.0455],[85.38986,28.04765],[85.39079,28.05312],[85.39022,28.05404],[85.39037,28.0556],[85.38873,28.05902],[85.38951,28.06569],[85.38868,28.07042],[85.39001,28.07544],[85.39156,28.07841],[85.39329,28.07961],[85.39397,28.08106],[85.39386,28.08502],[85.39124,28.08794],[85.39036,28.09213],[85.39155,28.1014],[85.3907,28.10717],[85.39134,28.10951],[85.39127,28.12032],[85.3934,28.12225],[85.39404,28.125],[85.38877,28.12585],[85.38552,28.12474],[85.38312,28.12438],[85.38219,28.12481],[85.37942,28.12311],[85.3787,28.12176],[85.37774,28.12144],[85.37688,28.12221],[85.37475,28.12144],[85.36985,28.12229],[85.36378,28.12478],[85.36147,28.1245],[85.3583,28.12547],[85.35728,28.12505],[85.35554,28.12542],[85.35391,28.12359],[85.35141,28.1229],[85.35035,28.12372],[85.34337,28.1258],[85.34296,28.125],[85.34127,28.12442],[85.34077,28.12094],[85.34184,28.12075],[85.34252,28.1196],[85.34569,28.11743],[85.34883,28.11279],[85.35003,28.11218],[85.35,28.11156],[85.35099,28.11146],[85.35096,28.10966],[85.35136,28.10798],[85.35213,28.10749],[85.35278,28.104],[85.3522,28.09591],[85.3507,28.09512],[85.3474,28.09489],[85.34568,28.09381],[85.34195,28.08325],[85.34171,28.08042],[85.34245,28.07948],[85.342,28.07763],[85.34305,28.07681],[85.34328,28.07515],[85.34305,28.07275],[85.34238,28.07114],[85.34141,28.07066],[85.34092,28.06777],[85.34164,28.06517],[85.34353,28.0622],[85.34461,28.05725],[85.34357,28.05577],[85.344,28.05476],[85.34274,28.04933],[85.33901,28.04736],[85.33744,28.04446],[85.33774,28.04285],[85.33946,28.0416],[85.33987,28.03999],[85.34147,28.03924],[85.34179,28.03711],[85.34226,28.03853],[85.34482,28.0385],[85.35124,28.03534],[85.35721,28.03538],[85.35866,28.03337],[85.36225,28.03351],[85.36271,28.03435],[85.36192,28.03654],[85.3626,28.03758],[85.36494,28.03853],[85.36514,28.03921],[85.36959,28.04053],[85.37423,28.04106],[85.37828,28.03915],[85.379,28.0374],[85.38043,28.0372]]]},"properties":{"date":"2018-09-18","year":2018,"res":0.5,"name":"Vivid"}},{"type":"Feature","geometry":{"type":"Polygon","coordinates":[[[85.38569,28.12486],[85.38877,28.12585],[85.39365,28.12496],[85.39829,28.125],[85.3987,28.1369],[85.39991,28.14512],[85.39917,28.14945],[85.39947,28.15376],[85.39874,28.15561],[85.39978,28.16185],[85.39909,28.16323],[85.39963,28.16678],[85.39912,28.16968],[85.39623,28.17487],[85.39293,28.17648],[85.39144,28.17901],[85.39,28.18315],[85.3904,28.18603],[85.38979,28.18594],[85.38959,28.18661],[85.38849,28.18589],[85.3879,28.18646],[85.38711,28.18589],[85.38494,28.1859],[85.38002,28.18794],[85.37593,28.1883],[85.37348,28.18956],[85.36626,28.18981],[85.35798,28.19298],[85.35462,28.19321],[85.35487,28.19248],[85.35403,28.19058],[85.35455,28.18927],[85.35351,28.18596],[85.354,28.18453],[85.3534,28.17832],[85.35419,28.17547],[85.3542,28.17234],[85.35533,28.16895],[85.35478,28.16508],[85.35307,28.16392],[85.35347,28.161],[85.35253,28.157],[85.35299,28.15133],[85.35219,28.14906],[85.35128,28.14859],[85.35079,28.14737],[85.34967,28.1472],[85.34752,28.14442],[85.34723,28.1421],[85.34645,28.14166],[85.34689,28.13956],[85.34385,28.13475],[85.34337,28.13084],[85.34416,28.13041],[85.3453,28.12774],[85.34734,28.12601],[85.35179,28.12518],[85.3583,28.12547],[85.36147,28.1245],[85.36388,28.12477],[85.36985,28.12229],[85.37475,28.12144],[85.37688,28.12221],[85.37774,28.12144],[85.3787,28.12176],[85.37942,28.12311],[85.38219,28.12481],[85.38312,28.12438],[85.38569,28.12486]]]},"properties":{"date":"2018-09-18","year":2018,"res":0.5,"name":"Vivid"}},{"type":"Feature","geometry":{"type":"Polygon","coordinates":[]},"properties":{"date":"2018-09-18","year":2018,"res":0.5,"name":"Vivid"}},{"type":"Feature","geometry":{"type":"Polygon","coordinates":[[[85.35461,28.19322],[85.35461,28.19321],[85.35461,28.19322]]]},"properties":{"date":"2018-09-18","year":2018,"res":0.5,"name":"Vivid"}},{"type":"Feature","geometry":{"type":"Polygon","coordinates":[[[85.43713,28.02712],[85.43722,28.02377],[85.44342,28.02296],[85.44708,28.02151],[85.44892,28.0221],[85.45164,28.02164],[85.45441,28.02273],[85.46041,28.02161],[85.46782,28.02443],[85.47364,28.02348],[85.47383,28.02233],[85.47546,28.02249],[85.47713,28.02153],[85.4796,28.02164],[85.48224,28.02088],[85.4867,28.02231],[85.48809,28.02395],[85.48835,28.0254],[85.4937,28.03008],[85.494,28.03132],[85.49356,28.03319],[85.49006,28.03132],[85.48832,28.03212],[85.486,28.03216],[85.47691,28.03024],[85.47363,28.03153],[85.4701,28.03087],[85.46917,28.02978],[85.46594,28.02909],[85.46347,28.02934],[85.46123,28.03047],[85.45809,28.03001],[85.45476,28.03048],[85.45042,28.02969],[85.44392,28.03006],[85.43994,28.02673],[85.43713,28.02712]]]},"properties":{"date":"2018-11-01","year":2018,"res":0.5,"name":"Vivid"}},{"type":"Feature","geometry":{"type":"Polygon","coordinates":[[[85.43046,28.02677],[85.42899,28.0261],[85.42614,28.0261],[85.42217,28.02716],[85.40961,28.02781],[85.40382,28.02678],[85.39886,28.02685],[85.39794,28.02555],[85.39532,28.02546],[85.39303,28.0267],[85.39256,28.02859],[85.39299,28.02921],[85.38714,28.02927],[85.38406,28.03062],[85.37964,28.03069],[85.37849,28.03127],[85.37559,28.03079],[85.37439,28.02954],[85.37008,28.02972],[85.36774,28.03233],[85.36463,28.03349],[85.36334,28.03589],[85.36222,28.03631],[85.36231,28.03711],[85.36192,28.03654],[85.36271,28.03435],[85.3624,28.03363],[85.35866,28.03337],[85.35721,28.03538],[85.35124,28.03534],[85.34482,28.0385],[85.34226,28.03853],[85.34176,28.03711],[85.33521,28.04085],[85.33225,28.04008],[85.32964,28.0406],[85.32968,28.03979],[85.32835,28.03937],[85.32636,28.03704],[85.32472,28.03717],[85.32325,28.03567],[85.3204,28.0351],[85.31901,28.0316],[85.31626,28.02995],[85.31432,28.02985],[85.31296,28.03132],[85.31093,28.03086],[85.30601,28.02786],[85.30467,28.02852],[85.30229,28.03161],[85.29977,28.03264],[85.2989,28.03417],[85.29893,28.03607],[85.29789,28.0371],[85.2956,28.03708],[85.29177,28.03869],[85.29053,28.04031],[85.28355,28.04216],[85.27978,28.04124],[85.27581,28.03926],[85.26533,28.03869],[85.26395,28.03723],[85.26223,28.03711],[85.26135,28.03015],[85.26152,28.025],[85.26066,28.02262],[85.26073,28.02096],[85.26162,28.01942],[85.26147,28.0174],[85.26263,28.01645],[85.26545,28.01589],[85.27455,28.01819],[85.27966,28.02092],[85.28382,28.02206],[85.28595,28.02402],[85.2889,28.02368],[85.29122,28.0248],[85.29719,28.02463],[85.30111,28.02276],[85.30399,28.02347],[85.30676,28.02214],[85.30891,28.02269],[85.31191,28.02243],[85.31209,28.02301],[85.31318,28.02258],[85.31374,28.02322],[85.31686,28.02249],[85.31784,28.02325],[85.32253,28.02292],[85.32325,28.02153],[85.3244,28.02119],[85.32559,28.02239],[85.32927,28.0225],[85.32981,28.02323],[85.33237,28.02278],[85.33725,28.02377],[85.33984,28.02333],[85.34179,28.02862],[85.34254,28.02751],[85.34255,28.0227],[85.34381,28.02206],[85.34393,28.02076],[85.3462,28.01844],[85.34713,28.01634],[85.3492,28.01571],[85.3512,28.0137],[85.35312,28.01279],[85.35724,28.01296],[85.36015,28.01153],[85.36582,28.01035],[85.37003,28.01203],[85.37138,28.01908],[85.3686,28.02266],[85.37121,28.02502],[85.37411,28.02363],[85.37834,28.02565],[85.38162,28.02569],[85.38189,28.02449],[85.38272,28.02462],[85.38569,28.02708],[85.38577,28.02869],[85.38675,28.02709],[85.38918,28.02696],[85.38949,28.02511],[85.39297,28.02509],[85.39327,28.02331],[85.39559,28.0237],[85.39527,28.02465],[85.39698,28.02471],[85.39743,28.02548],[85.40562,28.02313],[85.40901,28.02371],[85.4099,28.02538],[85.41161,28.02578],[85.41346,28.02546],[85.41447,28.02401],[85.4151,28.02465],[85.41737,28.02482],[85.4193,28.02394],[85.42203,28.02385],[85.42772,28.02509],[85.42906,28.0248],[85.42968,28.02586],[85.43013,28.02514],[85.43217,28.0254],[85.4355,28.02388],[85.43728,28.02387],[85.43697,28.02716],[85.43046,28.02677]]]},"properties":{"date":"2018-11-01","year":2018,"res":0.5,"name":"Vivid"}},{"type":"Feature","geometry":{"type":"Polygon","coordinates":[[[85.41468,28.02419],[85.41792,28.02295],[85.42374,28.0245],[85.42123,28.0238],[85.41737,28.02482],[85.41468,28.02419]]]},"properties":{"date":"2019-03-06","year":2019,"res":0.5,"name":"Vivid"}},{"type":"Feature","geometry":{"type":"Polygon","coordinates":[[[85.35983,28.01176],[85.35982,28.01176],[85.35983,28.01176]]]},"properties":{"date":"2019-11-27","year":2019,"res":0.5,"name":"Vivid"}},{"type":"Feature","geometry":{"type":"Polygon","coordinates":[[[85.3583,28.01235],[85.35874,28.01173],[85.35982,28.01176],[85.3583,28.01235]]]},"properties":{"date":"2019-11-27","year":2019,"res":0.5,"name":"Vivid"}},{"type":"Feature","geometry":{"type":"Polygon","coordinates":[[[85.35774,28.01246],[85.35765,28.01247],[85.3576,28.01244],[85.35774,28.01246]]]},"properties":{"date":"2019-11-27","year":2019,"res":0.5,"name":"Vivid"}},{"type":"Feature","geometry":{"type":"Polygon","coordinates":[[[85.35558,28.01272],[85.35517,28.01276],[85.35754,28.01244],[85.35724,28.01296],[85.35558,28.01272]]]},"properties":{"date":"2019-11-27","year":2019,"res":0.5,"name":"Vivid"}},{"type":"Feature","geometry":{"type":"Polygon","coordinates":[]},"properties":{"date":"2019-11-27","year":2019,"res":0.5,"name":"Vivid"}},{"type":"Feature","geometry":{"type":"Polygon","coordinates":[[[85.3533,28.01276],[85.35329,28.01275],[85.3533,28.01275],[85.3533,28.01276]]]},"properties":{"date":"2019-11-27","year":2019,"res":0.5,"name":"Vivid"}},{"type":"Feature","geometry":{"type":"Polygon","coordinates":[]},"properties":{"date":"2019-11-27","year":2019,"res":0.5,"name":"Vivid"}},{"type":"Feature","geometry":{"type":"Polygon","coordinates":[[[85.35509,28.01279],[85.35511,28.01279],[85.35509,28.01279],[85.35509,28.01279]]]},"properties":{"date":"2019-11-27","year":2019,"res":0.5,"name":"Vivid"}},{"type":"Feature","geometry":{"type":"Polygon","coordinates":[[[85.35381,28.01285],[85.35333,28.01276],[85.35443,28.0128],[85.35381,28.01285]]]},"properties":{"date":"2019-11-27","year":2019,"res":0.5,"name":"Vivid"}},{"type":"Feature","geometry":{"type":"Polygon","coordinates":[[[85.36015,28.01153],[85.36496,28.00971],[85.36888,28.01144],[85.36571,28.01035],[85.36015,28.01153]]]},"properties":{"date":"2019-11-27","year":2019,"res":0.5,"name":"Vivid"}},{"type":"Feature","geometry":{"type":"Polygon","coordinates":[[[85.36891,28.01145],[85.3689,28.01144],[85.36891,28.01144],[85.36891,28.01145]]]},"properties":{"date":"2019-11-27","year":2019,"res":0.5,"name":"Vivid"}},{"type":"Feature","geometry":{"type":"Polygon","coordinates":[[[85.36902,28.01155],[85.36891,28.01145],[85.3692,28.01157],[85.36902,28.01155]]]},"properties":{"date":"2019-11-27","year":2019,"res":0.5,"name":"Vivid"}},{"type":"Feature","geometry":{"type":"Polygon","coordinates":[[[85.3599,28.01171],[85.35989,28.01172],[85.3599,28.01172],[85.3599,28.01171]]]},"properties":{"date":"2019-11-27","year":2019,"res":0.5,"name":"Vivid"}},{"type":"Feature","geometry":{"type":"Polygon","coordinates":[[[85.35987,28.01174],[85.35986,28.01173],[85.35987,28.01173],[85.35987,28.01174]]]},"properties":{"date":"2019-11-27","year":2019,"res":0.5,"name":"Vivid"}},{"type":"Feature","geometry":{"type":"Polygon","coordinates":[[[85.35983,28.01176],[85.35983,28.01175],[85.35983,28.01176]]]},"properties":{"date":"2019-11-27","year":2019,"res":0.5,"name":"Vivid"}},{"type":"Feature","geometry":{"type":"Polygon","coordinates":[[[85.36959,28.01182],[85.3696,28.01184],[85.36959,28.01184],[85.36959,28.01182]]]},"properties":{"date":"2019-11-27","year":2019,"res":0.5,"name":"Vivid"}},{"type":"Feature","geometry":{"type":"Polygon","coordinates":[[[85.36965,28.01187],[85.36964,28.01187],[85.36965,28.01187]]]},"properties":{"date":"2019-11-27","year":2019,"res":0.5,"name":"Vivid"}},{"type":"Feature","geometry":{"type":"Polygon","coordinates":[[[85.36978,28.01191],[85.36971,28.01191],[85.36969,28.01188],[85.36978,28.01191]]]},"properties":{"date":"2019-11-27","year":2019,"res":0.5,"name":"Vivid"}},{"type":"Feature","geometry":{"type":"Polygon","coordinates":[[[85.58696,28.12506],[85.59018,28.12298],[85.59093,28.12537],[85.59174,28.12556],[85.59202,28.12727],[85.59446,28.1276],[85.5903,28.12687],[85.58848,28.12528],[85.58696,28.12506]]]},"properties":{"date":"2021-01-29","year":2021,"res":0.5,"name":"Vivid"}},{"type":"Feature","geometry":{"type":"Polygon","coordinates":[[[85.59775,28.1275],[85.59842,28.12756],[85.59618,28.12829],[85.5945,28.12761],[85.59775,28.1275]]]},"properties":{"date":"2021-01-29","year":2021,"res":0.5,"name":"Vivid"}},{"type":"Feature","geometry":{"type":"Polygon","coordinates":[[[85.58664,28.125],[85.58412,28.12623],[85.58068,28.12664],[85.58068,28.12562],[85.57928,28.125],[85.58421,28.12409],[85.58664,28.125]]]},"properties":{"date":"2021-02-03","year":2021,"res":0.31,"name":"Vivid"}},{"type":"Feature","geometry":{"type":"Polygon","coordinates":[[[85.45659,28.3005],[85.45704,28.30112],[85.45909,28.30114],[85.46079,28.30207],[85.46097,28.30293],[85.46391,28.30438],[85.44275,28.30438],[85.44582,28.30194],[85.4505,28.30122],[85.45053,28.30004],[85.44939,28.29975],[85.44869,28.29857],[85.4492,28.29733],[85.45478,28.29688],[85.45648,28.29847],[85.45659,28.3005]]]},"properties":{"date":"2021-10-22","year":2021,"res":0.5,"name":"Vivid"}},{"type":"Feature","geometry":{"type":"Polygon","coordinates":[[[85.47155,28.23894],[85.47157,28.23899],[85.4715,28.23898],[85.47155,28.23894]]]},"properties":{"date":"2021-10-22","year":2021,"res":0.5,"name":"Vivid"}},{"type":"Feature","geometry":{"type":"Polygon","coordinates":[[[85.47156,28.23944],[85.47157,28.23914],[85.47165,28.23929],[85.47156,28.23944]]]},"properties":{"date":"2021-10-22","year":2021,"res":0.5,"name":"Vivid"}},{"type":"Feature","geometry":{"type":"Polygon","coordinates":[[[85.47169,28.23984],[85.47226,28.24027],[85.47192,28.24078],[85.47169,28.23984]]]},"properties":{"date":"2021-10-22","year":2021,"res":0.5,"name":"Vivid"}},{"type":"Feature","geometry":{"type":"Polygon","coordinates":[[[85.47241,28.24409],[85.47341,28.24505],[85.47327,28.24593],[85.47241,28.24409]]]},"properties":{"date":"2021-10-22","year":2021,"res":0.5,"name":"Vivid"}},{"type":"Feature","geometry":{"type":"Polygon","coordinates":[[[85.47226,28.24699],[85.47282,28.24706],[85.47254,28.24759],[85.47226,28.24699]]]},"properties":{"date":"2021-10-22","year":2021,"res":0.5,"name":"Vivid"}},{"type":"Feature","geometry":{"type":"Polygon","coordinates":[[[85.47528,28.12328],[85.47428,28.1242],[85.47429,28.12353],[85.47528,28.12328]]]},"properties":{"date":"2021-10-22","year":2021,"res":0.5,"name":"Vivid"}},{"type":"Feature","geometry":{"type":"Polygon","coordinates":[[[85.47415,28.12434],[85.47366,28.125],[85.47375,28.12452],[85.47415,28.12434]]]},"properties":{"date":"2021-10-22","year":2021,"res":0.5,"name":"Vivid"}},{"type":"Feature","geometry":{"type":"Polygon","coordinates":[[[85.47366,28.125],[85.47364,28.125],[85.47366,28.125]]]},"properties":{"date":"2021-10-22","year":2021,"res":0.5,"name":"Vivid"}},{"type":"Feature","geometry":{"type":"Polygon","coordinates":[[[85.56175,28.12511],[85.55953,28.12228],[85.56004,28.1207],[85.55919,28.11776],[85.55814,28.1164],[85.55239,28.11459],[85.55,28.11433],[85.5484,28.11493],[85.5461,28.11467],[85.54519,28.11397],[85.54092,28.11466],[85.53895,28.11679],[85.53583,28.11822],[85.53471,28.1222],[85.53096,28.12233],[85.52677,28.12342],[85.52613,28.125],[85.52431,28.12683],[85.52216,28.12689],[85.5185,28.12469],[85.51731,28.12498],[85.51396,28.12379],[85.50913,28.12488],[85.5084,28.12412],[85.50628,28.12397],[85.50605,28.12337],[85.50399,28.12284],[85.50129,28.12395],[85.50088,28.125],[85.49967,28.12481],[85.4995,28.12387],[85.49882,28.12385],[85.49806,28.12131],[85.49707,28.12036],[85.49691,28.11811],[85.49531,28.11682],[85.49428,28.11396],[85.49361,28.10834],[85.49277,28.1082],[85.49151,28.10435],[85.49148,28.10236],[85.49257,28.1017],[85.4928,28.10062],[85.49494,28.10057],[85.49663,28.09976],[85.49705,28.09558],[85.49672,28.08972],[85.49338,28.08488],[85.49298,28.08159],[85.49237,28.08106],[85.49409,28.06788],[85.49794,28.05754],[85.49735,28.05325],[85.49547,28.05186],[85.49503,28.04947],[85.494,28.04858],[85.49505,28.04526],[85.49448,28.04314],[85.49498,28.04207],[85.49488,28.0389],[85.49457,28.03795],[85.49328,28.03711],[85.4946,28.02805],[85.50187,28.02638],[85.50525,28.0244],[85.51699,28.02679],[85.51758,28.02778],[85.51944,28.02624],[85.52017,28.02456],[85.52065,28.02276],[85.52012,28.02078],[85.52291,28.01989],[85.52542,28.02007],[85.52867,28.01807],[85.53128,28.01739],[85.5351,28.01802],[85.53745,28.01956],[85.54115,28.01933],[85.54441,28.02135],[85.54624,28.02119],[85.54878,28.02195],[85.5506,28.02138],[85.55154,28.02219],[85.55458,28.02259],[85.55875,28.02146],[85.56088,28.0215],[85.56152,28.0223],[85.56634,28.01965],[85.5688,28.02263],[85.56957,28.0276],[85.56735,28.03258],[85.56753,28.03456],[85.56678,28.03714],[85.56822,28.03761],[85.57251,28.03721],[85.57748,28.03832],[85.57961,28.03792],[85.58207,28.03879],[85.58858,28.0385],[85.591,28.0392],[85.59543,28.03823],[85.59781,28.03969],[85.60603,28.04039],[85.60659,28.04284],[85.60515,28.04784],[85.60534,28.05164],[85.60602,28.05213],[85.60636,28.05396],[85.60661,28.0637],[85.60508,28.07418],[85.60553,28.08202],[85.60497,28.08243],[85.60221,28.08204],[85.59859,28.0836],[85.59736,28.08594],[85.59737,28.08733],[85.59521,28.08928],[85.59466,28.09149],[85.59606,28.09774],[85.59533,28.10207],[85.59579,28.10526],[85.5986,28.10702],[85.60036,28.10701],[85.60274,28.10917],[85.60263,28.11065],[85.60372,28.11242],[85.60307,28.11434],[85.60291,28.11939],[85.60359,28.12016],[85.60348,28.12133],[85.60522,28.12351],[85.60541,28.12515],[85.60072,28.12707],[85.59867,28.12698],[85.59842,28.12748],[85.59202,28.12727],[85.59174,28.12556],[85.59093,28.12537],[85.59003,28.12273],[85.59014,28.12081],[85.58889,28.11668],[85.57689,28.11821],[85.57384,28.11781],[85.57321,28.11817],[85.57253,28.12073],[85.57178,28.12084],[85.57093,28.12363],[85.56773,28.12625],[85.56634,28.12513],[85.56175,28.12511]]]},"properties":{"date":"2021-12-04","year":2021,"res":0.31,"name":"Vivid"}},{"type":"Feature","geometry":{"type":"Polygon","coordinates":[[[85.43964,28.02319],[85.44134,28.0223],[85.44184,28.0194],[85.44647,28.0192],[85.44779,28.0184],[85.4522,28.01867],[85.45483,28.01719],[85.46081,28.01613],[85.46735,28.01747],[85.46999,28.01901],[85.4713,28.02096],[85.4737,28.02264],[85.47364,28.02348],[85.46782,28.02443],[85.46041,28.02161],[85.45441,28.02273],[85.45164,28.02164],[85.44892,28.0221],[85.44708,28.02151],[85.44342,28.02296],[85.43964,28.02319]]]},"properties":{"date":"2022-01-17","year":2022,"res":0.31,"name":"Vivid"}},{"type":"Feature","geometry":{"type":"Polygon","coordinates":[[[85.47383,28.02233],[85.47467,28.0186],[85.47625,28.01728],[85.47968,28.01587],[85.47968,28.01513],[85.48234,28.01247],[85.49104,28.01034],[85.49531,28.01131],[85.49552,28.01224],[85.49712,28.01325],[85.49815,28.0158],[85.49779,28.01904],[85.49892,28.02062],[85.50303,28.01949],[85.50645,28.01965],[85.50932,28.01862],[85.51215,28.01897],[85.51344,28.01852],[85.51617,28.01898],[85.51758,28.02085],[85.52012,28.02078],[85.52065,28.02276],[85.51965,28.0259],[85.51758,28.02778],[85.5165,28.02666],[85.5046,28.02445],[85.50187,28.02638],[85.4946,28.02805],[85.49385,28.03043],[85.48835,28.0254],[85.48809,28.02395],[85.48609,28.02199],[85.48162,28.02089],[85.4796,28.02164],[85.47713,28.02153],[85.47546,28.02249],[85.47383,28.02233]]]},"properties":{"date":"2022-01-17","year":2022,"res":0.31,"name":"Vivid"}},{"type":"Feature","geometry":{"type":"Polygon","coordinates":[[[85.41713,28.02314],[85.41713,28.02314],[85.41712,28.02314],[85.41713,28.02314]]]},"properties":{"date":"2022-01-17","year":2022,"res":0.31,"name":"Vivid"}},{"type":"Feature","geometry":{"type":"Polygon","coordinates":[[[85.4171,28.02322],[85.4169,28.02329],[85.41703,28.02317],[85.4171,28.02322]]]},"properties":{"date":"2022-01-17","year":2022,"res":0.31,"name":"Vivid"}},{"type":"Feature","geometry":{"type":"Polygon","coordinates":[[[85.41681,28.02333],[85.41683,28.02333],[85.41681,28.02338],[85.41681,28.02333]]]},"properties":{"date":"2022-01-17","year":2022,"res":0.31,"name":"Vivid"}},{"type":"Feature","geometry":{"type":"Polygon","coordinates":[[[85.41643,28.02343],[85.41657,28.02345],[85.41631,28.02349],[85.41643,28.02343]]]},"properties":{"date":"2022-01-17","year":2022,"res":0.31,"name":"Vivid"}},{"type":"Feature","geometry":{"type":"Polygon","coordinates":[[[85.41752,28.02299],[85.41884,28.02198],[85.42351,28.02222],[85.42554,28.02323],[85.42627,28.0243],[85.42906,28.0248],[85.42374,28.0245],[85.42126,28.02345],[85.41752,28.02299]]]},"properties":{"date":"2022-01-17","year":2022,"res":0.31,"name":"Vivid"}},{"type":"Feature","geometry":{"type":"Polygon","coordinates":[[[85.41551,28.02371],[85.41553,28.0237],[85.41552,28.02371],[85.41551,28.02371]]]},"properties":{"date":"2022-01-17","year":2022,"res":0.31,"name":"Vivid"}},{"type":"Feature","geometry":{"type":"Polygon","coordinates":[[[85.41551,28.02372],[85.41546,28.02384],[85.41537,28.02387],[85.41551,28.02372]]]},"properties":{"date":"2022-01-17","year":2022,"res":0.31,"name":"Vivid"}},{"type":"Feature","geometry":{"type":"Polygon","coordinates":[[[85.41522,28.0239],[85.41524,28.02391],[85.41522,28.02391],[85.41522,28.0239]]]},"properties":{"date":"2022-01-17","year":2022,"res":0.31,"name":"Vivid"}},{"type":"Feature","geometry":{"type":"Polygon","coordinates":[[[85.41511,28.02397],[85.41503,28.02398],[85.41511,28.02394],[85.41511,28.02397]]]},"properties":{"date":"2022-01-17","year":2022,"res":0.31,"name":"Vivid"}},{"type":"Feature","geometry":{"type":"Polygon","coordinates":[[[85.41463,28.02413],[85.41453,28.02402],[85.41463,28.02401],[85.41463,28.02413]]]},"properties":{"date":"2022-01-17","year":2022,"res":0.31,"name":"Vivid"}},{"type":"Feature","geometry":{"type":"Polygon","coordinates":[[[85.34189,28.0285],[85.34108,28.0276],[85.34026,28.02419],[85.34043,28.02358],[85.34179,28.02361],[85.34179,28.01927],[85.34442,28.01905],[85.34713,28.01634],[85.3462,28.01844],[85.34393,28.02076],[85.34381,28.02206],[85.34255,28.0227],[85.34254,28.02751],[85.34189,28.0285]]]},"properties":{"date":"2023-02-17","year":2023,"res":0.5,"name":"Vivid"}},{"type":"Feature","geometry":{"type":"Polygon","coordinates":[[[85.45665,28.21292],[85.45821,28.21057],[85.45864,28.20858],[85.46114,28.20552],[85.46138,28.20246],[85.46122,28.2005],[85.45921,28.19771],[85.45835,28.1951],[85.45839,28.19235],[85.45716,28.19053],[85.45692,28.18773],[85.45596,28.18644],[85.45719,28.18151],[85.4557,28.17969],[85.45584,28.17069],[85.45505,28.16566],[85.45583,28.16527],[85.45679,28.16308],[85.45642,28.15911],[85.45853,28.15369],[85.45868,28.14913],[85.45958,28.14815],[85.46083,28.1443],[85.46052,28.14305],[85.46107,28.14295],[85.46079,28.1411],[85.45995,28.14072],[85.46007,28.13931],[85.45911,28.13796],[85.46016,28.13584],[85.45927,28.13258],[85.46127,28.12993],[85.46032,28.12734],[85.45683,28.12575],[85.45668,28.12364],[85.46049,28.12353],[85.46361,28.12483],[85.46658,28.12489],[85.46674,28.12404],[85.47284,28.12428],[85.47366,28.125],[85.47613,28.12223],[85.47982,28.12106],[85.47998,28.11951],[85.48228,28.11914],[85.48367,28.11751],[85.4884,28.11775],[85.48993,28.1162],[85.49228,28.11589],[85.49371,28.11669],[85.49466,28.11886],[85.49709,28.11918],[85.49737,28.12184],[85.49868,28.12384],[85.4995,28.12387],[85.49973,28.12484],[85.50088,28.125],[85.50129,28.12395],[85.50421,28.12284],[85.50605,28.12337],[85.50628,28.12397],[85.5084,28.12412],[85.50913,28.12488],[85.51512,28.12398],[85.51759,28.125],[85.51803,28.12612],[85.52374,28.12695],[85.52613,28.125],[85.52677,28.12342],[85.53096,28.12233],[85.53471,28.1222],[85.53573,28.11838],[85.53675,28.11741],[85.53895,28.11679],[85.54109,28.11457],[85.54437,28.1145],[85.54519,28.11397],[85.5461,28.11467],[85.5484,28.11493],[85.55,28.11433],[85.55239,28.11459],[85.55814,28.1164],[85.55919,28.11776],[85.56004,28.1207],[85.55953,28.12228],[85.56104,28.1248],[85.56257,28.12539],[85.56658,28.12519],[85.56804,28.12686],[85.57006,28.12679],[85.57135,28.12596],[85.58143,28.12661],[85.58696,28.12506],[85.58848,28.12528],[85.5903,28.12687],[85.59618,28.12829],[85.59824,28.12767],[85.59867,28.12698],[85.60072,28.12707],[85.60549,28.125],[85.61138,28.12631],[85.6121,28.12714],[85.61142,28.1282],[85.61577,28.12925],[85.61609,28.13153],[85.61508,28.13251],[85.61523,28.13587],[85.61632,28.13754],[85.61803,28.13786],[85.61564,28.14077],[85.61708,28.14145],[85.61706,28.14467],[85.61426,28.14697],[85.61508,28.14698],[85.61508,28.14772],[85.61706,28.14804],[85.61708,28.14881],[85.61874,28.14982],[85.61552,28.15323],[85.61547,28.15396],[85.61371,28.15451],[85.61328,28.15531],[85.60772,28.15598],[85.60867,28.16137],[85.60754,28.1624],[85.60549,28.16892],[85.60377,28.16895],[85.60594,28.18018],[85.60798,28.18362],[85.60766,28.18526],[85.60884,28.18678],[85.609,28.18933],[85.61015,28.18996],[85.61045,28.19092],[85.6099,28.19252],[85.61018,28.19502],[85.6084,28.20276],[85.60626,28.20508],[85.60546,28.20716],[85.60465,28.21357],[85.60542,28.22164],[85.60477,28.22927],[85.60532,28.23254],[85.60435,28.23341],[85.60408,28.2366],[85.60498,28.23759],[85.60529,28.23962],[85.60515,28.24174],[85.60435,28.24252],[85.60391,28.24454],[85.6046,28.24819],[85.60376,28.24971],[85.60393,28.25109],[85.60287,28.25272],[85.60107,28.25288],[85.6008,28.25367],[85.59983,28.25396],[85.59972,28.25655],[85.59921,28.25684],[85.6027,28.26141],[85.60237,28.26351],[85.60452,28.26508],[85.60547,28.26975],[85.60764,28.27373],[85.60785,28.27606],[85.60584,28.27659],[85.60472,28.2826],[85.60542,28.28689],[85.60504,28.29049],[85.60261,28.29377],[85.60118,28.29803],[85.6011,28.30021],[85.59983,28.30078],[85.60029,28.30173],[85.60468,28.30291],[85.60409,28.30432],[85.46391,28.30438],[85.46097,28.30293],[85.46068,28.30174],[85.45868,28.30082],[85.45678,28.30082],[85.45762,28.29862],[85.45948,28.29885],[85.46051,28.29808],[85.46051,28.29525],[85.46236,28.29397],[85.46074,28.29045],[85.46102,28.28779],[85.46444,28.28524],[85.46502,28.28353],[85.4634,28.28171],[85.46197,28.27787],[85.46204,28.27656],[85.4633,28.27502],[85.46265,28.26602],[85.46355,28.2651],[85.46296,28.26236],[85.46369,28.2602],[85.46268,28.25818],[85.46007,28.25684],[85.46343,28.2556],[85.46583,28.25575],[85.46732,28.25269],[85.46931,28.25195],[85.47238,28.24882],[85.47282,28.24706],[85.47241,28.24626],[85.47351,28.24541],[85.47262,28.24468],[85.47255,28.24372],[85.47162,28.24353],[85.47226,28.24027],[85.47154,28.23953],[85.47103,28.23624],[85.47207,28.23357],[85.46995,28.22266],[85.46814,28.22147],[85.46588,28.21846],[85.46333,28.2176],[85.46265,28.21644],[85.45831,28.21454],[85.45803,28.21359],[85.45665,28.21292]]]},"properties":{"date":"2023-10-25","year":2023,"res":0.46,"name":"Vivid"}},{"type":"Feature","geometry":{"type":"Polygon","coordinates":[[[85.60504,28.16902],[85.60591,28.16788],[85.60593,28.16647],[85.60682,28.16599],[85.60754,28.1624],[85.60867,28.16137],[85.60772,28.15598],[85.61328,28.15531],[85.61371,28.15451],[85.61547,28.15396],[85.61552,28.15323],[85.61874,28.14982],[85.61708,28.14881],[85.61706,28.14804],[85.61508,28.14772],[85.61508,28.14698],[85.61426,28.14697],[85.61706,28.14467],[85.61708,28.14145],[85.61564,28.14077],[85.61803,28.13786],[85.61632,28.13754],[85.61523,28.13587],[85.61508,28.13251],[85.61609,28.13153],[85.61577,28.12925],[85.61142,28.1282],[85.6121,28.12714],[85.61138,28.12631],[85.6055,28.12507],[85.60738,28.12369],[85.6152,28.12481],[85.61672,28.12654],[85.6192,28.1277],[85.62607,28.12756],[85.62728,28.12892],[85.62866,28.12856],[85.62888,28.12944],[85.63071,28.1295],[85.63314,28.13135],[85.63506,28.13036],[85.63788,28.13032],[85.63918,28.12858],[85.64183,28.12791],[85.64331,28.12645],[85.65098,28.1245],[85.65611,28.12811],[85.66092,28.13415],[85.66125,28.13579],[85.66344,28.13757],[85.66263,28.1394],[85.66265,28.14127],[85.66469,28.14266],[85.66764,28.14323],[85.67149,28.14303],[85.67216,28.14063],[85.67513,28.14033],[85.67627,28.13938],[85.67668,28.13792],[85.68181,28.13525],[85.68551,28.13184],[85.68856,28.13154],[85.69036,28.13053],[85.69075,28.12911],[85.69325,28.12716],[85.69347,28.1246],[85.69535,28.12379],[85.69878,28.12458],[85.71329,28.12496],[85.7259,28.12267],[85.72768,28.12294],[85.73107,28.12475],[85.7371,28.12437],[85.73747,28.12706],[85.73892,28.12751],[85.73924,28.12902],[85.74117,28.13026],[85.74162,28.13252],[85.74268,28.13391],[85.74146,28.13548],[85.74259,28.13785],[85.74392,28.13847],[85.7441,28.14088],[85.74493,28.14169],[85.74498,28.14307],[85.74605,28.14404],[85.74582,28.14566],[85.74752,28.14863],[85.74948,28.14874],[85.75018,28.1495],[85.7532,28.15038],[85.75713,28.14847],[85.76025,28.14871],[85.76102,28.14922],[85.76198,28.15199],[85.76282,28.15211],[85.76783,28.14993],[85.77181,28.14944],[85.77256,28.15047],[85.77325,28.14991],[85.77367,28.15069],[85.77706,28.1508],[85.77811,28.14988],[85.77883,28.14691],[85.77735,28.14521],[85.7784,28.14444],[85.77922,28.14148],[85.78071,28.14081],[85.78073,28.13873],[85.77979,28.13788],[85.77593,28.13763],[85.77699,28.13599],[85.77623,28.13421],[85.77661,28.13148],[85.77528,28.1307],[85.77634,28.12869],[85.77915,28.12722],[85.77921,28.12551],[85.78124,28.125],[85.78125,28.30438],[85.60389,28.30438],[85.60468,28.30291],[85.60029,28.30173],[85.59983,28.30078],[85.6011,28.30021],[85.60118,28.29803],[85.60261,28.29377],[85.60483,28.29117],[85.60532,28.28947],[85.60472,28.2826],[85.60567,28.27694],[85.60785,28.27606],[85.60764,28.27373],[85.60547,28.26975],[85.60452,28.26508],[85.60237,28.26351],[85.6027,28.26141],[85.59921,28.25684],[85.59972,28.25655],[85.59983,28.25396],[85.6008,28.25367],[85.60107,28.25288],[85.60287,28.25272],[85.60393,28.25109],[85.60376,28.24971],[85.6046,28.24819],[85.60391,28.24454],[85.60435,28.24252],[85.60515,28.24174],[85.60529,28.23962],[85.60498,28.23759],[85.60408,28.2366],[85.60435,28.23341],[85.60532,28.23254],[85.60477,28.22927],[85.60542,28.22164],[85.60465,28.21357],[85.60546,28.20716],[85.60626,28.20508],[85.6084,28.20276],[85.61018,28.19502],[85.6099,28.19252],[85.61045,28.1911],[85.61015,28.18996],[85.609,28.18933],[85.60884,28.18678],[85.60766,28.18526],[85.60798,28.18362],[85.60594,28.18018],[85.60377,28.16895],[85.60504,28.16902]]]},"properties":{"date":"2024-01-13","year":2024,"res":0.5,"name":"Vivid"}},{"type":"Feature","geometry":{"type":"Polygon","coordinates":[[[85.44728,28.2567],[85.4475,28.25778],[85.44695,28.25847],[85.44765,28.26028],[85.44638,28.26346],[85.44811,28.26911],[85.44429,28.27466],[85.44399,28.28098],[85.44304,28.28429],[85.4438,28.28848],[85.44521,28.28943],[85.44561,28.2934],[85.44729,28.29387],[85.44869,28.29528],[85.44869,28.29857],[85.45068,28.30078],[85.44958,28.30154],[85.44754,28.30133],[85.44582,28.30194],[85.44275,28.30438],[85.3422,28.30438],[85.34179,28.30078],[85.34108,28.30252],[85.33807,28.30371],[85.33597,28.30332],[85.33485,28.30221],[85.32984,28.30286],[85.32534,28.30267],[85.3221,28.30147],[85.32176,28.30078],[85.32168,28.30136],[85.32001,28.30192],[85.31409,28.30078],[85.30938,28.30078],[85.30864,28.3015],[85.30538,28.30133],[85.3044,28.30222],[85.30175,28.30101],[85.30238,28.29764],[85.30175,28.29325],[85.30334,28.28973],[85.30652,28.28664],[85.30777,28.28301],[85.30892,28.2823],[85.30918,28.28109],[85.3083,28.27372],[85.30911,28.26932],[85.30795,28.26539],[85.30757,28.2609],[85.30336,28.25939],[85.30321,28.25864],[85.29991,28.25684],[85.30302,28.25192],[85.30492,28.2411],[85.30441,28.23861],[85.30295,28.23621],[85.30236,28.23175],[85.30141,28.22954],[85.30217,28.22748],[85.30237,28.21258],[85.30582,28.21015],[85.30675,28.20752],[85.30887,28.20647],[85.31116,28.20328],[85.31245,28.20252],[85.31415,28.19925],[85.31398,28.1969],[85.31557,28.19524],[85.31901,28.19376],[85.32372,28.19304],[85.32768,28.19105],[85.32923,28.18987],[85.32956,28.18877],[85.33154,28.18808],[85.33378,28.1857],[85.33701,28.18436],[85.3378,28.18297],[85.34083,28.18189],[85.34179,28.18072],[85.34522,28.18574],[85.34724,28.19063],[85.34853,28.19149],[85.34977,28.19359],[85.35148,28.19427],[85.35352,28.19332],[85.35798,28.19298],[85.36417,28.19029],[85.37005,28.18934],[85.37348,28.18956],[85.37593,28.1883],[85.38002,28.18794],[85.38494,28.1859],[85.38711,28.18589],[85.3879,28.18646],[85.38849,28.18589],[85.38916,28.18669],[85.38986,28.1859],[85.39302,28.18657],[85.41072,28.18752],[85.42129,28.18584],[85.42968,28.18248],[85.43073,28.18421],[85.43096,28.18637],[85.43205,28.18706],[85.43216,28.1889],[85.43665,28.19034],[85.43705,28.19316],[85.439,28.19456],[85.43927,28.19679],[85.44083,28.1988],[85.44223,28.19933],[85.44399,28.20235],[85.4457,28.20336],[85.44611,28.20482],[85.44691,28.20523],[85.4472,28.20784],[85.44851,28.2103],[85.44897,28.2129],[85.44732,28.21567],[85.4473,28.21978],[85.44671,28.22035],[85.44731,28.22506],[85.44662,28.22632],[85.44671,28.23091],[85.44737,28.23181],[85.44692,28.23377],[85.44749,28.23477],[85.44622,28.23676],[85.44657,28.23943],[85.44589,28.24076],[85.44545,28.24577],[85.44564,28.24843],[85.44627,28.24931],[85.44633,28.25329],[85.44705,28.25381],[85.44605,28.25624],[85.44728,28.2567]]]},"properties":{"date":"2024-04-19","year":2024,"res":0.31,"name":"Vivid"}},{"type":"Feature","geometry":{"type":"Polygon","coordinates":[[[85.50433,27.97966],[85.50477,27.98015],[85.50392,27.98219],[85.50471,27.98509],[85.50098,27.98567],[85.50064,27.98659],[85.49835,27.98714],[85.49743,27.98869],[85.49264,27.98649],[85.48971,27.98339],[85.48634,27.98286],[85.48544,27.98069],[85.48315,27.97865],[85.48225,27.97589],[85.48362,27.97446],[85.48328,27.9726],[85.48433,27.97119],[85.48431,27.97004],[85.48742,27.96881],[85.48673,27.96557],[85.48775,27.96273],[85.4887,27.96232],[85.49112,27.96304],[85.4932,27.96194],[85.49559,27.95955],[85.49659,27.96264],[85.49497,27.96599],[85.49497,27.96987],[85.49656,27.97161],[85.49637,27.97292],[85.49752,27.97304],[85.49754,27.97451],[85.49868,27.97527],[85.49907,27.97701],[85.5012,27.97685],[85.50208,27.97784],[85.50291,27.97775],[85.50433,27.97966]]]},"properties":{"date":"2025-02-12","year":2025,"res":0.31,"name":"Vivid"}},{"type":"Feature","geometry":{"type":"Polygon","coordinates":[[[85.49755,27.98868],[85.49758,27.98867],[85.49761,27.98867],[85.49755,27.98868]]]},"properties":{"date":"2025-02-12","year":2025,"res":0.31,"name":"Vivid"}},{"type":"Feature","geometry":{"type":"Polygon","coordinates":[[[85.49774,27.98871],[85.49761,27.98867],[85.49771,27.98867],[85.49774,27.98871]]]},"properties":{"date":"2025-02-12","year":2025,"res":0.31,"name":"Vivid"}},{"type":"Feature","geometry":{"type":"Polygon","coordinates":[[[85.49775,27.98873],[85.49775,27.98871],[85.49776,27.98871],[85.49775,27.98873]]]},"properties":{"date":"2025-02-12","year":2025,"res":0.31,"name":"Vivid"}},{"type":"Feature","geometry":{"type":"Polygon","coordinates":[[[85.47366,28.02276],[85.4728,28.02158],[85.4713,28.02096],[85.46999,28.01901],[85.46735,28.01747],[85.46081,28.01613],[85.45483,28.01719],[85.4522,28.01867],[85.44779,28.0184],[85.44647,28.0192],[85.44184,28.0194],[85.44093,28.02261],[85.4355,28.02388],[85.43243,28.02535],[85.43013,28.02514],[85.42968,28.02586],[85.42902,28.02452],[85.42627,28.0243],[85.42554,28.02323],[85.42351,28.02222],[85.4186,28.02203],[85.4167,28.02344],[85.41447,28.02401],[85.41346,28.02546],[85.41184,28.02578],[85.4099,28.02538],[85.40901,28.02371],[85.40562,28.02313],[85.39743,28.02548],[85.39698,28.02471],[85.39527,28.02465],[85.39559,28.0237],[85.39327,28.02331],[85.39297,28.02509],[85.38949,28.02511],[85.38918,28.02696],[85.38675,28.02709],[85.38574,28.02869],[85.38569,28.02708],[85.38272,28.02462],[85.38189,28.02449],[85.38162,28.02569],[85.37888,28.02568],[85.3743,28.02364],[85.37121,28.02502],[85.36967,28.02416],[85.37112,28.02418],[85.37162,28.02283],[85.37353,28.02265],[85.37578,28.02408],[85.37715,28.02379],[85.3773,28.02476],[85.37881,28.02505],[85.38171,28.02398],[85.38379,28.02421],[85.38479,28.02332],[85.38541,28.02508],[85.38696,28.02491],[85.38763,28.0234],[85.38831,28.02319],[85.38873,28.01949],[85.39091,28.01763],[85.39028,28.01461],[85.39168,28.01267],[85.39164,28.01162],[85.39567,28.01006],[85.39722,28.00877],[85.39727,28.00784],[85.39876,28.00777],[85.40014,28.00643],[85.40329,28.00774],[85.40324,28.01017],[85.40417,28.01063],[85.405,28.01244],[85.40476,28.01507],[85.40534,28.01513],[85.40552,28.01647],[85.40716,28.0175],[85.41426,28.01723],[85.41552,28.01836],[85.42191,28.01657],[85.42564,28.01709],[85.42675,28.01801],[85.42969,28.01788],[85.43003,28.01081],[85.43101,28.01026],[85.43086,28.0095],[85.43187,28.00942],[85.43359,28.00754],[85.43646,28.00647],[85.44339,28.00841],[85.44748,28.008],[85.45506,28.00953],[85.45748,28.01093],[85.45936,28.01353],[85.46148,28.0133],[85.46743,28.01581],[85.47087,28.01564],[85.47363,28.01691],[85.47483,28.01328],[85.47968,28.00809],[85.48055,28.00444],[85.48186,28.00245],[85.48674,27.99932],[85.48745,27.99677],[85.48865,27.9957],[85.49105,27.99455],[85.49497,27.99478],[85.49614,27.99383],[85.49673,27.99477],[85.49763,28.00406],[85.49682,28.00417],[85.49688,28.0068],[85.49585,28.00798],[85.49665,28.00955],[85.49614,28.01095],[85.49999,28.01324],[85.49974,28.01649],[85.502,28.01684],[85.50365,28.01873],[85.50718,28.01946],[85.50303,28.01949],[85.4986,28.02049],[85.49774,28.01885],[85.49815,28.0158],[85.49712,28.01325],[85.49552,28.01224],[85.49531,28.01131],[85.49104,28.01034],[85.48234,28.01247],[85.47968,28.01513],[85.47968,28.01587],[85.47625,28.01728],[85.47467,28.0186],[85.47454,28.02088],[85.47366,28.02276]]]},"properties":{"date":"2025-02-12","year":2025,"res":0.31,"name":"Vivid"}},{"type":"Feature","geometry":{"type":"Polygon","coordinates":[[[85.49655,27.96292],[85.49799,27.96428],[85.49948,27.96774],[85.50279,27.96971],[85.50237,27.97282],[85.50435,27.97602],[85.5045,27.97966],[85.50291,27.97775],[85.50208,27.97784],[85.5012,27.97685],[85.49907,27.97701],[85.49868,27.97527],[85.49754,27.97451],[85.49752,27.97304],[85.49637,27.97292],[85.49656,27.97161],[85.49495,27.96982],[85.49483,27.96729],[85.49514,27.96534],[85.49655,27.96292]]]},"properties":{"date":"2025-10-20","year":2025,"res":0.34,"name":"Vivid"}},{"type":"Feature","geometry":{"type":"Polygon","coordinates":[[[85.50727,28.01931],[85.50365,28.01873],[85.502,28.01684],[85.49974,28.01649],[85.49999,28.01324],[85.49614,28.01095],[85.49665,28.00955],[85.49585,28.00798],[85.49688,28.0068],[85.49687,28.00411],[85.49763,28.00406],[85.49754,28.00586],[85.49913,28.00721],[85.5023,28.00755],[85.5034,28.00685],[85.50456,28.00697],[85.50764,28.00759],[85.50994,28.00916],[85.51158,28.0094],[85.5141,28.01186],[85.51632,28.01284],[85.51758,28.0154],[85.52079,28.01454],[85.52276,28.01454],[85.52321,28.01515],[85.52621,28.01396],[85.52899,28.01467],[85.53321,28.01452],[85.53508,28.0136],[85.53906,28.0148],[85.5452,28.01534],[85.54824,28.01471],[85.54917,28.01392],[85.55213,28.01413],[85.55358,28.01358],[85.55542,28.01402],[85.55696,28.01528],[85.55879,28.01456],[85.56152,28.01535],[85.56841,28.01536],[85.56881,28.01648],[85.56679,28.01861],[85.56664,28.01996],[85.56582,28.01973],[85.56152,28.0223],[85.56088,28.0215],[85.55865,28.02148],[85.55458,28.02259],[85.55154,28.02219],[85.5506,28.02138],[85.54878,28.02195],[85.54624,28.02119],[85.54507,28.02147],[85.54115,28.01933],[85.53745,28.01956],[85.5351,28.01802],[85.53148,28.01739],[85.52918,28.01784],[85.52542,28.02007],[85.52291,28.01989],[85.52061,28.02088],[85.51758,28.02085],[85.51617,28.01898],[85.51344,28.01852],[85.51215,28.01897],[85.50932,28.01862],[85.50727,28.01931]]]},"properties":{"date":"2025-10-20","year":2025,"res":0.34,"name":"Vivid"}},{"type":"Feature","geometry":{"type":"Polygon","coordinates":[]},"properties":{"date":"2025-10-20","year":2025,"res":0.34,"name":"Vivid"}},{"type":"Feature","geometry":{"type":"Polygon","coordinates":[[[85.56672,28.02003],[85.56673,28.02004],[85.56672,28.02004],[85.56672,28.02003]]]},"properties":{"date":"2025-10-20","year":2025,"res":0.34,"name":"Vivid"}},{"type":"Feature","geometry":{"type":"Polygon","coordinates":[[[85.56674,28.02004],[85.56674,28.02004],[85.56673,28.02004],[85.56674,28.02004]]]},"properties":{"date":"2025-10-20","year":2025,"res":0.34,"name":"Vivid"}},{"type":"Feature","geometry":{"type":"Polygon","coordinates":[]},"properties":{"date":"2025-10-20","year":2025,"res":0.34,"name":"Vivid"}},{"type":"Feature","geometry":{"type":"Polygon","coordinates":[[[85.56674,28.02007],[85.56675,28.02005],[85.56675,28.02007],[85.56674,28.02007]]]},"properties":{"date":"2025-10-20","year":2025,"res":0.34,"name":"Vivid"}},{"type":"Feature","geometry":{"type":"Polygon","coordinates":[]},"properties":{"date":"2025-10-20","year":2025,"res":0.34,"name":"Vivid"}},{"type":"Feature","geometry":{"type":"Polygon","coordinates":[[[85.56677,28.02007],[85.56676,28.02007],[85.56677,28.02007]]]},"properties":{"date":"2025-10-20","year":2025,"res":0.34,"name":"Vivid"}},{"type":"Feature","geometry":{"type":"Polygon","coordinates":[[[85.56677,28.02009],[85.56678,28.02011],[85.56677,28.02011],[85.56677,28.02009]]]},"properties":{"date":"2025-10-20","year":2025,"res":0.34,"name":"Vivid"}},{"type":"Feature","geometry":{"type":"Polygon","coordinates":[[[85.56679,28.02011],[85.56678,28.02011],[85.56679,28.02011]]]},"properties":{"date":"2025-10-20","year":2025,"res":0.34,"name":"Vivid"}},{"type":"Feature","geometry":{"type":"Polygon","coordinates":[[[85.56679,28.02011],[85.56679,28.02011],[85.56679,28.02011]]]},"properties":{"date":"2025-10-20","year":2025,"res":0.34,"name":"Vivid"}},{"type":"Feature","geometry":{"type":"Polygon","coordinates":[[[85.55891,27.68366],[85.6707,27.68353],[85.67156,27.68497],[85.67308,27.68555],[85.67222,27.68617],[85.67172,27.68858],[85.67248,27.69349],[85.67055,27.69717],[85.66949,27.70127],[85.67119,27.70497],[85.66923,27.71012],[85.66941,27.71882],[85.67079,27.72231],[85.67063,27.72333],[85.67174,27.72414],[85.67168,27.7286],[85.67234,27.7295],[85.66962,27.73251],[85.66824,27.73773],[85.66725,27.7385],[85.66571,27.74192],[85.66512,27.74708],[85.66559,27.75146],[85.66769,27.75578],[85.66824,27.75836],[85.66794,27.76122],[85.67203,27.76929],[85.67314,27.77343],[85.6723,27.77539],[85.67298,27.77903],[85.67209,27.78365],[85.67225,27.79148],[85.67088,27.79679],[85.67278,27.80847],[85.67301,27.81408],[85.67252,27.81497],[85.67383,27.81738],[85.6725,27.819],[85.67222,27.82331],[85.67323,27.82618],[85.67353,27.83086],[85.67267,27.8349],[85.67311,27.8362],[85.67026,27.84399],[85.67708,27.85619],[85.67841,27.86132],[85.67666,27.86659],[85.67659,27.87131],[85.67566,27.87294],[85.67554,27.87609],[85.67454,27.87789],[85.67512,27.87956],[85.6737,27.8838],[85.67585,27.8884],[85.67641,27.89588],[85.67789,27.89931],[85.67792,27.9048],[85.67854,27.90527],[85.67784,27.90569],[85.67704,27.90888],[85.67724,27.91384],[85.67598,27.91822],[85.67629,27.92566],[85.6746,27.92817],[85.67334,27.93582],[85.67393,27.93751],[85.67569,27.9392],[85.67605,27.94189],[85.67732,27.94396],[85.67902,27.94922],[85.67788,27.9512],[85.67624,27.95163],[85.6756,27.95365],[85.67642,27.95492],[85.6763,27.95838],[85.67377,27.96272],[85.67527,27.96469],[85.67497,27.96554],[85.67595,27.96665],[85.67538,27.96902],[85.67683,27.9705],[85.67711,27.97184],[85.67685,27.97353],[85.67742,27.97549],[85.6766,27.97883],[85.67708,27.9832],[85.67815,27.98572],[85.67771,27.98989],[85.67887,27.99316],[85.67857,27.99473],[85.67779,27.99543],[85.67784,27.9973],[85.67638,27.99963],[85.67547,28.00532],[85.6754,28.01186],[85.67588,28.01539],[85.67694,28.01686],[85.677,28.02056],[85.67823,28.0252],[85.67801,28.02693],[85.6789,28.02971],[85.68028,28.03134],[85.68208,28.03731],[85.67403,28.0389],[85.6728,28.03866],[85.67119,28.03716],[85.66032,28.03719],[85.65628,28.03986],[85.64941,28.04168],[85.64648,28.04129],[85.64438,28.04023],[85.64278,28.04045],[85.64234,28.04114],[85.63967,28.04065],[85.63738,28.0411],[85.63568,28.04039],[85.63244,28.04091],[85.6295,28.03972],[85.6283,28.04],[85.62158,28.03846],[85.61547,28.0396],[85.61408,28.03922],[85.61207,28.04043],[85.61008,28.04065],[85.6072,28.03982],[85.60545,28.04064],[85.60369,28.03987],[85.59781,28.03969],[85.59543,28.03823],[85.591,28.0392],[85.58858,28.0385],[85.58207,28.03879],[85.57961,28.03792],[85.57748,28.03832],[85.57251,28.03721],[85.56822,28.03761],[85.56673,28.03711],[85.56753,28.03456],[85.56735,28.03258],[85.56957,28.0276],[85.5688,28.02263],[85.56664,28.01996],[85.56679,28.01861],[85.56823,28.0176],[85.56869,28.0159],[85.56841,28.01536],[85.56679,28.01533],[85.56759,28.01458],[85.56831,28.01147],[85.56818,28.00568],[85.56916,28.00502],[85.56993,28.00078],[85.57111,28.0001],[85.57113,27.99907],[85.56976,27.99809],[85.56793,27.99458],[85.56478,27.9932],[85.56562,27.98811],[85.56487,27.98489],[85.56445,27.98401],[85.56152,27.98253],[85.56174,27.97946],[85.56413,27.97612],[85.56249,27.97417],[85.56152,27.97086],[85.56152,27.96877],[85.56433,27.95892],[85.56362,27.95611],[85.56408,27.95208],[85.56148,27.94917],[85.559,27.94922],[85.56118,27.94374],[85.55652,27.9322],[85.55729,27.92827],[85.5583,27.92714],[85.55729,27.92485],[85.55753,27.92213],[85.55845,27.92054],[85.56119,27.91839],[85.56126,27.91644],[85.56063,27.91451],[85.56068,27.90861],[85.55827,27.90803],[85.55771,27.90528],[85.55867,27.90395],[85.55841,27.90149],[85.55898,27.90052],[85.55835,27.89728],[85.55919,27.8955],[85.55901,27.8925],[85.56,27.89116],[85.56043,27.88808],[85.55819,27.87637],[85.55865,27.87267],[85.55802,27.87044],[85.55911,27.86368],[85.55876,27.86222],[85.5573,27.86133],[85.55767,27.86012],[85.55721,27.8588],[85.55884,27.85355],[85.55875,27.85146],[85.56001,27.84866],[85.55999,27.84645],[85.56064,27.84525],[85.5602,27.84272],[85.56149,27.83915],[85.56073,27.8356],[85.56138,27.83288],[85.55919,27.82585],[85.55943,27.82253],[85.55816,27.82054],[85.5573,27.81738],[85.56131,27.80415],[85.56043,27.801],[85.56089,27.79623],[85.55999,27.79241],[85.55888,27.79078],[85.55836,27.78788],[85.55654,27.78381],[85.55701,27.78253],[85.55635,27.78107],[85.55654,27.77429],[85.55587,27.77343],[85.55654,27.77206],[85.5584,27.77132],[85.55865,27.76525],[85.55711,27.76212],[85.55713,27.76095],[85.55979,27.756],[85.56011,27.75182],[85.5592,27.74771],[85.55975,27.74592],[85.55883,27.74012],[85.55928,27.73913],[85.55707,27.73493],[85.55766,27.73164],[85.55708,27.7295],[85.55804,27.72516],[85.55875,27.7249],[85.55997,27.72177],[85.56061,27.71271],[85.55835,27.70615],[85.55804,27.70355],[85.559,27.69959],[85.56022,27.69735],[85.56013,27.69353],[85.5582,27.68555],[85.55891,27.68366]]]},"properties":{"date":"2026-01-21","year":2026,"res":0.34,"name":"Vivid"}},{"type":"Feature","geometry":{"type":"Polygon","coordinates":[[[85.42977,28.3164],[85.42756,28.32024],[85.42732,28.32248],[85.42886,28.32885],[85.42884,28.33367],[85.42955,28.33418],[85.42979,28.33693],[85.43052,28.3382],[85.43058,28.34395],[85.42961,28.34477],[85.4291,28.34776],[85.42846,28.34817],[85.42919,28.34995],[85.42787,28.35337],[85.42888,28.35705],[85.42818,28.35852],[85.42919,28.36168],[85.42862,28.36271],[85.42913,28.37049],[85.43098,28.37647],[85.43025,28.37929],[85.43151,28.38494],[85.43087,28.38741],[85.42968,28.38867],[85.39862,28.38867],[85.39735,28.36343],[85.39733,28.35259],[85.3985,28.34473],[85.3971,28.34216],[85.39657,28.33534],[85.39538,28.33346],[85.39405,28.32728],[85.39715,28.31977],[85.39822,28.31341],[85.4027,28.31259],[85.40457,28.31291],[85.40855,28.3116],[85.41136,28.31231],[85.41402,28.31205],[85.42639,28.31425],[85.42967,28.31589],[85.43029,28.31555],[85.42977,28.3164]]]},"properties":{"date":"2015-10-26","year":2015,"res":0.5,"name":"Vivid"}},{"type":"Feature","geometry":{"type":"Polygon","coordinates":[[[85.39847,28.34467],[85.39733,28.35259],[85.39735,28.36343],[85.39862,28.38867],[85.3926,28.38867],[85.39171,28.38735],[85.39128,28.38277],[85.39025,28.38013],[85.39005,28.37691],[85.38932,28.37583],[85.38896,28.37007],[85.38772,28.36776],[85.38684,28.36202],[85.38594,28.35989],[85.38649,28.35574],[85.38759,28.35433],[85.38789,28.35119],[85.38712,28.34921],[85.38756,28.34786],[85.39005,28.34657],[85.39065,28.34506],[85.39264,28.34473],[85.39076,28.34412],[85.38993,28.34264],[85.39002,28.34027],[85.3887,28.33797],[85.38791,28.33762],[85.38781,28.33549],[85.38704,28.33484],[85.38673,28.32841],[85.38598,28.32664],[85.38579,28.31887],[85.38631,28.31697],[85.38884,28.31528],[85.3977,28.31333],[85.3983,28.31432],[85.39712,28.31767],[85.39715,28.31977],[85.39405,28.32728],[85.39538,28.33346],[85.39657,28.33534],[85.3971,28.34216],[85.39847,28.34467]]]},"properties":{"date":"2018-09-18","year":2018,"res":0.5,"name":"Vivid"}},{"type":"Feature","geometry":{"type":"Polygon","coordinates":[[[85.07813,28.38867],[85.07813,28.34474],[85.08501,28.34537],[85.09049,28.34485],[85.09294,28.34927],[85.09375,28.34911],[85.09408,28.35151],[85.09548,28.35395],[85.09793,28.35536],[85.099,28.35717],[85.1004,28.3574],[85.10113,28.35845],[85.10559,28.35722],[85.10604,28.35551],[85.10875,28.35448],[85.11033,28.35248],[85.11365,28.353],[85.11406,28.35393],[85.11555,28.35374],[85.11583,28.35275],[85.11701,28.35232],[85.12027,28.35408],[85.12039,28.3733],[85.11983,28.37591],[85.11615,28.37914],[85.11515,28.37944],[85.11406,28.37884],[85.11245,28.37979],[85.10621,28.37877],[85.10534,28.37753],[85.10182,28.37896],[85.09997,28.37903],[85.09775,28.38168],[85.0906,28.38108],[85.08766,28.3844],[85.08583,28.38467],[85.08197,28.38771],[85.07813,28.38867]]]},"properties":{"date":"2018-10-21","year":2018,"res":0.5,"name":"Vivid"}},{"type":"Feature","geometry":{"type":"Polygon","coordinates":[[[85.14611,28.56446],[85.14338,28.563],[85.14207,28.55995],[85.14134,28.5597],[85.14104,28.55425],[85.14003,28.5535],[85.13964,28.55115],[85.13828,28.55104],[85.13703,28.54965],[85.1358,28.54976],[85.13387,28.5487],[85.13293,28.54586],[85.13205,28.54524],[85.12991,28.53792],[85.13098,28.53506],[85.13229,28.53386],[85.13196,28.53279],[85.13303,28.53151],[85.13263,28.5304],[85.1331,28.52948],[85.13446,28.52821],[85.13621,28.52829],[85.13825,28.52686],[85.13921,28.52686],[85.14023,28.52598],[85.14045,28.52479],[85.141,28.52516],[85.14245,28.5232],[85.14336,28.52289],[85.14348,28.52199],[85.14613,28.52051],[85.14539,28.51227],[85.14627,28.5118],[85.14637,28.50928],[85.14504,28.50622],[85.14319,28.50506],[85.14233,28.50562],[85.14145,28.50537],[85.14122,28.50386],[85.13992,28.50276],[85.14064,28.4997],[85.14341,28.49934],[85.1449,28.49703],[85.14548,28.49244],[85.14449,28.48708],[85.14461,28.48531],[85.14537,28.48532],[85.14552,28.48245],[85.14612,28.4821],[85.14559,28.47849],[85.14623,28.47656],[85.14512,28.47605],[85.14419,28.47094],[85.14283,28.46922],[85.1417,28.46899],[85.14201,28.4661],[85.14072,28.46338],[85.13947,28.4619],[85.1341,28.45889],[85.13364,28.45728],[85.13157,28.4554],[85.13054,28.45335],[85.12975,28.44963],[85.13047,28.44837],[85.13326,28.4469],[85.13412,28.44315],[85.13682,28.44154],[85.13891,28.44122],[85.13958,28.43958],[85.14168,28.43839],[85.14495,28.4331],[85.14591,28.43262],[85.14486,28.43228],[85.14465,28.43045],[85.14553,28.42927],[85.1455,28.42761],[85.14407,28.42728],[85.14383,28.4259],[85.1428,28.42528],[85.14261,28.42392],[85.14124,28.42214],[85.13812,28.42075],[85.13692,28.41899],[85.13658,28.41433],[85.13731,28.41343],[85.13643,28.41217],[85.13501,28.41158],[85.1351,28.41048],[85.13373,28.40893],[85.13429,28.40607],[85.13568,28.40365],[85.13674,28.40281],[85.13977,28.4031],[85.142,28.39937],[85.14201,28.39833],[85.14099,28.39761],[85.14121,28.39372],[85.14546,28.392],[85.14624,28.38906],[85.14691,28.38865],[85.1389,28.38665],[85.13598,28.38677],[85.1346,28.38612],[85.12929,28.38567],[85.12706,28.38476],[85.12344,28.37728],[85.12245,28.36897],[85.12314,28.3644],[85.12215,28.36342],[85.12229,28.36123],[85.12248,28.36012],[85.1235,28.35942],[85.12401,28.35389],[85.12707,28.35365],[85.12825,28.35278],[85.12699,28.35161],[85.12681,28.35048],[85.12462,28.34985],[85.12541,28.3485],[85.13079,28.34943],[85.1317,28.3475],[85.1385,28.34765],[85.13969,28.34526],[85.14074,28.34493],[85.14203,28.34602],[85.1465,28.34574],[85.14657,28.34473],[85.14539,28.34308],[85.14192,28.34164],[85.1413,28.34084],[85.13657,28.34051],[85.13547,28.33904],[85.13557,28.33744],[85.13366,28.33613],[85.13245,28.33624],[85.1318,28.33417],[85.12979,28.33258],[85.12967,28.33139],[85.12758,28.32825],[85.12758,28.32687],[85.12888,28.32608],[85.1302,28.32215],[85.13121,28.32155],[85.13143,28.31964],[85.13292,28.31825],[85.13374,28.31822],[85.13444,28.31698],[85.13578,28.31658],[85.13544,28.31602],[85.13607,28.31445],[85.13544,28.3131],[85.13757,28.31224],[85.13703,28.30864],[85.13779,28.30783],[85.13718,28.30653],[85.13905,28.30538],[85.13897,28.30438],[85.17825,28.30438],[85.17834,28.31216],[85.17965,28.31534],[85.17864,28.31723],[85.179,28.31942],[85.17794,28.32047],[85.17806,28.32451],[85.17702,28.32667],[85.18047,28.3328],[85.17958,28.33332],[85.1802,28.33426],[85.18013,28.33573],[85.17903,28.33728],[85.17966,28.34031],[85.17831,28.34061],[85.17793,28.34164],[85.17713,28.3418],[85.1769,28.34461],[85.17621,28.34473],[85.17692,28.34532],[85.17652,28.34939],[85.17773,28.35066],[85.17654,28.35431],[85.17751,28.36122],[85.17701,28.36421],[85.17781,28.36516],[85.17782,28.36871],[85.17673,28.36989],[85.17783,28.37447],[85.1772,28.37606],[85.1783,28.37935],[85.1782,28.38111],[85.17573,28.38483],[85.17614,28.38589],[85.1757,28.38867],[85.16601,28.38867],[85.16601,28.47656],[85.17484,28.47684],[85.17535,28.4789],[85.17699,28.48019],[85.17809,28.48296],[85.17925,28.49259],[85.17846,28.49624],[85.17712,28.49821],[85.17928,28.50163],[85.17995,28.50437],[85.17896,28.50959],[85.17755,28.5101],[85.17541,28.50951],[85.17497,28.51056],[85.17571,28.51378],[85.17509,28.51502],[85.17548,28.51709],[85.1739,28.5185],[85.17317,28.52051],[85.1734,28.52394],[85.17461,28.52433],[85.17379,28.52566],[85.17337,28.52879],[85.17387,28.53373],[85.17317,28.53596],[85.17375,28.53804],[85.17589,28.54119],[85.17671,28.54172],[85.17911,28.54137],[85.18003,28.5426],[85.17927,28.54445],[85.1794,28.54898],[85.17788,28.55031],[85.17855,28.55784],[85.18001,28.55971],[85.18139,28.56446],[85.18089,28.5638],[85.1787,28.5633],[85.17395,28.56382],[85.17159,28.56284],[85.16876,28.56424],[85.16598,28.56445],[85.16191,28.56673],[85.15573,28.56699],[85.15428,28.5676],[85.15293,28.5667],[85.15197,28.56706],[85.15033,28.56591],[85.14917,28.56638],[85.14814,28.56559],[85.1461,28.56544],[85.14611,28.56446]]]},"properties":{"date":"2018-10-21","year":2018,"res":0.5,"name":"Vivid"}},{"type":"Feature","geometry":{"type":"Polygon","coordinates":[[[85.14576,28.60834],[85.14508,28.60904],[85.14522,28.61077],[85.14357,28.61706],[85.14409,28.6182],[85.14351,28.62174],[85.14401,28.62361],[85.14504,28.62446],[85.14527,28.62625],[85.14538,28.63469],[85.14606,28.63767],[85.14416,28.64025],[85.14498,28.64109],[85.14523,28.64536],[85.14597,28.64574],[85.14613,28.6524],[85.1441,28.65151],[85.13731,28.65135],[85.13543,28.65062],[85.13293,28.65079],[85.13149,28.65215],[85.12736,28.65368],[85.12469,28.65333],[85.12302,28.65224],[85.12118,28.65256],[85.12066,28.65329],[85.11817,28.65299],[85.11465,28.65392],[85.11333,28.6522],[85.11169,28.65148],[85.10931,28.65147],[85.1077,28.65231],[85.10475,28.65125],[85.10011,28.65082],[85.09721,28.65226],[85.09579,28.65148],[85.08973,28.65169],[85.0868,28.65261],[85.08446,28.65211],[85.0832,28.65265],[85.07827,28.65265],[85.07813,28.38867],[85.08197,28.38771],[85.08583,28.38467],[85.08766,28.3844],[85.0906,28.38108],[85.09775,28.38168],[85.09997,28.37903],[85.10182,28.37896],[85.10534,28.37753],[85.10621,28.37877],[85.11245,28.37979],[85.11406,28.37884],[85.11515,28.37944],[85.11615,28.37914],[85.11983,28.37591],[85.12048,28.37094],[85.12048,28.35571],[85.11985,28.35373],[85.11701,28.35232],[85.11583,28.35275],[85.11555,28.35374],[85.11406,28.35393],[85.11365,28.353],[85.11033,28.35248],[85.10875,28.35448],[85.10604,28.35551],[85.10559,28.35722],[85.10113,28.35845],[85.1004,28.3574],[85.099,28.35717],[85.09793,28.35536],[85.09548,28.35395],[85.09408,28.35151],[85.09375,28.34911],[85.09294,28.34927],[85.09049,28.34485],[85.08501,28.34537],[85.07813,28.34475],[85.07813,28.34374],[85.08358,28.34373],[85.08774,28.34183],[85.08911,28.33902],[85.09546,28.33752],[85.09636,28.3351],[85.09613,28.33379],[85.09725,28.33324],[85.09654,28.33251],[85.09705,28.33023],[85.096,28.32778],[85.09543,28.32007],[85.09184,28.31704],[85.09102,28.31492],[85.08912,28.31354],[85.08803,28.30985],[85.08538,28.30884],[85.08381,28.3057],[85.08203,28.30438],[85.13785,28.30438],[85.1384,28.30483],[85.13897,28.30438],[85.13905,28.30538],[85.13718,28.30653],[85.13779,28.30783],[85.13703,28.30864],[85.13757,28.31224],[85.13544,28.3131],[85.13607,28.31445],[85.13544,28.31602],[85.13578,28.31658],[85.13444,28.31698],[85.13374,28.31822],[85.13292,28.31825],[85.13143,28.31964],[85.13121,28.32155],[85.1302,28.32215],[85.12888,28.32608],[85.12758,28.32687],[85.12758,28.32825],[85.12967,28.33139],[85.12979,28.33258],[85.1318,28.33417],[85.13245,28.33624],[85.13366,28.33613],[85.13557,28.33744],[85.13547,28.33904],[85.13657,28.34051],[85.1413,28.34084],[85.14192,28.34164],[85.14539,28.34308],[85.14657,28.34473],[85.1465,28.34574],[85.14203,28.34602],[85.14074,28.34493],[85.13969,28.34526],[85.1385,28.34765],[85.1317,28.3475],[85.13079,28.34943],[85.12541,28.3485],[85.12462,28.34985],[85.12681,28.35048],[85.12699,28.35161],[85.12825,28.35278],[85.12707,28.35365],[85.12401,28.35389],[85.1235,28.35942],[85.12248,28.36012],[85.12215,28.36342],[85.12314,28.3644],[85.12245,28.36897],[85.12344,28.37728],[85.12726,28.38498],[85.13598,28.38677],[85.1389,28.38665],[85.14691,28.38865],[85.14624,28.38906],[85.14546,28.392],[85.14121,28.39372],[85.14099,28.39761],[85.14201,28.39833],[85.142,28.39937],[85.13977,28.4031],[85.13674,28.40281],[85.13568,28.40365],[85.13429,28.40607],[85.13373,28.40893],[85.1351,28.41048],[85.13501,28.41158],[85.13643,28.41217],[85.13731,28.41343],[85.13658,28.41433],[85.13692,28.41899],[85.13812,28.42075],[85.14124,28.42214],[85.14261,28.42392],[85.1428,28.42528],[85.14383,28.4259],[85.14407,28.42728],[85.1455,28.42761],[85.14553,28.42927],[85.14465,28.43045],[85.14486,28.43228],[85.14591,28.43262],[85.14495,28.4331],[85.14168,28.43839],[85.13958,28.43958],[85.13891,28.44122],[85.13682,28.44154],[85.13412,28.44315],[85.13326,28.4469],[85.13047,28.44837],[85.12975,28.44963],[85.13054,28.45335],[85.13157,28.4554],[85.13364,28.45728],[85.1341,28.45889],[85.13947,28.4619],[85.14072,28.46338],[85.14201,28.4661],[85.1417,28.46899],[85.14283,28.46922],[85.14419,28.47094],[85.14512,28.47605],[85.14623,28.47656],[85.14559,28.47849],[85.14612,28.4821],[85.14552,28.48245],[85.14537,28.48532],[85.14461,28.48531],[85.14449,28.48708],[85.14548,28.49244],[85.1449,28.49703],[85.14341,28.49934],[85.14064,28.4997],[85.13992,28.50276],[85.14122,28.50386],[85.14145,28.50537],[85.14233,28.50562],[85.14319,28.50506],[85.14504,28.50622],[85.14637,28.50928],[85.14627,28.5118],[85.14539,28.51227],[85.14613,28.52051],[85.14348,28.52199],[85.14336,28.52289],[85.14245,28.5232],[85.141,28.52516],[85.14045,28.52479],[85.14023,28.52598],[85.13921,28.52686],[85.13825,28.52686],[85.13621,28.52829],[85.13446,28.52821],[85.1331,28.52948],[85.13263,28.5304],[85.13303,28.53151],[85.13196,28.53279],[85.13229,28.53386],[85.13098,28.53506],[85.12991,28.53792],[85.13205,28.54524],[85.13293,28.54586],[85.13387,28.5487],[85.1358,28.54976],[85.13703,28.54965],[85.13828,28.55104],[85.13964,28.55115],[85.14003,28.5535],[85.14104,28.55425],[85.14134,28.5597],[85.14207,28.55995],[85.14338,28.563],[85.14584,28.5642],[85.14517,28.56783],[85.14221,28.57016],[85.14195,28.57129],[85.14044,28.57284],[85.14044,28.57512],[85.14125,28.57666],[85.14115,28.58139],[85.14197,28.58372],[85.14204,28.59047],[85.13934,28.59172],[85.13861,28.59565],[85.13999,28.59791],[85.14046,28.60079],[85.14251,28.60183],[85.14153,28.60332],[85.14195,28.60477],[85.14105,28.60571],[85.14132,28.60661],[85.14267,28.60786],[85.14576,28.60834]]]},"properties":{"date":"2021-02-25","year":2021,"res":0.5,"name":"Vivid"}},{"type":"Feature","geometry":{"type":"Polygon","coordinates":[[[85.44262,28.30441],[85.46395,28.30439],[85.46532,28.30673],[85.46492,28.31311],[85.46811,28.31663],[85.4688,28.31894],[85.47075,28.31999],[85.46854,28.32207],[85.46793,28.32528],[85.46593,28.32861],[85.46344,28.33027],[85.46098,28.33412],[85.4591,28.33447],[85.45698,28.33582],[85.45587,28.33828],[85.45598,28.34187],[85.45505,28.34474],[85.45626,28.34718],[85.4557,28.35855],[85.45637,28.36053],[85.45605,28.3621],[85.4567,28.36587],[85.45592,28.37089],[85.45859,28.37563],[85.45839,28.37778],[85.45745,28.37895],[85.45803,28.38228],[85.45662,28.38867],[85.42968,28.38867],[85.43087,28.38741],[85.43151,28.38494],[85.43025,28.37933],[85.43085,28.37803],[85.43085,28.37522],[85.42988,28.37406],[85.42913,28.37049],[85.42862,28.36271],[85.42919,28.36168],[85.42818,28.35852],[85.42888,28.35705],[85.42787,28.35337],[85.42919,28.34995],[85.42846,28.34817],[85.4291,28.34776],[85.42961,28.34477],[85.43058,28.34395],[85.43064,28.34155],[85.42997,28.33552],[85.42884,28.33367],[85.42886,28.32885],[85.42825,28.32564],[85.42739,28.32434],[85.42737,28.32128],[85.43106,28.31451],[85.43465,28.31238],[85.43495,28.31142],[85.43713,28.30994],[85.43921,28.30637],[85.44262,28.30441]]]},"properties":{"date":"2021-10-22","year":2021,"res":0.5,"name":"Vivid"}},{"type":"Feature","geometry":{"type":"Polygon","coordinates":[[[85.46395,28.30439],[85.60389,28.30438],[85.60428,28.31958],[85.60384,28.32208],[85.60535,28.32732],[85.60477,28.33074],[85.60519,28.33178],[85.60425,28.33277],[85.60321,28.33627],[85.60376,28.33908],[85.60321,28.3399],[85.60537,28.34196],[85.60536,28.34376],[85.60436,28.34473],[85.60547,28.35125],[85.60474,28.3523],[85.60273,28.3531],[85.60247,28.35478],[85.60547,28.3592],[85.60516,28.36259],[85.60335,28.36694],[85.60381,28.37042],[85.60251,28.37363],[85.60275,28.37629],[85.60448,28.37755],[85.60437,28.3787],[85.605,28.3795],[85.60364,28.3811],[85.60521,28.38624],[85.60481,28.38781],[85.60376,28.38867],[85.45662,28.38867],[85.45803,28.38228],[85.45745,28.37895],[85.45839,28.37778],[85.45859,28.37563],[85.45592,28.37089],[85.4567,28.36587],[85.45605,28.3621],[85.45637,28.36053],[85.4557,28.35855],[85.45626,28.34718],[85.45505,28.34474],[85.45598,28.34187],[85.45587,28.33828],[85.45698,28.33582],[85.4591,28.33447],[85.46098,28.33412],[85.46344,28.33027],[85.46593,28.32861],[85.46793,28.32528],[85.46854,28.32207],[85.47075,28.31999],[85.4688,28.31894],[85.46811,28.31663],[85.46492,28.31311],[85.46532,28.30673],[85.46395,28.30439]]]},"properties":{"date":"2023-10-25","year":2023,"res":0.46,"name":"Vivid"}},{"type":"Feature","geometry":{"type":"Polygon","coordinates":[[[85.42977,28.31587],[85.42824,28.31485],[85.42302,28.31342],[85.40855,28.3116],[85.40457,28.31291],[85.399,28.31296],[85.38884,28.31528],[85.38631,28.31697],[85.38579,28.31887],[85.38657,28.31544],[85.38576,28.31037],[85.38445,28.31156],[85.38164,28.31243],[85.37544,28.31302],[85.37245,28.3127],[85.37069,28.31378],[85.36378,28.31398],[85.35529,28.30886],[85.34929,28.30912],[85.34639,28.30779],[85.34221,28.30725],[85.3418,28.30639],[85.3422,28.30438],[85.44275,28.30438],[85.43921,28.30637],[85.43713,28.30994],[85.42977,28.31587]]]},"properties":{"date":"2024-04-19","year":2024,"res":0.31,"name":"Vivid"}},{"type":"Feature","geometry":{"type":"Polygon","coordinates":[[[85.38579,28.31901],[85.38579,28.31901],[85.38579,28.31901]]]},"properties":{"date":"2024-04-19","year":2024,"res":0.31,"name":"Vivid"}},{"type":"Feature","geometry":{"type":"Polygon","coordinates":[[[85.3858,28.31901],[85.38579,28.31901],[85.3858,28.31901]]]},"properties":{"date":"2024-04-19","year":2024,"res":0.31,"name":"Vivid"}},{"type":"Feature","geometry":{"type":"Polygon","coordinates":[[[85.38583,28.31917],[85.38579,28.31914],[85.3858,28.31904],[85.38583,28.31917]]]},"properties":{"date":"2024-04-19","year":2024,"res":0.31,"name":"Vivid"}},{"type":"Feature","geometry":{"type":"Polygon","coordinates":[[[85.38586,28.31937],[85.38583,28.3194],[85.38583,28.31932],[85.38586,28.31937]]]},"properties":{"date":"2024-04-19","year":2024,"res":0.31,"name":"Vivid"}},{"type":"Feature","geometry":{"type":"Polygon","coordinates":[[[85.38585,28.31961],[85.38583,28.31963],[85.38585,28.31953],[85.38585,28.31961]]]},"properties":{"date":"2024-04-19","year":2024,"res":0.31,"name":"Vivid"}},{"type":"Feature","geometry":{"type":"Polygon","coordinates":[[[85.38582,28.31968],[85.3858,28.31992],[85.38578,28.31984],[85.38582,28.31968]]]},"properties":{"date":"2024-04-19","year":2024,"res":0.31,"name":"Vivid"}},{"type":"Feature","geometry":{"type":"Polygon","coordinates":[[[85.3858,28.32001],[85.38582,28.32],[85.38583,28.32001],[85.3858,28.32001]]]},"properties":{"date":"2024-04-19","year":2024,"res":0.31,"name":"Vivid"}},{"type":"Feature","geometry":{"type":"Polygon","coordinates":[[[85.38589,28.32013],[85.38586,28.32018],[85.38585,28.32008],[85.38589,28.32013]]]},"properties":{"date":"2024-04-19","year":2024,"res":0.31,"name":"Vivid"}},{"type":"Feature","geometry":{"type":"Polygon","coordinates":[[[85.07813,28.0289],[85.07813,28.02893],[85.07813,28.0289]]]},"properties":{"date":"2023-05-11","year":2023,"res":0.46,"name":"Vivid"}}]}